idx,pattern,mean_loss,std_loss
0,stable,0.028533334,0.022019759
1,stable,0.051637944,0.07704748
2,stable,0.036899146,0.008344446
3,stable,0.036324866,0.0073004267
4,rising,0.05900531,0.103844814
5,rising,0.05028666,0.11741154
6,rising,0.037001863,0.04711922
7,rising,0.030351056,0.00922356
8,rising,0.031855445,0.009993404
9,rising,0.039394606,0.024075035
10,stable,0.025972903,0.0060214354
11,stable,0.02917957,0.007912647
12,stable,0.035633616,0.015884798
13,stable,0.023813741,0.011526488
14,stable,0.02847242,0.017384749
15,stable,0.026112009,0.0121473
16,stable,0.023720507,0.008576572
17,falling,0.03293265,0.039814115
18,falling,0.051059667,0.13501497
19,falling,0.027422328,0.01019094
20,falling,0.025546825,0.015216149
21,falling,0.027300876,0.012072877
22,stable,0.028625973,0.020427078
23,stable,0.03103165,0.08876891
24,stable,0.01580761,0.01400236
25,stable,0.02435986,0.03221929
26,stable,0.032516535,0.094421044
27,stable,0.018472817,0.029499052
28,rising,0.048353806,0.1651421
29,rising,0.018893689,0.023352982
30,rising,0.034488596,0.0880919
31,rising,0.02297557,0.012418435
32,rising,0.025841447,0.042730324
33,rising,0.022421325,0.028263265
34,stable,0.022951016,0.050167445
35,stable,0.019697519,0.0077248598
36,stable,0.027585475,0.014721083
37,stable,0.024635233,0.020001058
38,stable,0.024248684,0.013595496
39,stable,0.030171027,0.023078388
40,falling,0.037477355,0.08366216
41,falling,0.029087376,0.010148126
42,falling,0.035433955,0.013128649
43,falling,0.060093988,0.12981015
44,falling,0.040752765,0.018674318
45,falling,0.061306518,0.13586323
46,stable,0.039387118,0.018722527
47,stable,0.027114177,0.010814348
48,stable,0.03066817,0.037136234
49,stable,0.057616364,0.1615091
50,stable,0.0713841,0.1679034
51,stable,1.5472943,0.19626124
52,rising,2.2780347,0.14059876
53,rising,2.6436281,0.15803313
54,rising,2.722877,0.15953264
55,rising,2.8353682,0.1347244
56,rising,2.8233123,0.17049794
57,rising,2.9162927,0.2170759
58,rising,2.928039,0.22130966
59,stable,3.0152106,0.19263949
60,stable,3.0211217,0.21078691
61,stable,2.946369,0.20881829
62,stable,3.1312742,0.18994008
63,spike,0.38789448,0.41139632
64,spike,0.112597235,0.1991986
65,spike,0.10815574,0.26926264
66,spike,0.10066121,0.28460878
67,spike,0.09551883,0.2730143
68,spike,0.088707365,0.22598934
69,spike,0.053583767,0.062206782
70,spike,0.098908775,0.2503167
71,spike,0.06458697,0.06678933
72,spike,0.12988792,0.3180482
73,spike,0.09556753,0.09893741
74,falling,0.15337382,0.30380383
75,stable,0.13407855,0.17993492
76,stable,0.1465332,0.19444357
77,stable,0.11074208,0.14418566
78,stable,0.1357304,0.18409225
79,rising,0.14416577,0.16016911
80,stable,0.123131864,0.12552156
81,stable,0.09611825,0.07169598
82,stable,0.092840835,0.09300623
83,stable,0.10326639,0.10497491
84,stable,0.076425955,0.029512156
85,stable,0.077934764,0.023553863
86,stable,0.0846538,0.04121525
87,falling,0.081159614,0.048680313
88,falling,0.095934086,0.04895338
89,falling,0.1053448,0.08933774
90,falling,0.088757835,0.056241393
91,falling,0.08901697,0.14634661
92,stable,0.102291234,0.18053763
93,stable,0.064017184,0.04008708
94,stable,0.049955912,0.062478267
95,stable,0.06643482,0.23013715
96,stable,0.0408582,0.05200908
97,stable,0.03240875,0.016704874
98,stable,0.06862735,0.20309854
99,stable,0.04010211,0.045282003
100,rising,0.052097056,0.079668395
101,rising,0.07402123,0.17090584
102,rising,0.061216187,0.11592736
103,rising,0.06152607,0.02693658
104,rising,0.06677837,0.05205674
105,rising,0.06208374,0.028556809
106,rising,0.058308896,0.029271929
107,stable,0.05741869,0.018641949
108,stable,0.047309995,0.029936709
109,stable,0.05219077,0.04352668
110,stable,0.055929516,0.06287477
111,stable,0.058160726,0.08454902
112,falling,0.03356414,0.0127998125
113,falling,0.042370733,0.017179277
114,falling,0.04237705,0.011544258
115,falling,0.027445916,0.015230323
116,falling,0.042074937,0.11751
117,stable,0.031844012,0.01849283
118,stable,0.033929594,0.032899573
119,stable,0.03151391,0.05196128
120,stable,0.0670671,0.249909
121,stable,0.04100326,0.06499703
122,stable,0.073630445,0.24258646
123,stable,0.039744277,0.036089502
124,rising,0.045889128,0.065903254
125,rising,0.0682107,0.20137078
126,rising,0.056883916,0.05923429
127,rising,0.06912936,0.11088286
128,rising,0.047662955,0.0440371
129,rising,0.046137203,0.07669784
130,stable,0.04244738,0.026480503
131,stable,0.048631802,0.04629105
132,stable,0.048158202,0.035527464
133,stable,0.042725496,0.033108547
134,stable,0.04810025,0.046333738
135,stable,0.058664422,0.08056849
136,stable,0.06174487,0.08659151
137,falling,0.06761537,0.11130752
138,falling,0.07385031,0.14589235
139,falling,0.07289709,0.14164324
140,falling,0.051566485,0.06006344
141,falling,0.08272104,0.20631394
142,stable,0.04918583,0.090671405
143,stable,0.04935914,0.0603611
144,stable,0.031808693,0.03283906
145,stable,0.038855527,0.02884985
146,stable,0.03956237,0.01341116
147,stable,0.0383694,0.04369029
148,stable,0.07624135,0.2262685
149,rising,0.03956175,0.03585287
150,rising,0.044152863,0.031583816
151,rising,0.06727276,0.16409408
152,rising,0.04927137,0.039647717
153,stable,0.047101628,0.025133645
154,stable,0.042057853,0.011968649
155,stable,0.040046837,0.01268672
156,stable,0.05324396,0.047746144
157,stable,0.02735021,0.029618256
158,stable,0.028798139,0.025224568
159,stable,0.031208726,0.03805724
160,falling,0.025351053,0.02706551
161,falling,0.023625698,0.02060739
162,falling,0.03431304,0.05226641
163,falling,0.024410956,0.01830533
164,falling,0.044964846,0.14684421
165,falling,0.02591713,0.03966432
166,stable,0.04640287,0.16208385
167,stable,0.043002237,0.027209714
168,stable,0.05261641,0.027107447
169,stable,0.060828067,0.09870727
170,stable,0.054232154,0.029548973
171,stable,0.08865866,0.20846449
172,rising,0.087877855,0.21980587
173,rising,0.054916143,0.041849542
174,rising,0.07955808,0.14156093
175,rising,0.055727143,0.016346985
176,rising,0.07820162,0.07437855
177,rising,0.07657204,0.035498288
178,stable,0.07231669,0.024077468
179,stable,0.064743064,0.014288834
180,stable,0.08218458,0.018533574
181,stable,0.06753488,0.018504487
182,stable,0.075254224,0.06842451
183,stable,0.066750124,0.024340853
184,falling,0.091559365,0.07244602
185,falling,0.090621695,0.024922188
186,falling,0.109306924,0.039418772
187,falling,0.10082415,0.030154547
188,falling,0.10646743,0.033982847
189,falling,0.10717614,0.08171202
190,falling,0.096850276,0.02403125
191,stable,0.08213164,0.032538746
192,stable,0.075972766,0.017678622
193,stable,0.106634125,0.14812121
194,stable,0.12688112,0.2395792
195,stable,0.084800206,0.029237587
196,stable,0.09247107,0.034625314
197,rising,0.09643846,0.17592819
198,rising,0.060760267,0.025603808
199,rising,0.063672185,0.029144792
200,rising,0.046009555,0.014540714
201,rising,0.0472132,0.012490114
202,stable,0.022231173,0.0071566342
203,stable,0.022929559,0.014277475
204,stable,0.024998698,0.015904713
205,stable,0.030735843,0.019910684
206,stable,0.027428811,0.06827861
207,stable,0.023736686,0.03338799
208,falling,0.017150763,0.02726181
209,falling,0.020859143,0.029108606
210,falling,0.018120617,0.027339283
211,falling,0.019389808,0.021771278
212,falling,0.0141378185,0.017150069
213,falling,0.015096129,0.016062535
214,stable,0.025003558,0.028544078
215,stable,0.03033668,0.05693822
216,stable,0.03467215,0.07077618
217,stable,0.033213966,0.045816228
218,stable,0.045681417,0.023449374
219,stable,0.040505257,0.030738292
220,rising,0.07075313,0.17057139
221,rising,0.06306859,0.16774102
222,rising,0.05709889,0.022938007
223,rising,0.053766366,0.020078523
224,rising,0.05278866,0.023188593
225,rising,0.073275335,0.10216266
226,rising,0.058172595,0.0117684575
227,stable,0.06475571,0.018434322
228,stable,0.06855748,0.0569711
229,stable,0.04057412,0.011635318
230,stable,0.04442317,0.018757416
231,stable,0.043989904,0.021390041
232,falling,0.04351508,0.01862977
233,falling,0.040984727,0.013789007
234,falling,0.054997776,0.022490155
235,falling,0.05716322,0.049319204
236,falling,0.055285636,0.0263275
237,falling,0.045833535,0.0148538025
238,falling,0.04394222,0.012725008
239,stable,0.092722274,0.17238784
240,stable,0.054057173,0.012828892
241,stable,0.08338164,0.12874186
242,stable,0.07647026,0.014084419
243,stable,0.07522702,0.013332318
244,rising,0.073699325,0.013417998
245,rising,0.08594789,0.022726404
246,rising,0.04943431,0.016422719
247,rising,0.06511467,0.05418162
248,rising,0.05217136,0.012783292
249,rising,0.065259956,0.06141064
250,stable,0.054848243,0.012084332
251,stable,0.04018057,0.013481817
252,stable,0.037535846,0.0054258355
253,stable,0.06118114,0.0822914
254,stable,0.030975902,0.04251594
255,stable,0.027444325,0.014436007
256,falling,0.043660387,0.10092415
257,falling,0.038402535,0.0858868
258,falling,0.030633183,0.02893993
259,falling,0.046793964,0.108556055
260,falling,0.051936995,0.13197984
261,falling,0.04918007,0.12458014
262,stable,0.028368799,0.014636527
263,stable,0.032279387,0.012346766
264,stable,0.026359636,0.006694007
265,stable,0.04162952,0.0214734
266,stable,0.059446864,0.15653817
267,stable,0.06782417,0.1266064
268,rising,0.06780077,0.14789441
269,rising,0.05923016,0.05162269
270,rising,0.052125897,0.008994374
271,rising,0.054246787,0.01449302
272,rising,0.058544304,0.05232493
273,rising,0.05628964,0.014482874
274,stable,0.06889769,0.011543911
275,stable,0.07637523,0.023655457
276,stable,0.10385343,0.028729279
277,stable,0.13317452,0.02866138
278,stable,0.14079371,0.10024537
279,falling,0.09345755,0.03463693
280,falling,0.103552416,0.11899764
281,falling,0.09510736,0.0292003
282,falling,0.10289386,0.068706624
283,falling,0.093230136,0.035205808
284,falling,0.09680101,0.029382689
285,falling,0.076936886,0.024285235
286,falling,0.07102556,0.01853551
287,stable,0.091818675,0.11487315
288,stable,0.05303565,0.012171749
289,stable,0.067690626,0.016245805
290,stable,0.072262496,0.033531893
291,stable,0.06754892,0.018113118
292,rising,0.07562418,0.024618616
293,rising,0.045175206,0.007019494
294,rising,0.047608394,0.0090144
295,rising,0.048061267,0.008079668
296,rising,0.047102373,0.007223413
297,rising,0.056808565,0.01724482
298,stable,0.024325842,0.010040472
299,stable,0.032743078,0.006822415
300,stable,0.03358966,0.024477303
301,stable,0.052275095,0.11951861
302,stable,0.042920157,0.12608248
303,stable,0.026409477,0.018517397
304,stable,0.034868848,0.017306758
305,falling,0.033257596,0.018898591
306,falling,0.034768406,0.019414453
307,falling,0.044272535,0.022447234
308,falling,0.044808507,0.020071765
309,stable,0.064667605,0.10968027
310,stable,0.04010155,0.012497306
311,stable,0.032457296,0.008257768
312,stable,0.032379057,0.00951795
313,stable,0.03608287,0.027327102
314,stable,0.03254147,0.010316517
315,stable,0.035745304,0.012686329
316,rising,0.03289974,0.042591833
317,rising,0.029346429,0.0056272824
318,rising,0.059301365,0.014024326
319,rising,0.06070626,0.09004744
320,rising,0.0658272,0.115568124
321,rising,0.059701417,0.086483814
322,rising,0.042426977,0.0069466326
323,stable,0.059080947,0.008991312
324,stable,0.077948935,0.04931662
325,stable,0.07973227,0.014407817
326,stable,0.09472736,0.019634733
327,stable,0.10104748,0.060497697
328,stable,0.11603117,0.10950698
329,falling,0.08491791,0.026223266
330,falling,0.07205645,0.019633371
331,falling,0.10420231,0.09152556
332,falling,0.077821456,0.02661666
333,falling,0.08609651,0.024987848
334,stable,0.09557801,0.025790544
335,stable,0.061919,0.022011602
336,stable,0.050754827,0.015656624
337,stable,0.057344157,0.04417477
338,stable,0.04630035,0.01378166
339,stable,0.06535126,0.050583966
340,rising,0.077582315,0.08296435
341,rising,0.068170615,0.033888623
342,rising,0.045342598,0.027847655
343,rising,0.025994543,0.0327374
344,rising,0.02320442,0.033556163
345,stable,0.04854585,0.16488007
346,rising,0.018009935,0.012715056
347,stable,0.045052662,0.1708643
348,stable,0.019459644,0.023008125
349,stable,0.025652999,0.014570203
350,stable,0.028682798,0.023061333
351,stable,0.06579728,0.17128281
352,falling,0.04901978,0.021488884
353,falling,0.04990087,0.036225446
354,falling,0.0515252,0.033909332
355,falling,0.06505099,0.1059647
356,falling,0.052528583,0.0503784
357,falling,0.04361542,0.019608608
358,stable,0.049986657,0.05736122
359,stable,0.05966765,0.075071685
360,stable,0.052623894,0.012171646
361,stable,0.029816441,0.01238495
362,stable,0.033388924,0.016913665
363,stable,0.057591625,0.083143994
364,stable,0.046144012,0.008866425
365,rising,0.060909383,0.03369242
366,rising,0.058723066,0.03907348
367,rising,0.049711157,0.020504907
368,rising,0.065467015,0.051201113
369,rising,0.070422195,0.02653828
370,stable,0.06851541,0.036878087
371,stable,0.06287513,0.041035373
372,stable,0.07399673,0.060631867
373,stable,0.055230904,0.02286025
374,stable,0.043049227,0.01969455
375,stable,0.08588833,0.22440633
376,falling,0.042241164,0.012912068
377,falling,0.050722368,0.029451603
378,falling,0.048921473,0.016217567
379,falling,0.06005945,0.108232334
380,falling,0.036375307,0.020483652
381,falling,0.029776495,0.017604465
382,stable,0.031239202,0.04303263
383,stable,0.029718997,0.02203702
384,stable,0.028987443,0.026422722
385,stable,0.033065964,0.026818521
386,stable,0.04436216,0.03116832
387,rising,0.046422347,0.06276424
388,rising,0.047906835,0.04313821
389,rising,0.06172092,0.10890732
390,rising,0.033724677,0.03087955
391,rising,0.05407784,0.15579224
392,rising,0.035937574,0.057436977
393,rising,0.04236471,0.05940568
394,stable,0.07888412,0.19465567
395,stable,0.0466183,0.0355498
396,stable,0.08322827,0.21803996
397,stable,0.04733635,0.039788317
398,stable,0.058302347,0.103332445
399,stable,0.0426839,0.06435926
400,falling,0.03941189,0.030335039
401,falling,0.050677314,0.108986825
402,falling,0.062217876,0.13121018
403,falling,0.06082837,0.087231785
404,falling,0.071863204,0.040926207
405,stable,0.06842705,0.035181355
406,stable,0.07414632,0.03909244
407,stable,0.073256515,0.038128532
408,stable,0.06715964,0.015979812
409,stable,0.07798709,0.029048022
410,stable,0.07178381,0.03462241
411,stable,0.07756672,0.043295678
412,stable,0.07790707,0.072875574
413,rising,0.07423869,0.03645075
414,rising,0.07407859,0.05052991
415,rising,0.043268986,0.028607355
416,stable,0.03877253,0.051162045
417,stable,0.03438524,0.024038889
418,stable,0.04278985,0.03615362
419,stable,0.08953374,0.2818693
420,stable,0.08458116,0.24069718
421,stable,0.084189564,0.24254364
422,stable,0.039129972,0.04877688
423,stable,0.037393928,0.04977672
424,falling,0.04244474,0.056405693
425,falling,0.037755035,0.05499284
426,falling,0.055801388,0.12841168
427,falling,0.050350104,0.09477808
428,falling,0.04624523,0.08152745
429,stable,0.043251984,0.057090454
430,stable,0.033038773,0.026795136
431,stable,0.032742348,0.018828217
432,stable,0.030640753,0.046775486
433,stable,0.03301374,0.05756412
434,stable,0.027550237,0.039946064
435,stable,0.021408992,0.035897404
436,rising,0.035627656,0.06428766
437,rising,0.057745796,0.124822855
438,rising,0.06574185,0.16054344
439,rising,0.06275529,0.05015648
440,rising,0.07557603,0.03862347
441,rising,0.07606698,0.050098177
442,stable,0.11668187,0.2970996
443,stable,0.08921177,0.098630436
444,stable,0.15152673,0.3407155
445,stable,0.14817382,0.08222218
446,stable,0.14218093,0.07281201
447,stable,0.15317795,0.0834703
448,falling,0.20148428,0.30894676
449,falling,0.1324622,0.06335982
450,falling,0.1268187,0.07067234
451,falling,0.122462004,0.13060804
452,falling,0.091202505,0.036466993
453,falling,0.10025268,0.0708077
454,stable,0.09461909,0.035923146
455,stable,0.0926622,0.0698992
456,stable,0.06808711,0.05912864
457,stable,0.0463601,0.031940114
458,stable,0.057668693,0.054070193
459,rising,0.038991462,0.033185326
460,rising,0.048467055,0.069286816
461,rising,0.054083157,0.109197214
462,rising,0.062103204,0.114943
463,rising,0.057865363,0.16515201
464,rising,0.048957575,0.115911074
465,rising,0.04301946,0.04742317
466,stable,0.05217643,0.11884559
467,stable,0.049129926,0.066496834
468,stable,0.088735186,0.290386
469,stable,0.07855117,0.22584936
470,stable,0.037572186,0.020341728
471,stable,0.045704253,0.05618122
472,stable,0.0567713,0.054096963
473,falling,0.040762853,0.043107744
474,falling,0.057529505,0.14354198
475,falling,0.042107392,0.035846863
476,falling,0.041498005,0.04579216
477,stable,0.04271238,0.03303891
478,falling,0.049021196,0.05945106
479,stable,0.066846184,0.05747351
480,stable,0.068691015,0.016192727
481,stable,0.09003841,0.029105254
482,stable,0.11091937,0.07850606
483,stable,0.11461083,0.09539337
484,rising,0.096255474,0.093074225
485,rising,0.0789975,0.060487248
486,rising,0.090022914,0.104456745
487,rising,0.08083589,0.15194179
488,rising,0.08664525,0.08425871
489,rising,0.10843693,0.2828587
490,stable,0.08763621,0.09481994
491,stable,0.03537085,0.054201804
492,stable,0.028918432,0.059671625
493,stable,0.033837665,0.117034584
494,stable,0.043292347,0.118299305
495,stable,0.077795915,0.30032194
496,falling,0.068790354,0.26540545
497,falling,0.03955545,0.0962507
498,falling,0.059831485,0.16181672
499,falling,0.05557788,0.13943288
500,falling,0.041973814,0.08441039
501,falling,0.03603656,0.044025358
502,stable,0.03767493,0.040797472
503,stable,0.03789335,0.046955727
504,stable,0.0389125,0.048117504
505,stable,0.046824474,0.059862666
506,stable,0.047093794,0.037514914
507,stable,0.040555317,0.056969967
508,rising,0.035383333,0.054889377
509,rising,0.029653909,0.056713082
510,rising,0.040737294,0.086186424
511,rising,0.036833763,0.031869113
512,rising,0.077752285,0.23907642
513,rising,0.0821126,0.2691296
514,stable,0.04428419,0.05836773
515,stable,0.05229079,0.116657816
516,stable,0.106756285,0.31504768
517,stable,0.10678414,0.33886606
518,stable,0.08990668,0.23805647
519,stable,0.09034357,0.26085645
520,falling,0.08286823,0.26256612
521,falling,0.08077788,0.09682637
522,falling,0.08852826,0.06007994
523,falling,0.06845775,0.07059283
524,falling,0.066293925,0.045851674
525,falling,0.067121625,0.042469308
526,stable,0.067726105,0.05875773
527,stable,0.06886813,0.044105537
528,stable,0.0715096,0.06281524
529,stable,0.06380969,0.0508191
530,stable,0.07372116,0.051592927
531,stable,0.07028548,0.055307146
532,rising,0.081830814,0.07761491
533,rising,0.050687373,0.01615406
534,rising,0.059476208,0.023025965
535,rising,0.10045421,0.19560146
536,rising,0.08059077,0.08660376
537,rising,0.07258632,0.069055654
538,rising,0.07737938,0.12222358
539,stable,0.07586905,0.1846931
540,stable,0.06928385,0.09984959
541,stable,0.11077123,0.3246123
542,stable,0.06716299,0.08778089
543,falling,0.056813117,0.07174588
544,stable,0.08955393,0.25146773
545,stable,0.057841696,0.03553805
546,falling,0.047563557,0.10037136
547,falling,0.035768393,0.05141449
548,falling,0.027087325,0.013842986
549,falling,0.040627316,0.037198085
550,stable,0.04511291,0.05087953
551,stable,0.043815814,0.029543968
552,stable,0.034496807,0.034728408
553,stable,0.039388575,0.04205026
554,stable,0.044078924,0.044733066
555,stable,0.042655613,0.04614047
556,stable,0.045641147,0.0604208
557,rising,0.058490362,0.12606071
558,rising,0.057690855,0.09588763
559,rising,0.06569453,0.120435074
560,rising,0.05606964,0.06526116
561,stable,0.041280046,0.046204068
562,stable,0.08091986,0.24948733
563,stable,0.038855903,0.06650164
564,stable,0.035955664,0.052787896
565,stable,0.02743681,0.03839088
566,stable,0.07323964,0.2803344
567,stable,0.02318507,0.030602463
568,falling,0.028643245,0.038388457
569,falling,0.032172788,0.057207692
570,falling,0.0452549,0.037912305
571,falling,0.04509852,0.018134078
572,stable,0.06324967,0.016883481
573,falling,0.06575613,0.046443775
574,stable,0.07045395,0.025779855
575,stable,0.07212183,0.028141066
576,stable,0.07622949,0.049120832
577,stable,0.06798305,0.029089961
578,stable,0.07533822,0.035823874
579,stable,0.074125916,0.026774233
580,rising,0.078384005,0.04853075
581,rising,0.07811766,0.072272085
582,rising,0.076710686,0.041031655
583,rising,0.056015026,0.011688937
584,rising,0.06091125,0.035353847
585,rising,0.051296767,0.038917106
586,stable,0.03215695,0.026417831
587,stable,0.07543618,0.22742714
588,stable,0.044135395,0.0348563
589,stable,0.07946185,0.24600941
590,stable,0.053059988,0.06599438
591,stable,0.05041413,0.029802004
592,stable,0.049726784,0.042707294
593,falling,0.07402103,0.12394611
594,falling,0.077343814,0.15268484
595,falling,0.04377928,0.03259859
596,falling,0.050959967,0.05939617
597,stable,0.041993912,0.017563585
598,stable,0.0448954,0.029128173
599,stable,0.050537705,0.044136498
600,stable,0.04172847,0.0077845263
601,stable,0.04315054,0.014483986
602,stable,0.047466233,0.012881114
603,rising,0.033789895,0.020747848
604,rising,0.048121076,0.10723109
605,rising,0.048953865,0.115062624
606,rising,0.04555348,0.11290166
607,rising,0.036381807,0.033875786
608,rising,0.051957026,0.08784629
609,rising,0.05520324,0.122578755
610,stable,0.05803106,0.031431332
611,stable,0.058303606,0.033831652
612,stable,0.05251096,0.023137609
613,stable,0.08264466,0.23784815
614,stable,0.051167205,0.062672995
615,stable,0.043762226,0.018792594
616,falling,0.084303424,0.22929807
617,falling,0.101020694,0.22362036
618,falling,0.09269505,0.18870494
619,falling,0.059597846,0.01676606
620,falling,0.054125898,0.011060604
621,falling,0.06135039,0.011886067
622,falling,0.06425047,0.01795577
623,stable,0.07981624,0.097448744
624,stable,0.053178158,0.013625363
625,stable,0.0741415,0.08888462
626,stable,0.06546805,0.013031008
627,rising,0.045514125,0.014190733
628,rising,0.058688793,0.017352693
629,rising,0.033170015,0.021811875
630,rising,0.030623307,0.01243326
631,rising,0.052197676,0.13172106
632,rising,0.02717591,0.007891503
633,rising,0.055133656,0.1582643
634,stable,0.04041871,0.020102805
635,stable,0.035976727,0.007410092
636,stable,0.046491813,0.07602471
637,stable,0.04531202,0.011744079
638,stable,0.05401814,0.036490627
639,stable,0.07581911,0.16676849
640,falling,0.04521249,0.025820779
641,falling,0.047968704,0.026072823
642,falling,0.04247152,0.017359994
643,falling,0.0580912,0.0797561
644,falling,0.045494966,0.018470598
645,falling,0.045291997,0.012918175
646,falling,0.044641174,0.10294644
647,stable,0.027083486,0.0042826533
648,stable,0.030308357,0.0061171926
649,stable,0.03912558,0.051215388
650,stable,1.4313271,0.06801701
651,stable,2.079781,0.10933205
652,rising,2.4819436,0.102327384
653,rising,2.6065872,0.14438422
654,rising,2.6905394,0.15552637
655,rising,2.7799454,0.18470342
656,rising,2.7569644,0.20865296
657,rising,2.729544,0.13527216
658,stable,2.7106872,0.2216274
659,stable,2.814424,0.2552318
660,stable,2.795079,0.19097213
661,stable,2.776471,0.13376313
662,spike,0.27362257,0.2974952
663,spike,0.0655853,0.06832291
664,spike,0.059177257,0.022519266
665,spike,0.05083016,0.036425147
666,spike,0.06736276,0.11146409
667,spike,0.042575072,0.0092603145
668,spike,0.04392322,0.015721565
669,spike,0.06457344,0.02065951
670,spike,0.0997624,0.040340103
671,spike,0.11407061,0.09985602
672,spike,0.12449195,0.09776659
673,falling,0.13201813,0.105805345
674,falling,0.16995308,0.15279715
675,stable,0.14471208,0.16511896
676,stable,0.18042938,0.21652149
677,stable,0.18775776,0.22325483
678,rising,0.16381139,0.1958012
679,rising,0.17823252,0.21466936
680,rising,0.1970136,0.2315415
681,stable,0.15090299,0.17811733
682,stable,0.11174813,0.1184721
683,stable,0.112380736,0.13459368
684,stable,0.10194839,0.13965106
685,stable,0.07102021,0.046309993
686,stable,0.10374717,0.1309194
687,stable,0.10356731,0.0508892
688,stable,0.13048708,0.14982691
689,falling,0.1195439,0.06556776
690,falling,0.117034584,0.109665945
691,falling,0.112959094,0.060189985
692,falling,0.14086914,0.054633938
693,stable,0.094168924,0.03888387
694,stable,0.08257566,0.030691013
695,stable,0.0955805,0.04053148
696,stable,0.10311122,0.029157117
697,stable,0.07502495,0.027190883
698,stable,0.047808897,0.012098295
699,rising,0.036635406,0.0062909224
700,rising,0.03698636,0.008347648
701,rising,0.041404042,0.019367842
702,rising,0.043663833,0.033272117
703,rising,0.038220324,0.0110150045
704,rising,0.038589694,0.00902905
705,stable,0.06596573,0.1015499
706,rising,0.031103553,0.011998569
707,stable,0.036448013,0.021834482
708,stable,0.03615643,0.021822138
709,stable,0.026400914,0.0128650395
710,stable,0.03573033,0.01792473
711,stable,0.05517264,0.0271709
712,falling,0.054817345,0.019637534
713,falling,0.0464289,0.016730193
714,falling,0.049632765,0.013289741
715,falling,0.04946112,0.015000521
716,falling,0.05324234,0.02161254
717,falling,0.08467449,0.16913243
718,falling,0.054084755,0.030193856
719,stable,0.050327588,0.035599746
720,stable,0.05668233,0.01488403
721,stable,0.08992907,0.14563048
722,stable,0.048387785,0.030877665
723,rising,0.04231203,0.015480901
724,rising,0.072168425,0.14412238
725,rising,0.063043796,0.14585336
726,rising,0.04573937,0.01641551
727,rising,0.037190426,0.012428603
728,rising,0.039432935,0.03462998
729,rising,0.027617717,0.025905488
730,stable,0.025981206,0.013626471
731,stable,0.02588939,0.007928763
732,stable,0.021853833,0.009305707
733,stable,0.028251048,0.028468927
734,stable,0.02421453,0.010164982
735,stable,0.046833463,0.09307488
736,falling,0.0284576,0.011796113
737,falling,0.030835947,0.016331801
738,falling,0.055743095,0.1474118
739,falling,0.06880916,0.16766888
740,falling,0.060302828,0.15428331
741,falling,0.034104954,0.02899456
742,stable,0.037674785,0.025349734
743,stable,0.034423348,0.012027059
744,stable,0.041110013,0.03981091
745,stable,0.046040427,0.07505819
746,stable,0.060199488,0.13805912
747,stable,0.029632496,0.0076100677
748,rising,0.06511685,0.15624744
749,rising,0.04154279,0.078575104
750,rising,0.032941185,0.012535671
751,rising,0.048486866,0.095896125
752,rising,0.034234665,0.015386542
753,rising,0.036589637,0.08099442
754,stable,0.021228587,0.006132002
755,stable,0.02578388,0.030849127
756,stable,0.02230606,0.0153093515
757,stable,0.03816432,0.07439206
758,stable,0.02802024,0.021458874
759,stable,0.020816483,0.019713387
760,falling,0.030431857,0.09768669
761,falling,0.015177144,0.016244566
762,falling,0.039514586,0.099296436
763,falling,0.025162827,0.011269047
764,falling,0.035690475,0.025606493
765,stable,0.043625407,0.019613704
766,stable,0.043380797,0.028066454
767,stable,0.044979528,0.030924354
768,stable,0.041200563,0.012917577
769,stable,0.06701254,0.13036725
770,stable,0.063759856,0.012945294
771,rising,0.07072968,0.015090364
772,rising,0.06761556,0.01566603
773,rising,0.09030666,0.12443301
774,rising,0.07614209,0.014177641
775,rising,0.06053312,0.008955094
776,rising,0.047051433,0.0063616787
777,rising,0.047784127,0.017791612
778,stable,0.050000746,0.012837261
779,stable,0.059628963,0.016888378
780,stable,0.060696013,0.021861725
781,stable,0.07566403,0.0194672
782,stable,0.06647075,0.06885427
783,stable,0.07876825,0.10218381
784,stable,0.05763566,0.036756914
785,falling,0.048855197,0.030744031
786,falling,0.08551519,0.15849291
787,falling,0.12996982,0.17486651
788,falling,0.13055833,0.15962106
789,falling,0.09537326,0.048965577
790,stable,0.11264302,0.2321877
791,stable,0.06531225,0.03886749
792,stable,0.100371346,0.24950714
793,stable,0.06609664,0.03618865
794,stable,0.10132697,0.26693812
795,stable,0.09380589,0.23184398
796,rising,0.07139299,0.07143257
797,rising,0.067238614,0.06972929
798,rising,0.07177951,0.08279799
799,rising,0.03292135,0.042710114
800,rising,0.03947625,0.06875663
801,stable,0.04193052,0.054159056
802,stable,0.04926354,0.06125129
803,stable,0.043989785,0.019711806
804,stable,0.044566277,0.022273976
805,stable,0.04859031,0.022917558
806,stable,0.049130756,0.02401878
807,stable,0.06996303,0.083579086
808,falling,0.05459451,0.020117436
809,falling,0.06847904,0.04013108
810,falling,0.08194061,0.13316193
811,falling,0.04391026,0.029745415
812,falling,0.04923379,0.036896065
813,falling,0.032521028,0.0132488785
814,stable,0.03569221,0.0696631
815,stable,0.031114498,0.026855014
816,stable,0.035606984,0.012549183
817,stable,0.03555019,0.021219246
818,stable,0.048515882,0.07457306
819,stable,0.02703188,0.027922537
820,rising,0.034245152,0.061231457
821,rising,0.033922743,0.046877936
822,rising,0.052664403,0.13324304
823,rising,0.04361437,0.072264805
824,rising,0.029015195,0.0066851387
825,rising,0.034115423,0.025044687
826,stable,0.031549823,0.008345139
827,stable,0.026951956,0.010057596
828,stable,0.033541966,0.037198264
829,stable,0.047335777,0.029565314
830,stable,0.048776697,0.024271093
831,stable,0.050373536,0.017110722
832,falling,0.06612633,0.080703944
833,falling,0.07884543,0.104727425
834,falling,0.06513388,0.021204446
835,falling,0.053178627,0.01558431
836,falling,0.05495556,0.03741958
837,falling,0.053190794,0.03628312
838,stable,0.060007498,0.07726309
839,stable,0.06562688,0.058542725
840,stable,0.09312537,0.24601954
841,stable,0.029017653,0.025193924
842,stable,0.065449186,0.2328668
843,stable,0.027843872,0.03925873
844,rising,0.035666727,0.045269947
845,rising,0.06147566,0.17776456
846,rising,0.06657709,0.14139727
847,rising,0.061780464,0.120391905
848,rising,0.046764802,0.021893067
849,rising,0.041943625,0.026614148
850,stable,0.037431538,0.010325923
851,stable,0.03917315,0.021442002
852,stable,0.039806925,0.024044594
853,stable,0.040076625,0.036030993
854,stable,0.038284816,0.030226331
855,stable,0.05000573,0.07830279
856,stable,0.040088378,0.026466463
857,falling,0.051462416,0.041897155
858,falling,0.039093878,0.040700883
859,falling,0.04796771,0.062856175
860,falling,0.052955046,0.03998468
861,falling,0.083464935,0.24035718
862,falling,0.055258118,0.076318346
863,stable,0.060017657,0.046812218
864,stable,0.05850778,0.08243786
865,stable,0.054404728,0.07173372
866,stable,0.0785515,0.15083314
867,stable,0.09020567,0.25283673
868,rising,0.04809212,0.049568105
869,rising,0.047033284,0.041292567
870,rising,0.045601837,0.03987373
871,rising,0.045163274,0.017611833
872,rising,0.017844724,0.013888142
873,rising,0.023509493,0.013551659
874,stable,0.026890738,0.0131173795
875,stable,0.027818572,0.026458379
876,stable,0.023500143,0.014440896
877,stable,0.039356552,0.035510905
878,stable,0.03432869,0.02973111
879,falling,0.031334672,0.03822974
880,falling,0.029922238,0.035058394
881,falling,0.028933296,0.024122369
882,falling,0.037209436,0.049188294
883,falling,0.034591142,0.04889203
884,falling,0.03376795,0.04092694
885,stable,0.07149942,0.21317244
886,stable,0.036044534,0.0635139
887,stable,0.036816314,0.08234718
888,stable,0.058761083,0.04748093
889,stable,0.05527289,0.07524952
890,stable,0.08391514,0.01916144
891,stable,0.09487801,0.027095092
892,rising,0.128267,0.2058398
893,rising,0.105002984,0.06338232
894,rising,0.09675984,0.020911388
895,rising,0.08612442,0.014096072
896,rising,0.10678668,0.0250957
897,stable,0.10401865,0.019717999
898,stable,0.09439898,0.019157087
899,stable,0.10950425,0.016363975
900,stable,0.076845676,0.04944307
901,stable,0.07830477,0.061050575
902,falling,0.04244321,0.035583153
903,falling,0.04672476,0.014513049
904,falling,0.05344908,0.08945093
905,falling,0.039585155,0.008118736
906,falling,0.041804064,0.015468742
907,falling,0.054757874,0.035028573
908,falling,0.04697979,0.01759716
909,falling,0.049807202,0.042458717
910,stable,0.069564596,0.13788244
911,stable,0.034766488,0.0118740825
912,stable,0.034666676,0.029190594
913,stable,0.039602652,0.024621528
914,stable,0.041234884,0.040548015
915,stable,0.020960532,0.008895324
916,rising,0.031362616,0.044112023
917,rising,0.05722707,0.1697065
918,rising,0.034762047,0.02614777
919,rising,0.03657072,0.030475618
920,rising,0.04898091,0.073355995
921,stable,0.025831636,0.027574891
922,stable,0.039765492,0.013647409
923,stable,0.04245676,0.012456368
924,stable,0.0413234,0.008889546
925,stable,0.04436798,0.011870577
926,stable,0.061708823,0.07431843
927,stable,0.06068047,0.016342115
928,falling,0.06633238,0.05023995
929,falling,0.0701919,0.035115167
930,falling,0.08563866,0.12920935
931,falling,0.056406014,0.03357697
932,falling,0.060160894,0.01868675
933,falling,0.07077479,0.02607422
934,falling,0.052417267,0.037887085
935,stable,0.049393073,0.052133247
936,stable,0.08175586,0.23549101
937,stable,0.045620393,0.04681126
938,stable,0.06760117,0.13594656
939,stable,0.037016135,0.0350951
940,rising,0.04246884,0.04469758
941,rising,0.040204488,0.029792577
942,rising,0.070449226,0.16971675
943,rising,0.032849263,0.021847855
944,rising,0.023627467,0.024805382
945,rising,0.015414092,0.0077763917
946,stable,0.016077194,0.011124856
947,stable,0.018145304,0.021160895
948,stable,0.021359883,0.015570676
949,stable,0.022447856,0.015976457
950,stable,0.024357993,0.019837452
951,stable,0.034553,0.013032353
952,falling,0.04628862,0.026925132
953,falling,0.044894226,0.042525783
954,falling,0.062798865,0.086742744
955,falling,0.069773234,0.117020935
956,falling,0.057277825,0.016435802
957,falling,0.0621196,0.02469585
958,stable,0.062451504,0.015390727
959,stable,0.088987894,0.13533132
960,stable,0.063671,0.040816013
961,stable,0.06163325,0.018294744
962,stable,0.06427493,0.016331106
963,stable,0.039702322,0.012701303
964,rising,0.053724784,0.017969692
965,rising,0.06453367,0.028490424
966,rising,0.04795265,0.020576531
967,rising,0.05825517,0.016680747
968,rising,0.054437563,0.01523474
969,rising,0.056222845,0.024512762
970,stable,0.067623,0.0774533
971,stable,0.050407585,0.010871506
972,stable,0.0690416,0.09452524
973,stable,0.061418995,0.014976145
974,stable,0.057338595,0.013642117
975,falling,0.064903684,0.018412916
976,falling,0.07424358,0.027208997
977,falling,0.034271788,0.0119730765
978,falling,0.036582235,0.014459394
979,falling,0.02242818,0.008415989
980,falling,0.022343814,0.0145601835
981,falling,0.025412228,0.0064836075
982,stable,0.027140608,0.020161308
983,stable,0.029089922,0.0115866745
984,stable,0.04459006,0.11209464
985,stable,0.019655721,0.0061683273
986,stable,0.025072781,0.007666724
987,stable,0.030239293,0.011893451
988,rising,0.032233484,0.016129531
989,rising,0.025002548,0.00788028
990,rising,0.025629846,0.009597822
991,rising,0.065777905,0.147631
992,rising,0.03963233,0.01452073
993,stable,0.03116033,0.008105991
994,stable,0.038840704,0.009572595
995,stable,0.057172276,0.016094433
996,stable,0.054781485,0.00928259
997,stable,0.048633263,0.00822985
998,stable,0.051655356,0.039856266
999,stable,0.04781018,0.016635051
1000,falling,0.047969706,0.012423079
1001,falling,0.062486336,0.11661189
1002,falling,0.042284142,0.009036933
1003,falling,0.041348625,0.010679645
1004,falling,0.06664513,0.13767287
1005,falling,0.051947,0.057686914
1006,stable,0.068761624,0.13899502
1007,stable,0.0259802,0.013703873
1008,stable,0.028521735,0.009156233
1009,stable,0.026700865,0.009984903
1010,stable,0.027212897,0.009383814
1011,stable,0.031989645,0.018099107
1012,rising,0.03321059,0.010456894
1013,rising,0.03556745,0.009785248
1014,rising,0.07443989,0.06210837
1015,rising,0.053217433,0.012537335
1016,rising,0.059323367,0.025699288
1017,stable,0.071757354,0.13759725
1018,stable,0.052395176,0.011247532
1019,stable,0.058525674,0.010591962
1020,stable,0.057656568,0.011444856
1021,stable,0.06965821,0.018172773
1022,stable,0.075602196,0.013245596
1023,stable,0.065841615,0.02270126
1024,falling,0.0532987,0.012357802
1025,falling,0.046151247,0.010225948
1026,falling,0.043330792,0.01615611
1027,falling,0.049670186,0.008683637
1028,falling,0.06746402,0.056225736
1029,falling,0.059637733,0.04724059
1030,stable,0.063712575,0.017839339
1031,stable,0.03996775,0.02170714
1032,stable,0.051391933,0.056243364
1033,stable,0.038758453,0.016348582
1034,stable,0.030734058,0.013284905
1035,rising,0.03128368,0.010970261
1036,rising,0.04522065,0.07236214
1037,rising,0.03665987,0.0106179295
1038,rising,0.031460304,0.010897116
1039,rising,0.020471847,0.0045152996
1040,stable,0.02748366,0.023968432
1041,stable,0.016588042,0.0058721807
1042,stable,0.017869895,0.0068055647
1043,stable,0.020750009,0.010851514
1044,stable,0.022703895,0.008707311
1045,stable,0.031873383,0.010593176
1046,stable,0.034795832,0.0090536885
1047,stable,0.05499483,0.023574611
1048,falling,0.06353249,0.022637239
1049,falling,0.07135716,0.05596175
1050,falling,0.06893821,0.055382103
1051,falling,0.06925083,0.029358374
1052,falling,0.07339838,0.0786364
1053,falling,0.07502438,0.020020474
1054,stable,0.08391023,0.06958546
1055,stable,0.06476381,0.018221732
1056,stable,0.06293411,0.018077344
1057,stable,0.041908022,0.013717966
1058,stable,0.046540864,0.014568168
1059,stable,0.03850116,0.015202806
1060,stable,0.044747088,0.012746899
1061,rising,0.03678035,0.014791234
1062,rising,0.0567103,0.061633077
1063,rising,0.073218755,0.08898401
1064,rising,0.048318163,0.02136026
1065,stable,0.030752651,0.029445961
1066,stable,0.028742919,0.022576323
1067,stable,0.032399643,0.026615255
1068,stable,0.030909996,0.010712501
1069,stable,0.03726955,0.022040026
1070,stable,0.056802355,0.026408333
1071,stable,0.06424195,0.03059349
1072,falling,0.054877248,0.035159502
1073,falling,0.060355593,0.07408969
1074,falling,0.053483967,0.028191334
1075,falling,0.05844324,0.04888544
1076,falling,0.06315447,0.061751273
1077,falling,0.04779948,0.023278244
1078,stable,0.04390217,0.019044409
1079,stable,0.05764605,0.07872409
1080,stable,0.047203466,0.047969464
1081,stable,0.038721263,0.012398254
1082,stable,0.043725416,0.010036477
1083,stable,0.071083464,0.048047494
1084,rising,0.066103764,0.03251687
1085,rising,0.064365394,0.012886819
1086,rising,0.08505798,0.14858462
1087,rising,0.055840377,0.019045226
1088,rising,0.07177673,0.04334324
1089,rising,0.07798577,0.11078889
1090,stable,0.07088416,0.05069409
1091,stable,0.054005306,0.025841182
1092,stable,0.05296,0.019778501
1093,stable,0.09937489,0.22513667
1094,stable,0.029669523,0.03303515
1095,falling,0.04281005,0.11731173
1096,falling,0.030860523,0.04487012
1097,falling,0.028890183,0.039235253
1098,falling,0.02083029,0.00826347
1099,falling,0.051931754,0.07639599
1100,falling,0.04937263,0.012607885
1101,falling,0.055626404,0.026909161
1102,stable,0.052701805,0.017241266
1103,stable,0.05929575,0.026674863
1104,stable,0.07027291,0.024457596
1105,stable,0.08494813,0.048817776
1106,stable,0.08106888,0.05216589
1107,stable,0.08891203,0.05116211
1108,rising,0.085710324,0.020928156
1109,rising,0.09582603,0.052137457
1110,rising,0.11292075,0.05729014
1111,rising,0.07173848,0.105450526
1112,rising,0.07247137,0.053902384
1113,stable,0.068290874,0.037732635
1114,stable,0.084637426,0.07976622
1115,stable,0.076912515,0.03011321
1116,stable,0.112821914,0.14965215
1117,stable,0.15035804,0.29244846
1118,stable,0.112420015,0.07165755
1119,stable,0.13431731,0.24595222
1120,stable,0.090052046,0.07105379
1121,falling,0.10370518,0.05826637
1122,falling,0.09901677,0.16768485
1123,falling,0.07235393,0.06260673
1124,falling,0.046486918,0.044843674
1125,falling,0.038016584,0.0399379
1126,stable,0.035138555,0.024651295
1127,stable,0.042831752,0.04968549
1128,stable,0.032920614,0.044330172
1129,stable,0.03553034,0.05649961
1130,stable,0.029747987,0.03306633
1131,stable,0.038192436,0.048715893
1132,rising,0.041446242,0.045903485
1133,rising,0.03465373,0.05067213
1134,rising,0.033735592,0.06542447
1135,rising,0.041875757,0.08441143
1136,rising,0.041111477,0.053605005
1137,rising,0.04717661,0.05132304
1138,stable,0.040349618,0.029106269
1139,stable,0.05385091,0.053111017
1140,stable,0.066902965,0.10351779
1141,stable,0.07040221,0.0604689
1142,stable,0.10407086,0.2433101
1143,stable,0.10246342,0.24561623
1144,stable,0.08830583,0.18643373
1145,falling,0.07401099,0.077108346
1146,falling,0.089971535,0.1327758
1147,falling,0.09283679,0.13421938
1148,falling,0.10074186,0.052044652
1149,falling,0.06330638,0.038519308
1150,stable,0.059052195,0.049943034
1151,stable,0.05517049,0.033000816
1152,stable,0.051231172,0.05137171
1153,stable,0.053520557,0.050075255
1154,stable,0.060247127,0.053101562
1155,stable,0.10037243,0.06053184
1156,rising,0.12923813,0.122329354
1157,rising,0.13287549,0.085195
1158,rising,0.15539353,0.064903274
1159,rising,0.15953977,0.06279553
1160,rising,0.14803597,0.045368746
1161,rising,0.15629911,0.057983525
1162,stable,0.20292479,0.2809711
1163,stable,0.1659391,0.15408087
1164,stable,0.12919448,0.0535772
1165,stable,0.1110238,0.059874173
1166,stable,0.157858,0.3520706
1167,falling,0.05520984,0.042645104
1168,falling,0.048466675,0.042815182
1169,falling,0.07901683,0.21154755
1170,falling,0.03540281,0.03089539
1171,falling,0.035396572,0.032331966
1172,falling,0.03466139,0.086216554
1173,falling,0.032089557,0.03551808
1174,stable,0.032312084,0.041562434
1175,stable,0.03254511,0.055603147
1176,stable,0.032358106,0.04672607
1177,stable,0.026144084,0.035737954
1178,stable,0.027647775,0.052486602
1179,rising,0.029910149,0.044633225
1180,rising,0.033662852,0.06529168
1181,rising,0.03295919,0.043361083
1182,rising,0.054762408,0.12975036
1183,rising,0.05539419,0.1383708
1184,rising,0.06608316,0.20172037
1185,stable,0.03598331,0.03328729
1186,stable,0.07537443,0.25432244
1187,stable,0.039773483,0.043500498
1188,stable,0.07589828,0.14418575
1189,stable,0.05630752,0.028913632
1190,stable,0.078332424,0.084570006
1191,stable,0.9315886,0.31045988
1192,falling,1.311085,0.042655114
1193,falling,1.5146235,0.26481912
1194,falling,1.5541307,0.06933335
1195,falling,1.5705167,0.094380364
1196,falling,1.5949346,0.06519835
1197,falling,1.6073226,0.08161861
1198,stable,1.6136662,0.08700556
1199,stable,1.6447867,0.08464959
1200,stable,1.7349252,0.082086764
1201,stable,1.7779399,0.14245474
1202,stable,1.8339418,0.14817505
1203,spike,0.24612118,0.21851727
1204,spike,0.05243029,0.042847157
1205,spike,0.06943534,0.15906484
1206,spike,0.0609925,0.040545087
1207,spike,0.078787684,0.059273772
1208,spike,0.075800315,0.06408717
1209,spike,0.09787199,0.06969814
1210,spike,0.089095205,0.07077041
1211,spike,0.08863144,0.06936236
1212,spike,0.065020524,0.09082145
1213,spike,0.06685683,0.057694063
1214,falling,0.0797133,0.1596229
1215,falling,0.07124355,0.059389297
1216,falling,0.09324112,0.20043087
1217,falling,0.06665002,0.090453245
1218,falling,0.08286958,0.14566155
1219,falling,0.04573845,0.03575138
1220,falling,0.048028063,0.04575293
1221,falling,0.05083601,0.08432877
1222,stable,0.068279766,0.037618
1223,stable,0.09380742,0.025555043
1224,stable,0.10180146,0.04715887
1225,stable,0.494054,0.028599564
1226,stable,0.6980452,0.03699405
1227,stable,0.75755036,0.057388637
1228,rising,0.7941713,0.08784581
1229,rising,0.8546362,0.0829817
1230,rising,0.8611334,0.0678953
1231,rising,0.8586547,0.087781236
1232,rising,0.8599356,0.074440464
1233,rising,0.83712846,0.069868475
1234,stable,0.9230956,0.08043728
1235,stable,1.0162476,0.10447191
1236,stable,1.0006659,0.10932861
1237,spike,0.12316678,0.07959979
1238,spike,0.07647307,0.03137953
1239,spike,0.07287406,0.04673175
1240,spike,0.08772056,0.062150773
1241,spike,0.083418794,0.04838884
1242,spike,0.11962685,0.06724044
1243,spike,0.11706603,0.05348143
1244,spike,0.12660123,0.13155577
1245,spike,0.13084073,0.108611465
1246,spike,0.12811974,0.05328979
1247,spike,0.16901286,0.095324
1248,falling,0.17514183,0.09907102
1249,falling,0.22061735,0.12709701
1250,stable,0.24042514,0.14432696
1251,stable,0.29177317,0.17880519
1252,stable,0.28230324,0.17782575
1253,stable,0.2979328,0.19287111
1254,stable,0.25816897,0.19062433
1255,rising,0.242016,0.18485157
1256,rising,0.23527616,0.13717824
1257,rising,0.21157676,0.15229097
1258,stable,0.12455941,0.12649362
1259,stable,0.09971027,0.09357048
1260,stable,0.13634506,0.23682487
1261,stable,0.09307959,0.24531904
1262,stable,0.04716921,0.05619852
1263,stable,0.039134875,0.03490824
1264,falling,0.05537144,0.10526877
1265,falling,0.041628484,0.034010354
1266,falling,0.04611132,0.035341747
1267,falling,0.04868423,0.037364516
1268,falling,0.04257248,0.027268257
1269,stable,0.04429071,0.035022963
1270,stable,0.044912968,0.036843747
1271,stable,0.049353357,0.034214567
1272,stable,0.052001562,0.05608334
1273,stable,0.04372846,0.027141402
1274,stable,0.050862737,0.077039905
1275,stable,0.052827153,0.062320624
1276,rising,0.056186218,0.05506498
1277,rising,0.04871997,0.03365401
1278,rising,0.047098864,0.05006503
1279,rising,0.07341752,0.054748747
1280,rising,0.05725706,0.039612014
1281,rising,0.058671374,0.04350851
1282,rising,0.065785564,0.08257354
1283,stable,0.050633375,0.043057773
1284,stable,0.060363133,0.06782527
1285,stable,0.04942844,0.068771824
1286,stable,0.09622417,0.23724243
1287,stable,0.067234635,0.07253407
1288,stable,0.08016447,0.21018957
1289,falling,0.066391446,0.09800626
1290,falling,0.050330218,0.040873796
1291,stable,0.060771216,0.12000295
1292,falling,0.040244587,0.04478614
1293,falling,0.03611064,0.019651653
1294,stable,0.03592595,0.01952885
1295,stable,0.04277064,0.013060586
1296,stable,0.042527772,0.022011243
1297,stable,0.05018116,0.03815403
1298,stable,0.03871235,0.059627827
1299,stable,0.030303253,0.015409069
1300,rising,0.024300609,0.01096946
1301,rising,0.03223819,0.04469924
1302,rising,0.026786173,0.013575117
1303,rising,0.047861762,0.06975157
1304,rising,0.03713413,0.016995639
1305,stable,0.07385341,0.2240396
1306,stable,0.034306154,0.018095696
1307,stable,0.0548877,0.09951507
1308,stable,0.043690126,0.0456052
1309,stable,0.03984933,0.034429327
1310,stable,0.041485365,0.032966305
1311,stable,0.04621699,0.033941235
1312,falling,0.07097059,0.15488708
1313,falling,0.045168214,0.012518767
1314,falling,0.0690999,0.13079806
1315,falling,0.064452015,0.11880387
1316,falling,0.038757928,0.018070785
1317,falling,0.039542317,0.010816622
1318,falling,0.039192438,0.013960634
1319,stable,0.037634466,0.007775712
1320,stable,0.03470214,0.010422936
1321,stable,0.036660217,0.011798536
1322,stable,0.06722342,0.057651155
1323,stable,0.05491758,0.026661482
1324,rising,0.048243027,0.015090947
1325,rising,0.061432026,0.03264327
1326,rising,0.05617646,0.017310398
1327,rising,0.062252916,0.032451518
1328,rising,0.062121276,0.057865325
1329,rising,0.05754833,0.031155713
1330,rising,0.06480341,0.062173717
1331,stable,0.060719144,0.018953623
1332,stable,0.075085305,0.06463259
1333,stable,0.073381595,0.028190475
1334,stable,0.07507418,0.23154014
1335,stable,0.0611152,0.12923409
1336,falling,0.058529146,0.039201707
1337,falling,0.05305526,0.016191313
1338,falling,0.049985297,0.010444115
1339,falling,0.051358093,0.040988915
1340,falling,0.051287692,0.036948107
1341,falling,0.050164644,0.0073611257
1342,stable,0.051091123,0.008656396
1343,stable,0.05112555,0.0069425576
1344,stable,0.03853859,0.005786686
1345,stable,0.040446546,0.009060177
1346,stable,0.055652387,0.076250225
1347,stable,0.050391894,0.011431646
1348,rising,0.02568651,0.014222654
1349,rising,0.030186255,0.025155956
1350,rising,0.046358045,0.11415625
1351,rising,0.02742595,0.015931506
1352,rising,0.04748734,0.013290924
1353,rising,0.03280031,0.0046072234
1354,stable,0.041315783,0.009543478
1355,stable,0.050479915,0.012774598
1356,stable,0.04987907,0.010437923
1357,stable,0.06434343,0.011804489
1358,stable,0.061404243,0.012783972
1359,falling,0.062203255,0.015671635
1360,falling,0.09237015,0.1455389
1361,falling,0.065612525,0.01593255
1362,falling,0.06693296,0.0166173
1363,falling,0.07952498,0.06465833
1364,falling,0.05428138,0.016717933
1365,falling,0.065532535,0.079144865
1366,stable,0.05703086,0.09474782
1367,stable,0.05416418,0.11905577
1368,stable,0.054067012,0.071169645
1369,stable,0.021353047,0.007864125
1370,stable,0.025803814,0.008752911
1371,stable,0.024916394,0.009338777
1372,rising,0.022555737,0.0057926825
1373,rising,0.026913797,0.007990066
1374,rising,0.03717748,0.007576271
1375,rising,0.058921732,0.14405188
1376,rising,0.029158605,0.011928768
1377,rising,0.02929178,0.016756443
1378,stable,0.08444395,0.17419551
1379,stable,0.06191604,0.054848157
1380,stable,0.05958941,0.012470592
1381,stable,0.09136107,0.1910781
1382,stable,0.10355724,0.16567671
1383,stable,0.09559901,0.1802059
1384,falling,0.05752996,0.013385251
1385,falling,0.06845649,0.090037
1386,falling,0.056198303,0.02984144
1387,falling,0.07564404,0.04469601
1388,falling,0.0736001,0.010454679
1389,falling,0.08745652,0.059423327
1390,falling,0.06945222,0.012462801
1391,stable,0.06816241,0.015807102
1392,stable,0.074818484,0.13045587
1393,stable,0.0551115,0.011349519
1394,stable,0.048703708,0.008430439
1395,stable,0.08030131,0.04748198
1396,rising,0.047569524,0.014976261
1397,rising,0.07477974,0.019431159
1398,rising,0.0776858,0.028435105
1399,rising,0.06415578,0.016335882
1400,rising,0.055587005,0.011997355
1401,rising,0.05862827,0.021889316
1402,stable,0.05605061,0.014316789
1403,stable,0.053521775,0.020524692
1404,stable,0.050749596,0.013689723
1405,stable,0.051118474,0.014093916
1406,stable,0.05313887,0.014216056
1407,stable,0.04078955,0.015753403
1408,falling,0.05050737,0.02118125
1409,falling,0.042388283,0.030100219
1410,falling,0.055397075,0.07014939
1411,falling,0.040877756,0.011572923
1412,falling,0.042044062,0.010163566
1413,stable,0.04563056,0.0135978535
1414,stable,0.066472284,0.01768776
1415,stable,0.061987724,0.014446727
1416,stable,0.065620646,0.01875034
1417,stable,0.08958243,0.039529655
1418,stable,0.0923555,0.02615822
1419,stable,0.078051545,0.027599405
1420,stable,0.067665264,0.021002214
1421,rising,0.058082726,0.008463461
1422,rising,0.05613572,0.011395732
1423,rising,0.073664375,0.09609549
1424,rising,0.07663465,0.08534946
1425,rising,0.06131961,0.01214898
1426,stable,0.042310536,0.007536741
1427,stable,0.050590035,0.012429903
1428,stable,0.05188964,0.016692728
1429,stable,0.059716497,0.069120735
1430,stable,0.037880935,0.012805491
1431,stable,0.045984488,0.014769477
1432,stable,0.03260528,0.018960929
1433,falling,0.02689814,0.01661517
1434,falling,0.023958432,0.0105024185
1435,falling,0.02387446,0.01322239
1436,falling,0.023735208,0.008795626
1437,stable,0.02013259,0.0045004743
1438,stable,0.021647843,0.0062013497
1439,stable,0.026847718,0.01836507
1440,stable,0.039984684,0.08326647
1441,stable,0.04395215,0.10942949
1442,stable,0.04649699,0.13316865
1443,stable,0.028749743,0.011269701
1444,rising,0.032174338,0.012585078
1445,rising,0.047155812,0.11874229
1446,rising,0.024666296,0.009597452
1447,rising,0.03489042,0.009368226
1448,rising,0.03018225,0.0051253084
1449,rising,0.047571037,0.0073697274
1450,stable,0.04984827,0.009580594
1451,stable,0.050590996,0.039778214
1452,stable,0.041728456,0.008105293
1453,stable,0.04896803,0.013423622
1454,stable,0.058658108,0.013154805
1455,stable,0.050688747,0.010974152
1456,falling,0.055349685,0.011721812
1457,falling,0.049979746,0.009262632
1458,falling,0.06357413,0.01445818
1459,falling,0.0634394,0.015600955
1460,falling,0.05914002,0.009735459
1461,stable,0.07364606,0.14988507
1462,stable,0.06538446,0.02746206
1463,stable,0.082586505,0.11073232
1464,stable,0.089868665,0.13643932
1465,stable,0.06821611,0.014935051
1466,stable,0.050603915,0.0111743985
1467,stable,0.055593494,0.019284587
1468,rising,0.05569028,0.023011103
1469,rising,0.05857284,0.010243435
1470,rising,0.06385659,0.012886036
1471,rising,0.0694487,0.041928492
1472,stable,0.049689196,0.014475388
1473,rising,0.06432531,0.05542471
1474,stable,0.06612574,0.033562317
1475,stable,0.0647901,0.019997468
1476,stable,0.060810573,0.024594441
1477,stable,0.06623723,0.025722258
1478,stable,0.05766161,0.020463947
1479,stable,0.05843178,0.010153337
1480,falling,0.06604178,0.019669738
1481,falling,0.07088054,0.058977813
1482,falling,0.055973075,0.013172893
1483,falling,0.068834566,0.10159427
1484,falling,0.052682407,0.02280102
1485,stable,0.055172343,0.017719913
1486,stable,0.07095234,0.11128812
1487,stable,0.052196138,0.020015167
1488,stable,0.0672173,0.14290778
1489,stable,0.046541795,0.026538474
1490,stable,0.044026,0.046579655
1491,stable,0.045986734,0.015942115
1492,rising,0.06026355,0.15884273
1493,rising,0.033489514,0.022125721
1494,rising,0.03063434,0.022024786
1495,rising,0.034504186,0.029484045
1496,rising,0.0399428,0.051006455
1497,rising,0.03125286,0.012668817
1498,stable,0.042548724,0.07395231
1499,stable,0.022164108,0.008053801
1500,stable,0.023961859,0.015705174
1501,stable,0.023450075,0.013197045
1502,stable,0.031519864,0.014366028
1503,falling,0.0204688,0.019200496
1504,falling,0.036295004,0.10052755
1505,falling,0.017868567,0.0093583055
1506,falling,0.03956354,0.116512135
1507,falling,0.03938963,0.104169115
1508,falling,0.04100512,0.12703735
1509,falling,0.028724838,0.018213188
1510,stable,0.027057711,0.019164024
1511,stable,0.029137276,0.015834609
1512,stable,0.024984157,0.015504943
1513,stable,0.06261099,0.21370618
1514,stable,0.03045209,0.032297716
1515,stable,0.03157082,0.026704393
1516,rising,0.03450658,0.03302146
1517,rising,0.037370104,0.05364794
1518,rising,0.04266124,0.04213911
1519,rising,0.04305146,0.01912189
1520,rising,0.04220202,0.026386624
1521,rising,0.046505533,0.018825192
1522,stable,0.042713616,0.019648451
1523,stable,0.043227315,0.035436634
1524,stable,0.04060346,0.022022363
1525,stable,0.040143605,0.023354556
1526,stable,0.04890191,0.021182531
1527,stable,0.052614115,0.018261401
1528,falling,0.060962703,0.02056793
1529,falling,0.061006736,0.038821436
1530,falling,0.07081685,0.08944777
1531,falling,0.06764504,0.12634924
1532,falling,0.050215796,0.029361589
1533,stable,0.051026285,0.0302933
1534,stable,0.045735966,0.011876019
1535,stable,0.05490276,0.033294037
1536,stable,0.053197857,0.05097883
1537,stable,0.05145987,0.050533812
1538,stable,0.035699744,0.015799366
1539,stable,0.0784909,0.1993255
1540,rising,0.04044326,0.03249448
1541,rising,0.059939865,0.16702947
1542,rising,0.047927074,0.0456859
1543,rising,0.04102844,0.01617857
1544,rising,0.067182414,0.09940649
1545,rising,0.0523246,0.02552029
1546,stable,0.067728825,0.031097647
1547,stable,0.048830677,0.024614595
1548,stable,0.04627625,0.037571486
1549,stable,0.048113715,0.035873655
1550,stable,0.04331146,0.040425215
1551,stable,0.04255974,0.06657432
1552,falling,0.032045256,0.025140412
1553,falling,0.04816403,0.07195736
1554,falling,0.049048286,0.14008816
1555,falling,0.033030953,0.053634286
1556,falling,0.026016964,0.049219344
1557,falling,0.050763566,0.05141417
1558,stable,0.06009788,0.0969213
1559,stable,0.057501476,0.09440947
1560,stable,0.057204854,0.08396154
1561,stable,0.08983962,0.25443992
1562,stable,0.055678323,0.05827531
1563,rising,0.05253033,0.057264008
1564,rising,0.054126576,0.04785882
1565,rising,0.087885045,0.2172851
1566,rising,0.056751642,0.039151262
1567,rising,0.07140465,0.042241216
1568,rising,0.07378879,0.046469588
1569,rising,0.0611433,0.023735167
1570,stable,0.047305565,0.030487718
1571,stable,0.05329501,0.029367108
1572,stable,0.06249172,0.03848988
1573,stable,0.057874676,0.044014122
1574,stable,0.05598943,0.032690663
1575,stable,0.06463209,0.07513903
1576,stable,0.068608366,0.10176562
1577,falling,0.074490085,0.10882672
1578,falling,0.06122985,0.020241566
1579,falling,0.051076904,0.029688615
1580,falling,0.056039337,0.07467867
1581,stable,0.04504502,0.033330146
1582,stable,0.08580632,0.23387207
1583,stable,0.049619146,0.039270274
1584,stable,0.057414982,0.051244643
1585,stable,0.09739359,0.25733995
1586,stable,0.058578383,0.041508038
1587,stable,0.05986172,0.061931066
1588,rising,0.09036677,0.20199256
1589,rising,0.04586449,0.03624771
1590,rising,0.04834803,0.03030773
1591,rising,0.06284413,0.11477726
1592,rising,0.047730666,0.024097096
1593,stable,0.048924007,0.072611995
1594,rising,0.04100408,0.016464842
1595,stable,0.03203847,0.015974792
1596,stable,0.036306452,0.016880777
1597,stable,0.032221373,0.020116942
1598,stable,0.050742015,0.039533824
1599,falling,0.04594889,0.025946263
1600,stable,0.060795072,0.09180759
1601,falling,0.063495584,0.042963125
1602,falling,0.056457207,0.013786527
1603,falling,0.0673447,0.05831947
1604,falling,0.07706273,0.045385778
1605,falling,1.5938132,0.43180525
1606,stable,2.1714702,0.22092856
1607,stable,2.5240204,0.28953433
1608,stable,2.7414768,0.6885204
1609,stable,2.7662158,0.239323
1610,stable,2.8360496,0.31339666
1611,stable,2.8425848,0.45045492
1612,rising,2.8613782,0.26673722
1613,rising,2.7028766,0.36050233
1614,rising,2.7807992,0.26228812
1615,rising,2.767422,0.24363911
1616,rising,2.6186235,0.19303069
1617,spike,0.38771474,0.34789047
1618,spike,0.13235685,0.13048598
1619,spike,0.07842591,0.08922243
1620,spike,0.07775534,0.0709921
1621,spike,0.07795068,0.03915355
1622,spike,0.072247274,0.06545494
1623,spike,0.06483203,0.044298757
1624,spike,0.07038365,0.08565675
1625,spike,0.06463929,0.11778931
1626,spike,0.049648345,0.046192355
1627,spike,0.07129474,0.14102338
1628,falling,0.061696637,0.09810331
1629,falling,0.06770544,0.18268664
1630,falling,0.06447728,0.12317628
1631,falling,0.048486706,0.070089765
1632,stable,0.08171254,0.20813128
1633,stable,0.06515781,0.07607081
1634,stable,0.05842055,0.044429634
1635,stable,0.07410739,0.064114965
1636,rising,0.0949215,0.18431535
1637,rising,0.066967845,0.060733825
1638,rising,0.072530046,0.057873137
1639,rising,0.09877725,0.11789835
1640,rising,0.10229944,0.118140884
1641,rising,0.07605376,0.051367443
1642,rising,0.07456057,0.03624541
1643,stable,1.2561036,0.11363985
1644,stable,1.6534827,0.15423979
1645,stable,1.9752263,0.2634504
1646,stable,2.2451105,0.26583675
1647,falling,2.2754583,0.22967619
1648,falling,2.2936232,0.23033282
1649,falling,2.390077,0.33146495
1650,falling,2.3138466,0.33375344
1651,falling,2.3337052,0.29467732
1652,falling,2.4136631,0.3118773
1653,falling,2.4451494,0.21532245
1654,stable,2.516516,0.31951338
1655,spike,0.38518086,0.45936453
1656,spike,0.17381354,0.22318944
1657,spike,0.10334714,0.17786929
1658,spike,0.099361464,0.21970224
1659,spike,0.054124355,0.033784714
1660,spike,0.04902272,0.014411741
1661,spike,0.078643285,0.08479431
1662,spike,0.06727498,0.016376723
1663,spike,0.08734261,0.14845496
1664,spike,0.06189108,0.09501641
1665,spike,0.045503218,0.025642827
1666,falling,0.05349672,0.030994117
1667,stable,0.059230004,0.036490824
1668,falling,0.08527554,0.07457072
1669,falling,0.091336556,0.085953675
1670,falling,0.10073726,0.107175164
1671,falling,0.12549451,0.13139386
1672,falling,0.113142595,0.13837463
1673,falling,0.13656195,0.15767604
1674,falling,0.10504647,0.095546626
1675,falling,0.102887064,0.09539475
1676,falling,0.095066585,0.09027803
1677,falling,0.10191547,0.06694376
1678,stable,0.10496712,0.14092666
1679,stable,0.04823863,0.024741096
1680,stable,0.04247174,0.022495355
1681,stable,0.034091376,0.012831947
1682,stable,0.042075627,0.021296782
1683,stable,0.057530027,0.0950677
1684,stable,0.053272195,0.046562165
1685,rising,0.046806384,0.031695303
1686,rising,0.046397258,0.03871172
1687,rising,0.045687687,0.034433316
1688,rising,0.05660266,0.09641879
1689,stable,0.033669207,0.021221241
1690,stable,0.038811706,0.027522808
1691,stable,0.048914745,0.026332274
1692,stable,0.05456225,0.026755422
1693,stable,0.069101475,0.038941685
1694,stable,0.072328076,0.030062096
1695,stable,0.07163585,0.042645503
1696,falling,0.09407943,0.119271815
1697,falling,0.0742315,0.05571855
1698,falling,0.09072579,0.15260828
1699,falling,0.074300155,0.048784528
1700,falling,0.07166874,0.043103393
1701,falling,0.069792986,0.032768093
1702,stable,0.10632717,0.1658122
1703,stable,0.048709337,0.016950028
1704,stable,0.045575008,0.017918598
1705,stable,0.059542354,0.020140896
1706,stable,0.06514536,0.022562692
1707,rising,0.06607358,0.020449903
1708,rising,0.0674861,0.01796807
1709,rising,0.08203931,0.024063602
1710,rising,0.120402366,0.041404206
1711,rising,0.07936223,0.029983653
1712,rising,0.07411672,0.025156735
1713,stable,0.06822338,0.023127701
1714,stable,0.0539224,0.012799317
1715,stable,0.05356205,0.008114161
1716,stable,0.047424614,0.0070747333
1717,stable,0.06338159,0.008089814
1718,stable,0.08084508,0.1013123
1719,falling,0.07360637,0.013497377
1720,falling,0.073956236,0.021271182
1721,falling,0.06718275,0.011648492
1722,falling,0.08746493,0.112826414
1723,falling,0.09117847,0.06416426
1724,falling,0.08547058,0.019883554
1725,falling,0.06591827,0.00986746
1726,stable,0.08211223,0.07002735
1727,stable,0.0698069,0.014480979
1728,stable,0.079286695,0.014153751
1729,stable,0.05989463,0.009438304
1730,stable,0.06765569,0.037534527
1731,stable,0.07078681,0.021331973
1732,rising,0.06719288,0.020242713
1733,rising,0.08915807,0.05401122
1734,rising,0.07001465,0.020146258
1735,rising,0.05410181,0.01097696
1736,rising,0.054019626,0.010919935
1737,stable,0.057606492,0.010542156
1738,stable,0.05955148,0.013601141
1739,stable,0.071910284,0.04006414
1740,stable,0.07070082,0.13796255
1741,stable,0.048827372,0.016433664
1742,stable,0.051505253,0.01643657
1743,falling,0.033810593,0.018781787
1744,falling,0.032982804,0.014410321
1745,falling,0.065057576,0.1487097
1746,falling,0.048107736,0.02338537
1747,falling,0.048538283,0.1159086
1748,falling,0.025006004,0.012029097
1749,falling,0.024405628,0.01681257
1750,falling,0.039558627,0.085261345
1751,stable,0.05209757,0.0835224
1752,stable,0.051303573,0.02107517
1753,stable,0.04597485,0.012333141
1754,stable,0.060391795,0.07275792
1755,stable,0.047872465,0.018695176
1756,rising,0.042655244,0.014350778
1757,rising,0.040368393,0.0143563645
1758,rising,0.037897017,0.017984884
1759,rising,0.031613946,0.0052653123
1760,rising,0.04152048,0.020565467
1761,rising,0.058461364,0.04518632
1762,rising,0.08110129,0.14879705
1763,stable,0.034449358,0.00745133
1764,stable,0.05888586,0.13225445
1765,stable,0.047771234,0.093153484
1766,stable,0.030772941,0.010083496
1767,stable,0.04479744,0.057577204
1768,falling,0.0626672,0.1563327
1769,falling,0.04465144,0.027813146
1770,falling,0.041713115,0.01412002
1771,falling,0.041290656,0.010402256
1772,falling,0.035551563,0.0051474115
1773,falling,0.05203694,0.0968655
1774,stable,0.028430615,0.008841578
1775,stable,0.025930248,0.008812294
1776,stable,0.030991768,0.021918284
1777,stable,0.024564737,0.010845035
1778,stable,0.026684016,0.0113274865
1779,stable,0.028277446,0.011552896
1780,rising,0.039757136,0.015555581
1781,rising,0.028348302,0.019654142
1782,rising,0.04454021,0.11267969
1783,rising,0.0318489,0.031994298
1784,rising,0.041422706,0.014041727
1785,stable,0.05224083,0.04923505
1786,stable,0.06984655,0.01557494
1787,stable,0.10659556,0.21787697
1788,stable,0.11254908,0.1849127
1789,stable,0.08201688,0.02448031
1790,stable,0.08772398,0.045984022
1791,stable,0.13307925,0.21154661
1792,falling,0.073645756,0.026766328
1793,falling,0.070826605,0.031458445
1794,falling,0.09997417,0.17329119
1795,falling,0.06977919,0.033616837
1796,falling,0.049390044,0.027894622
1797,falling,0.026422238,0.014115454
1798,falling,0.017279375,0.009847323
1799,stable,0.02745186,0.06361923
1800,stable,0.02528662,0.0065727043
1801,stable,0.024965947,0.007937869
1802,stable,0.03197437,0.016741833
1803,stable,0.03159197,0.021412052
1804,rising,0.040095143,0.036836334
1805,rising,0.03609849,0.03432407
1806,rising,0.03550724,0.03877313
1807,rising,0.038213294,0.01637706
1808,rising,0.029797662,0.019399215
1809,rising,0.030260686,0.020849178
1810,stable,0.03140129,0.015681673
1811,stable,0.035494577,0.045259826
1812,stable,0.035251126,0.074687235
1813,stable,0.06253209,0.21609876
1814,stable,0.0553924,0.13981572
1815,stable,0.06011695,0.15322763
1816,falling,0.05755222,0.05671715
1817,falling,0.05316888,0.043343883
1818,falling,0.054742374,0.040507507
1819,falling,0.052027095,0.037819322
1820,falling,0.08012962,0.11331524
1821,falling,0.06893856,0.06513217
1822,stable,0.054957572,0.020321554
1823,stable,0.07316978,0.058093917
1824,stable,0.054618094,0.010025806
1825,stable,0.07705685,0.017134022
1826,stable,0.07910136,0.021120138
1827,stable,0.08024137,0.023605585
1828,stable,0.10504589,0.0872096
1829,rising,0.12209077,0.14305465
1830,rising,0.114042066,0.0492918
1831,rising,0.098832294,0.031827986
1832,rising,0.10818351,0.19631468
1833,rising,0.08484419,0.05367344
1834,stable,0.108302504,0.050955214
1835,stable,0.091152534,0.072422676
1836,stable,0.08464854,0.08855632
1837,stable,0.09661032,0.22910768
1838,stable,0.10246797,0.29494628
1839,stable,0.055561088,0.06313272
1840,falling,0.061032254,0.059706956
1841,falling,0.08140771,0.19826281
1842,falling,0.08282982,0.21742928
1843,falling,0.082177356,0.16639435
1844,falling,0.057025407,0.11995778
1845,falling,0.03306635,0.030059133
1846,falling,0.036320593,0.0552706
1847,stable,0.0281539,0.02675683
1848,stable,0.036130313,0.05250901
1849,stable,0.034735385,0.040947728
1850,stable,0.036742944,0.053381447
1851,stable,0.03767858,0.048603617
1852,rising,0.049166325,0.092738725
1853,rising,0.03259115,0.02217286
1854,rising,0.07347819,0.05383594
1855,rising,0.07501545,0.03589327
1856,rising,0.10523445,0.05767821
1857,rising,0.1110964,0.08223405
1858,stable,0.09618075,0.09176187
1859,stable,0.086729154,0.04755104
1860,stable,0.1022363,0.06237743
1861,stable,0.10481607,0.120398305
1862,stable,0.0942138,0.039990187
1863,stable,0.1444563,0.24972245
1864,falling,0.10490186,0.04811707
1865,falling,0.10581476,0.04784806
1866,falling,0.099436015,0.17754288
1867,falling,0.08926554,0.08078704
1868,falling,0.062397327,0.104589805
1869,falling,0.061026398,0.0965601
1870,stable,0.058625422,0.06606064
1871,stable,0.057408165,0.025743674
1872,stable,0.05489978,0.027505493
1873,stable,0.0708107,0.052053586
1874,stable,0.06665327,0.061289195
1875,stable,0.066703126,0.089636676
1876,rising,0.075569645,0.07923707
1877,rising,0.08211244,0.08555857
1878,rising,0.07444548,0.10763502
1879,rising,0.096270785,0.202456
1880,rising,0.087218806,0.12869604
1881,rising,0.08319172,0.09512685
1882,stable,0.08706613,0.08356138
1883,stable,0.058996215,0.08454272
1884,stable,0.08545072,0.094634786
1885,stable,0.07657644,0.075694785
1886,stable,0.13689847,0.35550317
1887,falling,0.08492974,0.12104354
1888,stable,0.12805341,0.31902626
1889,falling,0.08189953,0.060538165
1890,falling,0.11382281,0.26650512
1891,falling,0.08447954,0.08421675
1892,falling,0.07524351,0.121449046
1893,falling,0.07493556,0.10773995
1894,stable,0.073729746,0.048761364
1895,stable,0.055085786,0.024970045
1896,stable,0.051494732,0.035468962
1897,stable,0.06606709,0.08290217
1898,stable,0.06619491,0.076228246
1899,stable,0.07361683,0.0748094
1900,rising,0.08142162,0.10234073
1901,rising,1.5249352,0.03143137
1902,rising,2.1485353,0.16894186
1903,rising,2.4603066,0.20569484
1904,rising,2.635781,0.11958785
1905,stable,2.7144544,0.11108829
1906,stable,2.7788844,0.16173863
1907,stable,2.833612,0.1625705
1908,stable,2.8731241,0.2575731
1909,stable,2.8236015,0.21549813
1910,stable,2.848221,0.31264818
1911,stable,2.8974698,0.16503592
1912,falling,2.9434674,0.17110972
1913,spike,0.3268083,0.36458376
1914,spike,0.06855983,0.084614396
1915,spike,0.07809483,0.066282496
1916,spike,0.10480929,0.08523007
1917,spike,0.14481796,0.08070123
1918,spike,0.16137,0.100691445
1919,spike,0.17519246,0.086681396
1920,spike,0.17520504,0.088510856
1921,spike,0.1526101,0.08623877
1922,spike,0.17931257,0.11086691
1923,spike,0.16147663,0.111736566
1924,falling,0.17137863,0.12607193
1925,stable,0.18388768,0.1425739
1926,stable,0.18489866,0.11919525
1927,stable,0.14624506,0.11776711
1928,stable,0.16879036,0.14744627
1929,stable,0.1372629,0.21113071
1930,stable,0.13929318,0.2837532
1931,stable,0.15359813,0.31260517
1932,stable,0.1471513,0.35136157
1933,stable,0.13974747,0.35936856
1934,stable,0.103382215,0.2759166
1935,stable,0.09062216,0.22554854
1936,falling,0.050147414,0.093696915
1937,falling,0.052499007,0.16505732
1938,falling,0.023506876,0.013999216
1939,falling,0.032504696,0.05958904
1940,falling,1.6618912,0.060699884
1941,falling,2.3043568,0.07677571
1942,falling,2.6371796,0.11818848
1943,stable,2.8309183,0.08993728
1944,stable,2.9341314,0.15071636
1945,stable,2.908385,0.18342435
1946,stable,2.985388,0.119518474
1947,stable,3.0444076,0.14033023
1948,rising,3.0135589,0.19319177
1949,rising,3.126011,0.25184518
1950,rising,3.1351657,0.23788242
1951,rising,3.1349988,0.27671832
1952,spike,0.36855975,0.35586196
1953,spike,0.11262202,0.09808478
1954,spike,0.11211314,0.13277029
1955,spike,0.11967852,0.08961355
1956,spike,0.12812948,0.10295559
1957,spike,0.09584001,0.06336636
1958,spike,0.12638754,0.123746604
1959,spike,0.10024976,0.08595553
1960,spike,0.045283783,0.035437156
1961,spike,0.037149593,0.018933238
1962,spike,0.046245825,0.024345443
1963,spike,0.038841367,0.02128364
1964,falling,0.035630006,0.018017696
1965,falling,0.061194215,0.03625329
1966,falling,0.08784511,0.07218098
1967,falling,0.0843837,0.039164092
1968,stable,0.1495041,0.06367925
1969,stable,0.15453583,0.098238915
1970,stable,0.16715138,0.089288995
1971,rising,0.17493267,0.10351108
1972,rising,0.19314715,0.12425396
1973,rising,0.17177142,0.11899179
1974,rising,0.16760959,0.14404486
1975,rising,0.14902969,0.08978988
1976,rising,0.12261904,0.06416479
1977,stable,0.09211484,0.1020353
1978,stable,0.068872586,0.08989604
1979,stable,0.06584199,0.072054975
1980,stable,0.035205185,0.06276289
1981,stable,0.03624631,0.05234756
1982,stable,0.03187192,0.037015148
1983,stable,0.07971369,0.27901536
1984,falling,0.072569855,0.2444221
1985,falling,0.038152717,0.027344871
1986,falling,0.059547704,0.1489525
1987,falling,0.05128939,0.08885925
1988,falling,0.03934761,0.030302038
1989,falling,0.0425996,0.05390927
1990,stable,0.038390007,0.029451435
1991,stable,0.035945646,0.016541433
1992,stable,0.04309051,0.03565268
1993,stable,0.04408246,0.033048198
1994,stable,0.065885104,0.034803674
1995,rising,0.076809905,0.050486263
1996,stable,0.064305544,0.055463266
1997,rising,0.07220498,0.093387984
1998,rising,0.0744843,0.03985031
1999,rising,0.09613203,0.17363751
2000,rising,0.07558633,0.057597965
2001,rising,0.12120379,0.24108295
2002,stable,0.08406379,0.038466323
2003,stable,0.075543664,0.042531427
2004,stable,0.07786141,0.03703393
2005,stable,0.064767845,0.024435068
2006,stable,0.059437025,0.031672236
2007,stable,0.05352133,0.037522294
2008,stable,0.08391635,0.22571021
2009,falling,0.06333926,0.13455376
2010,falling,0.0323962,0.03942499
2011,falling,0.04162984,0.09684713
2012,falling,0.030737495,0.026122935
2013,falling,0.046799924,0.042372737
2014,stable,0.032857265,0.053825013
2015,stable,0.02639083,0.022384271
2016,stable,0.036814936,0.05650682
2017,stable,0.03650858,0.050667234
2018,stable,0.0344649,0.052255854
2019,stable,0.045607913,0.05171937
2020,rising,0.041599292,0.02976792
2021,rising,0.053707182,0.07975999
2022,rising,0.06359549,0.12239366
2023,rising,0.058662772,0.07903942
2024,rising,0.047385346,0.09789094
2025,stable,0.041928533,0.086597465
2026,stable,0.037642363,0.064547524
2027,stable,0.05022986,0.1447151
2028,stable,0.07529738,0.26340696
2029,stable,0.052192606,0.14814125
2030,stable,0.076285,0.25686225
2031,falling,0.025934372,0.045189366
2032,falling,0.059477203,0.21058683
2033,falling,0.023986736,0.041926853
2034,falling,0.050748255,0.16922337
2035,falling,0.03539633,0.081432
2036,falling,0.030020736,0.039998863
2037,stable,0.025855381,0.009551861
2038,stable,0.02823096,0.0134406695
2039,stable,0.027570434,0.017257886
2040,stable,0.04999181,0.0641199
2041,stable,0.05404334,0.05240188
2042,stable,0.04452337,0.019967292
2043,rising,0.04328066,0.020516546
2044,rising,0.05959095,0.101038925
2045,rising,0.046546534,0.019553805
2046,rising,0.042717658,0.022631204
2047,rising,0.04770497,0.029579787
2048,rising,0.04471753,0.02459554
2049,rising,0.07898191,0.19157968
2050,stable,0.04366134,0.03178506
2051,stable,0.0825574,0.2192592
2052,stable,0.026893662,0.013511249
2053,stable,0.0306819,0.01685486
2054,stable,0.021101372,0.009573167
2055,stable,0.059070203,0.20335886
2056,falling,0.020615853,0.012536386
2057,falling,0.051274426,0.17679854
2058,falling,0.03816096,0.106349476
2059,falling,0.015539708,0.010246452
2060,falling,0.015450061,0.012525886
2061,falling,0.018847413,0.013243313
2062,stable,0.014458571,0.006383437
2063,stable,0.01298027,0.011265806
2064,stable,0.012989497,0.0067765876
2065,stable,0.027589569,0.07529996
2066,stable,0.016586613,0.013659886
2067,stable,0.03456573,0.0145416185
2068,rising,0.037688743,0.023411404
2069,rising,0.05231589,0.08516326
2070,rising,0.04648849,0.020321919
2071,rising,0.038670436,0.012692769
2072,rising,0.05108442,0.019942164
2073,rising,0.045478176,0.012646695
2074,stable,0.8075275,0.042351607
2075,stable,1.1593254,0.08366874
2076,stable,1.3362786,0.091938205
2077,stable,1.4236778,0.10662721
2078,stable,1.4931662,0.113576226
2079,stable,1.4824401,0.13051862
2080,falling,1.5374184,0.1444033
2081,falling,1.585178,0.11315445
2082,falling,1.5175654,0.14628594
2083,falling,1.5103277,0.16683963
2084,falling,1.4492074,0.10725719
2085,falling,1.524773,0.090123445
2086,spike,0.16813119,0.17192785
2087,spike,0.053479433,0.04463646
2088,spike,0.044845812,0.023095066
2089,spike,0.07131043,0.16261712
2090,spike,0.06140045,0.13779524
2091,spike,0.06385422,0.12023717
2092,spike,0.060003318,0.104901105
2093,spike,0.06514311,0.14045359
2094,spike,0.05851398,0.05722751
2095,spike,0.04391532,0.029169938
2096,spike,0.038540404,0.013383004
2097,stable,0.046383657,0.025561865
2098,stable,0.07820122,0.045053054
2099,stable,0.08517232,0.048990265
2100,stable,0.11736448,0.06144543
2101,stable,0.14358355,0.08735354
2102,stable,0.18243341,0.08877628
2103,falling,0.18851933,0.0967978
2104,falling,0.18250078,0.087546885
2105,falling,0.16819653,0.13563883
2106,falling,0.12868106,0.0758257
2107,falling,0.13365154,0.07300394
2108,falling,0.13748163,0.10529906
2109,stable,0.11102209,0.047940854
2110,stable,0.07691543,0.030023852
2111,stable,0.07269243,0.03046267
2112,stable,0.05356555,0.021784121
2113,stable,0.069989234,0.09331125
2114,stable,0.0567036,0.017113518
2115,stable,0.048590247,0.015745146
2116,rising,0.054938685,0.01288767
2117,rising,0.0612537,0.019781668
2118,rising,0.074685015,0.1079337
2119,rising,0.04788609,0.018645685
2120,rising,0.033426244,0.029103233
2121,rising,0.04281317,0.01542038
2122,stable,0.043947294,0.016375652
2123,stable,0.06540893,0.064545184
2124,stable,0.054180916,0.011590223
2125,stable,0.06629348,0.014430848
2126,stable,0.07168064,0.023223588
2127,stable,0.0657901,0.023359628
2128,falling,0.06922018,0.032677043
2129,falling,0.079118654,0.031613316
2130,falling,0.08391916,0.04420119
2131,falling,0.084443375,0.03737093
2132,falling,0.0853293,0.03492764
2133,stable,0.11675764,0.06406566
2134,stable,0.10756973,0.13419007
2135,stable,0.03979563,0.019763345
2136,stable,0.037655495,0.011643938
2137,stable,0.05263694,0.053832114
2138,stable,0.035563696,0.0055024307
2139,stable,0.06277183,0.13247019
2140,rising,0.037718423,0.0066587646
2141,rising,0.025412116,0.01172546
2142,rising,0.028985936,0.015407265
2143,rising,0.03212147,0.012106246
2144,rising,0.025126379,0.008509812
2145,rising,0.029107533,0.008470544
2146,rising,0.030469395,0.011403437
2147,stable,0.025795612,0.0068637338
2148,stable,0.023197766,0.01434685
2149,stable,0.037570722,0.06807662
2150,stable,0.025972817,0.010429336
2151,stable,0.027682804,0.010638422
2152,falling,0.05511638,0.11680102
2153,falling,0.053141125,0.025501572
2154,falling,0.07339694,0.032133695
2155,falling,0.055209126,0.017380912
2156,falling,0.050503492,0.023094987
2157,stable,0.06489071,0.11991516
2158,stable,0.056981754,0.12704845
2159,stable,0.04475195,0.03260826
2160,stable,0.039504416,0.023619208
2161,stable,0.035770822,0.026391761
2162,stable,0.06578449,0.17863148
2163,rising,0.03788501,0.054565977
2164,rising,0.05124443,0.13966872
2165,rising,0.028547717,0.018177
2166,rising,0.029803047,0.014603402
2167,rising,0.025998205,0.04659805
2168,rising,0.022884184,0.010152104
2169,rising,0.050707877,0.074687086
2170,stable,0.03553398,0.0132260155
2171,stable,0.031398147,0.008998826
2172,stable,0.030819884,0.0079252925
2173,stable,0.038217895,0.0067999274
2174,stable,0.041916,0.0124448
2175,stable,0.05490751,0.07444965
2176,falling,0.04953575,0.013961037
2177,falling,0.05080268,0.012623191
2178,falling,0.042212054,0.006680445
2179,falling,0.0603637,0.082588896
2180,falling,0.06557929,0.13394743
2181,stable,0.049453,0.020226782
2182,stable,0.047910903,0.027131718
2183,stable,0.05329883,0.025811551
2184,stable,0.040793445,0.015395558
2185,stable,0.07071679,0.1856747
2186,stable,1.4774915,0.12234808
2187,stable,2.1377094,0.22538082
2188,rising,2.4993641,0.18151201
2189,rising,2.7059238,0.21480297
2190,rising,2.8183484,0.21403828
2191,rising,2.888256,0.18931776
2192,rising,2.9074733,0.19925702
2193,rising,2.8252356,0.23418736
2194,stable,2.9099488,0.22374484
2195,stable,2.9614189,0.14906718
2196,stable,2.823525,0.20540425
2197,stable,2.7316687,0.190046
2198,spike,0.30815452,0.28717327
2199,spike,0.12672943,0.14573252
2200,spike,0.08291106,0.089942366
2201,spike,0.10929099,0.16048492
2202,spike,0.12302681,0.21478935
2203,spike,0.10557403,0.14124343
2204,spike,0.1328358,0.29400522
2205,spike,0.13653527,0.29805523
2206,spike,0.1163901,0.3852599
2207,spike,0.0558332,0.05536511
2208,spike,0.061801944,0.054430008
2209,falling,0.11840282,0.21674968
2210,falling,0.12565117,0.16556256
2211,stable,0.1281743,0.1361836
2212,stable,0.14737235,0.19853856
2213,stable,0.115521416,0.19184814
2214,stable,0.093543075,0.111442655
2215,rising,0.09611767,0.13485804
2216,stable,0.10407774,0.114813335
2217,rising,0.10026121,0.086601235
2218,stable,0.10650437,0.081940725
2219,stable,0.11212545,0.0913462
2220,stable,0.093081586,0.0452893
2221,stable,0.07424892,0.033288103
2222,stable,0.08202502,0.042580493
2223,stable,0.08384724,0.030965345
2224,stable,0.10205522,0.116062626
2225,falling,0.10265935,0.07125107
2226,falling,0.09363866,0.057816558
2227,falling,0.09953519,0.06684097
2228,falling,0.12399059,0.10652215
2229,falling,0.1333847,0.09287387
2230,stable,0.10002705,0.100596406
2231,stable,0.08879452,0.09559808
2232,stable,0.13985895,0.29186377
2233,stable,0.1041979,0.28997537
2234,stable,0.107496746,0.27579144
2235,rising,0.047300354,0.031198472
2236,rising,0.04577462,0.027944027
2237,rising,0.05414871,0.018874884
2238,rising,0.06012525,0.032064267
2239,rising,0.06876408,0.100816645
2240,rising,0.052740175,0.029901013
2241,rising,0.048869338,0.024325646
2242,stable,0.039379068,0.03268683
2243,stable,0.046893902,0.016707575
2244,stable,0.045155156,0.014458226
2245,stable,0.052392267,0.024360087
2246,stable,0.060598426,0.054454036
2247,stable,0.061639298,0.030363543
2248,falling,0.081796005,0.09673054
2249,falling,0.06980576,0.043672055
2250,falling,0.07860107,0.17321958
2251,falling,0.050576158,0.03740353
2252,falling,0.08145969,0.2102492
2253,falling,0.050817315,0.03426826
2254,falling,0.057098944,0.06435397
2255,stable,0.096417785,0.3104213
2256,stable,0.043247197,0.0421915
2257,stable,0.037392195,0.0474951
2258,stable,0.08044047,0.284422
2259,stable,0.07017391,0.2609166
2260,stable,0.04235,0.08091245
2261,rising,0.058260452,0.21836345
2262,rising,0.051760737,0.15355435
2263,rising,0.0530882,0.15842499
2264,rising,0.040099856,0.07203245
2265,rising,0.040642474,0.018447574
2266,rising,0.040198103,0.031643033
2267,stable,0.052385055,0.023256093
2268,stable,0.06012273,0.022599349
2269,stable,0.060912274,0.04418724
2270,stable,0.06201629,0.032731883
2271,stable,0.057899192,0.037432913
2272,falling,0.05808212,0.026566975
2273,falling,0.068339474,0.05627252
2274,falling,0.07007783,0.081531554
2275,falling,0.0680287,0.03308102
2276,falling,0.05780755,0.020689324
2277,falling,0.07436587,0.0820833
2278,stable,0.07032355,0.081461325
2279,stable,0.095988244,0.23176761
2280,stable,0.045336228,0.07356295
2281,stable,0.08827729,0.29427502
2282,stable,0.05967961,0.101380095
2283,stable,0.06492616,0.047554333
2284,stable,0.061900336,0.040355954
2285,rising,0.08704481,0.19114792
2286,rising,0.08928633,0.19788502
2287,rising,0.061873563,0.041513965
2288,rising,0.06038665,0.024588084
2289,rising,0.071040586,0.099286675
2290,rising,0.056616,0.01998287
2291,stable,0.059085634,0.050052673
2292,stable,0.048891436,0.024924755
2293,stable,0.058893964,0.036712855
2294,stable,0.05334527,0.049913388
2295,stable,0.04482063,0.052345682
2296,falling,0.053664245,0.043008883
2297,falling,0.045294333,0.04612002
2298,falling,0.05289894,0.06486895
2299,falling,0.07696341,0.16989923
2300,falling,0.06929464,0.0864325
2301,falling,0.049899396,0.045611545
2302,stable,0.0556254,0.0726423
2303,stable,0.051038977,0.021376373
2304,stable,0.05338723,0.031436782
2305,stable,0.06760815,0.039437406
2306,stable,0.11326451,0.27510306
2307,stable,0.08785371,0.09779286
2308,stable,0.117537655,0.2704536
2309,rising,0.11008202,0.24925052
2310,rising,0.0673101,0.06245506
2311,rising,0.051839355,0.018896537
2312,rising,0.05049203,0.037259575
2313,rising,0.04869933,0.014222072
2314,stable,0.050048064,0.017750373
2315,stable,0.061073065,0.053882014
2316,stable,0.06788974,0.017329771
2317,stable,0.055643383,0.032787647
2318,stable,0.06801496,0.059064277
2319,stable,0.06736044,0.084721915
2320,falling,0.04896345,0.01729582
2321,falling,0.058819816,0.110428214
2322,falling,0.047347315,0.04032269
2323,falling,0.049941342,0.03927251
2324,falling,0.045320015,0.01806747
2325,falling,0.05340808,0.04644856
2326,stable,0.078846,0.14800821
2327,stable,0.060324676,0.049240846
2328,stable,0.032538462,0.02181128
2329,stable,0.030940915,0.016503673
2330,stable,0.03556408,0.037118543
2331,stable,0.0803734,0.20600832
2332,rising,0.044053964,0.020581333
2333,rising,0.08244992,0.16644141
2334,rising,0.07666318,0.13671032
2335,rising,0.048289735,0.013916267
2336,rising,0.051327787,0.017919466
2337,rising,0.049571387,0.009997271
2338,stable,0.04363175,0.009342393
2339,stable,0.041398775,0.014851062
2340,stable,0.047523987,0.06688154
2341,stable,0.044660266,0.015641702
2342,stable,0.04528626,0.01882565
2343,falling,0.02395564,0.02212357
2344,falling,0.030479128,0.02615887
2345,falling,0.04002528,0.11419095
2346,falling,0.032131813,0.031046713
2347,falling,0.02245118,0.0092261825
2348,falling,0.026024826,0.043116603
2349,falling,0.0378236,0.016509987
2350,stable,0.036419503,0.012490676
2351,stable,0.044107907,0.035509203
2352,stable,0.046704575,0.023142502
2353,stable,0.067828745,0.079165176
2354,stable,0.06500309,0.014205694
2355,stable,0.06357716,0.01148939
2356,rising,0.069705874,0.064222775
2357,rising,0.056198098,0.016076162
2358,rising,0.05044596,0.019551327
2359,rising,0.05797806,0.026113385
2360,rising,0.08457754,0.05668846
2361,stable,0.061511517,0.0069085825
2362,stable,0.064477414,0.007295399
2363,stable,0.070342354,0.010360885
2364,stable,0.0821129,0.039763276
2365,stable,0.059546072,0.017304542
2366,stable,0.072706714,0.08680195
2367,stable,0.08177686,0.10533284
2368,stable,0.06856658,0.021820994
2369,falling,0.059778687,0.015113545
2370,falling,0.06448772,0.02915079
2371,falling,0.07817996,0.037798624
2372,falling,0.051677715,0.031269837
2373,falling,0.050769527,0.03283346
2374,stable,0.051840972,0.028844021
2375,stable,0.042659085,0.020590605
2376,stable,0.07451562,0.17950504
2377,stable,0.076079406,0.18722217
2378,stable,0.07520881,0.19494691
2379,stable,0.06600787,0.13394733
2380,rising,0.061984695,0.16251525
2381,rising,0.03848571,0.03287583
2382,rising,0.04278882,0.06845112
2383,rising,0.026764309,0.016678285
2384,rising,0.03874043,0.067648396
2385,rising,0.017606163,0.012739133
2386,stable,0.030065669,0.021869048
2387,stable,0.033224564,0.013812832
2388,stable,0.045187455,0.05439879
2389,stable,1.0701245,0.116277315
2390,stable,1.590279,0.105503574
2391,stable,1.7976668,0.26965475
2392,falling,1.9235741,0.32501173
2393,falling,1.882234,0.16299413
2394,falling,1.9119656,0.22657698
2395,falling,1.9375185,0.16395588
2396,falling,1.9864266,0.18830264
2397,falling,1.9695365,0.25146347
2398,stable,1.8882324,0.31934673
2399,stable,1.964738,0.21448438
2400,stable,2.1100519,0.15463187
2401,spike,0.32713678,0.30662912
2402,spike,0.11536958,0.11822169
2403,spike,0.08655468,0.1648927
2404,spike,0.06380363,0.02607685
2405,spike,0.081420645,0.024742397
2406,spike,0.11969814,0.13841848
2407,spike,0.12891887,0.101074375
2408,spike,0.12692179,0.045119792
2409,spike,0.10970846,0.044148512
2410,spike,0.08597803,0.038606096
2411,spike,0.06589047,0.04092307
2412,falling,0.09296486,0.08877732
2413,falling,0.09041571,0.07473286
2414,falling,0.08875211,0.067182034
2415,falling,0.118148915,0.08863555
2416,falling,0.11295589,0.095263705
2417,falling,0.11158444,0.0839516
2418,falling,0.1349626,0.11698185
2419,falling,0.09586111,0.060609464
2420,falling,0.09134127,0.055940043
2421,falling,0.10888329,0.044523284
2422,stable,0.094629265,0.040160775
2423,stable,0.062793896,0.029871564
2424,stable,0.05212363,0.022792015
2425,stable,0.071108334,0.13295986
2426,stable,0.051571902,0.039757468
2427,stable,0.03269108,0.020829406
2428,rising,0.041513897,0.036544416
2429,rising,0.050971564,0.047652278
2430,rising,0.0552021,0.119207546
2431,rising,0.02928273,0.022184016
2432,rising,0.03301455,0.011205143
2433,rising,0.02127551,0.008330819
2434,stable,0.024693085,0.008599557
2435,stable,0.024746574,0.016143845
2436,stable,0.03784095,0.06914029
2437,stable,0.030407833,0.012942431
2438,stable,0.07156129,0.03377536
2439,stable,0.093300946,0.07946144
2440,stable,0.08002229,0.028702985
2441,falling,0.09549355,0.049397152
2442,falling,0.09883511,0.11942109
2443,falling,0.103954986,0.063971505
2444,falling,0.0834647,0.031280395
2445,stable,0.087966315,0.07100595
2446,stable,0.052787915,0.015326423
2447,stable,0.059779402,0.022289459
2448,stable,0.06983394,0.017701527
2449,stable,0.042952146,0.00909196
2450,stable,0.021646786,0.027973473
2451,stable,0.04758871,0.11934439
2452,rising,0.024648666,0.02072722
2453,rising,0.023920871,0.01990197
2454,rising,0.023406563,0.014876673
2455,rising,0.024898736,0.020292498
2456,rising,0.03389015,0.013246784
2457,rising,0.031204274,0.013836254
2458,stable,0.033620004,0.013803956
2459,stable,0.037358414,0.015149425
2460,stable,0.04429182,0.010204539
2461,stable,0.050914895,0.013950089
2462,stable,0.047667876,0.029339962
2463,falling,0.045009308,0.014668508
2464,falling,0.069466285,0.046606693
2465,falling,0.06386196,0.02398477
2466,falling,0.05761612,0.019386282
2467,falling,0.060057096,0.014659111
2468,falling,0.055441573,0.011479736
2469,falling,0.053572226,0.0063843993
2470,stable,0.06701579,0.017278317
2471,stable,0.069455795,0.01546668
2472,stable,0.050480235,0.008314306
2473,stable,0.051827982,0.010425707
2474,stable,0.056451187,0.019223096
2475,stable,0.07898867,0.07901624
2476,stable,0.04415789,0.02894503
2477,rising,0.051851217,0.031927902
2478,rising,0.07763633,0.030857755
2479,rising,0.071690395,0.033195887
2480,rising,0.045433033,0.01577151
2481,rising,0.054461166,0.017686596
2482,stable,0.063618585,0.10656952
2483,stable,0.072841965,0.13335305
2484,stable,0.041650165,0.01399674
2485,stable,0.052038703,0.07649213
2486,stable,0.039534282,0.0094081005
2487,stable,0.03142229,0.007837695
2488,falling,0.037359603,0.008623045
2489,falling,0.047430877,0.024068609
2490,falling,0.036442954,0.005404634
2491,falling,0.050822414,0.018855039
2492,falling,0.043581143,0.010300366
2493,falling,0.052593768,0.01590864
2494,stable,0.075373374,0.022365926
2495,stable,0.068265535,0.012861053
2496,stable,0.09104402,0.040878568
2497,stable,0.106660105,0.026100272
2498,stable,0.102763414,0.033311617
2499,stable,0.090862185,0.022784553
2500,rising,0.1185192,0.059311736
2501,rising,0.06399538,0.018412033
2502,rising,0.067019485,0.014233505
2503,rising,0.05306338,0.019167988
2504,rising,0.048173003,0.011573218
2505,rising,0.052887384,0.022903888
2506,stable,0.06464441,0.11857657
2507,stable,0.038952146,0.0066834553
2508,stable,0.040998418,0.007587619
2509,stable,0.07259851,0.025529293
2510,stable,0.052324656,0.015730226
2511,stable,0.07768657,0.15433541
2512,stable,0.046446677,0.025555914
2513,falling,0.048892558,0.023934267
2514,falling,0.064895846,0.087732755
2515,falling,0.07108096,0.1250286
2516,falling,0.045873776,0.012792103
2517,stable,0.06674726,0.06977898
2518,falling,0.044630386,0.0111067835
2519,stable,0.04432014,0.007850824
2520,stable,0.04626379,0.009993326
2521,stable,0.06654055,0.081709005
2522,stable,0.051648166,0.023133537
2523,stable,0.03962264,0.020398736
2524,rising,0.057218686,0.092368975
2525,rising,0.048360895,0.016440194
2526,rising,0.058850296,0.09430128
2527,rising,0.029060978,0.012619237
2528,rising,0.03655835,0.042965785
2529,rising,0.030308366,0.032343626
2530,stable,0.025524324,0.009666082
2531,stable,0.03183729,0.030433632
2532,stable,0.068162605,0.20055042
2533,stable,0.022769095,0.0068279216
2534,stable,0.021716936,0.00944342
2535,stable,0.044227764,0.02528712
2536,falling,0.051402576,0.035216186
2537,falling,0.056623936,0.033461265
2538,falling,0.048783183,0.017699376
2539,falling,0.065941535,0.015933603
2540,falling,0.075339004,0.02472873
2541,falling,0.06605039,0.0207051
2542,stable,0.06677714,0.009690346
2543,stable,0.060697563,0.012480661
2544,stable,0.06433736,0.020382196
2545,stable,0.06145568,0.01745915
2546,stable,0.07076751,0.044070967
2547,stable,0.055507127,0.03426526
2548,stable,0.056148447,0.03696525
2549,rising,0.053700823,0.03665959
2550,rising,0.08641829,0.14599526
2551,rising,0.07165709,0.07901912
2552,rising,0.068394646,0.045387194
2553,stable,0.05632517,0.041552566
2554,rising,0.105395086,0.25547788
2555,stable,0.07350614,0.04672829
2556,stable,0.07089247,0.03331817
2557,stable,0.09896869,0.17259164
2558,stable,0.06709024,0.06202358
2559,stable,0.10240839,0.27237272
2560,falling,0.057722732,0.056238603
2561,falling,0.09565867,0.19207993
2562,falling,0.054013874,0.029214203
2563,falling,0.07313661,0.15950383
2564,falling,0.042927407,0.029023014
2565,falling,0.054020368,0.10107737
2566,stable,0.041842386,0.026780829
2567,stable,0.03289508,0.017510744
2568,stable,0.03381269,0.0092232665
2569,stable,0.044237137,0.03408332
2570,stable,0.04331487,0.037492063
2571,stable,0.038129747,0.030372402
2572,rising,0.04716884,0.0520909
2573,rising,0.05878142,0.12955733
2574,rising,0.04274331,0.049885597
2575,rising,0.0494334,0.096752964
2576,rising,0.06641393,0.19570744
2577,rising,0.042131666,0.063482404
2578,rising,0.048191704,0.09274388
2579,stable,0.038393248,0.04371588
2580,stable,0.044398736,0.03982532
2581,stable,0.03000572,0.049507387
2582,stable,0.023829842,0.021926638
2583,falling,0.026627097,0.0235085
2584,falling,0.037788577,0.03850554
2585,falling,0.036770597,0.04529774
2586,falling,0.03676111,0.03226823
2587,falling,0.040327214,0.04353117
2588,falling,0.044415493,0.060367502
2589,falling,0.049700744,0.09506196
2590,falling,0.039546598,0.023535226
2591,stable,0.046054795,0.0047022332
2592,stable,0.062061884,0.021149607
2593,stable,0.06956216,0.034696557
2594,stable,0.07527626,0.03774879
2595,stable,0.08024142,0.045795735
2596,rising,0.09562958,0.10917909
2597,rising,0.08088345,0.03406232
2598,rising,0.087300226,0.050330494
2599,rising,0.11217603,0.12633543
2600,rising,0.08755226,0.08557241
2601,rising,0.08925437,0.08226008
2602,rising,0.15837574,0.27501807
2603,stable,0.11253271,0.32445163
2604,stable,0.055561144,0.06237109
2605,stable,0.09917067,0.2858839
2606,stable,0.04766492,0.088641554
2607,stable,0.04371967,0.034782615
2608,falling,0.08668995,0.2890395
2609,falling,0.08435116,0.24651422
2610,falling,0.077650465,0.2108539
2611,falling,0.045200177,0.058185477
2612,falling,0.04532704,0.050603982
2613,falling,0.030832341,0.023949878
2614,stable,0.03489133,0.080573015
2615,stable,0.026711287,0.02978515
2616,stable,0.020964645,0.040136598
2617,stable,1.3065326,0.035215314
2618,stable,1.8853567,0.07941731
2619,stable,2.0818584,0.12193412
2620,rising,2.1694572,0.11698736
2621,rising,2.280774,0.122093625
2622,rising,2.3277194,0.1942708
2623,rising,2.3610818,0.2020999
2624,rising,2.2960467,0.16521655
2625,rising,2.319809,0.15065391
2626,stable,2.3638244,0.21190463
2627,stable,2.3787522,0.21105778
2628,stable,2.4290588,0.20979324
2629,spike,0.20984106,0.21749225
2630,spike,0.086788304,0.048957907
2631,spike,0.074928075,0.041558903
2632,spike,0.08433333,0.022512158
2633,spike,0.091703795,0.023584602
2634,spike,0.102992386,0.06779435
2635,spike,0.09784058,0.030278305
2636,spike,0.11819818,0.102403
2637,spike,0.06801393,0.01942957
2638,spike,0.09411877,0.051793274
2639,spike,0.094980724,0.057074748
2640,falling,0.13485529,0.105436884
2641,falling,0.1979735,0.17518693
2642,stable,0.21709867,0.21025942
2643,stable,0.23833421,0.25967324
2644,stable,0.24579635,0.29011258
2645,stable,0.252448,0.2650753
2646,stable,0.25594428,0.27837905
2647,rising,0.2645654,0.2672299
2648,rising,0.31732884,0.30328012
2649,rising,0.2528497,0.23493317
2650,rising,0.22897862,0.23494196
2651,stable,0.17442885,0.17352928
2652,stable,0.14249276,0.2015356
2653,stable,0.12903254,0.22407417
2654,stable,0.07222823,0.08189022
2655,stable,0.10698511,0.3162497
2656,stable,0.05558773,0.04348578
2657,falling,0.046695963,0.028802596
2658,falling,0.04675655,0.052800942
2659,falling,0.046642378,0.033979107
2660,falling,0.036116146,0.024874222
2661,falling,0.042993758,0.05911946
2662,stable,0.0456075,0.07557175
2663,stable,0.05656657,0.042469468
2664,stable,0.049583774,0.040009364
2665,stable,0.05695521,0.041267812
2666,stable,0.072089285,0.08047455
2667,stable,0.08652688,0.09411741
2668,rising,0.093172155,0.104205936
2669,rising,0.093309864,0.07319024
2670,rising,0.15062127,0.2353707
2671,rising,0.12427791,0.0993579
2672,rising,0.12489045,0.13770528
2673,rising,0.123996526,0.15881418
2674,rising,0.12585698,0.1303042
2675,stable,0.11390098,0.22989407
2676,stable,0.12932386,0.34307596
2677,stable,0.07517526,0.10653632
2678,stable,0.056007568,0.051059313
2679,stable,0.070685945,0.06715075
2680,falling,0.06637008,0.03024241
2681,falling,0.082722165,0.06862822
2682,falling,0.07000623,0.1072583
2683,falling,0.054600086,0.03661172
2684,falling,0.055225417,0.013280057
2685,falling,0.055523474,0.0337473
2686,stable,0.05936509,0.04523027
2687,stable,0.05239548,0.021363026
2688,stable,0.055269517,0.048601147
2689,stable,0.06285025,0.05554748
2690,stable,0.05845726,0.043712012
2691,rising,0.043943804,0.047778968
2692,rising,0.058181837,0.083598256
2693,rising,0.04590553,0.02410889
2694,rising,0.045733143,0.030238174
2695,rising,0.061307315,0.14202614
2696,stable,0.08674774,0.23335887
2697,rising,0.07833052,0.23868884
2698,rising,0.04771932,0.09598689
2699,stable,0.087381564,0.28376004
2700,stable,0.06045017,0.1555576
2701,stable,0.03476313,0.035449285
2702,stable,0.051149096,0.048381403
2703,stable,0.08951583,0.23036055
2704,falling,0.08351793,0.25392398
2705,falling,0.06543934,0.184246
2706,falling,0.04219926,0.038353078
2707,falling,0.05343243,0.06283968
2708,falling,0.05940958,0.100929625
2709,falling,0.04699009,0.023142945
2710,stable,0.05076631,0.050432127
2711,stable,0.050676696,0.023922494
2712,stable,0.05766823,0.038808383
2713,stable,0.039959393,0.018187225
2714,stable,0.035233796,0.03707596
2715,stable,0.04428137,0.047727123
2716,rising,0.048303135,0.017380258
2717,rising,0.053103067,0.055065583
2718,rising,0.052772403,0.034462444
2719,rising,0.052231427,0.011136655
2720,rising,0.061774142,0.17597698
2721,rising,0.045172866,0.06421325
2722,stable,0.07053845,0.20261972
2723,stable,0.0802071,0.24587558
2724,stable,0.050203197,0.05236146
2725,stable,0.08668601,0.25363046
2726,stable,0.05432003,0.070364095
2727,stable,0.08038497,0.20463619
2728,stable,0.026631927,0.016683407
2729,falling,0.030198572,0.038823795
2730,falling,0.031923674,0.04327541
2731,falling,0.043880876,0.090223745
2732,falling,0.037922267,0.05527697
2733,falling,0.026009483,0.028888464
2734,falling,0.026373511,0.01593926
2735,stable,0.023648243,0.015247524
2736,stable,0.019494856,0.013779004
2737,stable,0.022873037,0.017169064
2738,stable,0.028477227,0.040932182
2739,stable,0.02532449,0.030106423
2740,rising,0.040057678,0.08649006
2741,rising,0.025137333,0.020044219
2742,rising,0.044687767,0.12946941
2743,rising,0.04579029,0.14660697
2744,rising,0.05252221,0.1657912
2745,rising,0.032991096,0.071876526
2746,stable,0.03040686,0.049198687
2747,stable,0.033989236,0.05152522
2748,stable,0.04112233,0.038608775
2749,stable,0.042690795,0.05245635
2750,stable,0.042554624,0.02122545
2751,stable,0.084845796,0.23733935
2752,falling,0.04403826,0.049681213
2753,falling,0.0394093,0.02168234
2754,falling,0.040683575,0.029165968
2755,falling,0.040289197,0.03311608
2756,falling,0.032368854,0.016476432
2757,falling,0.04245754,0.03322822
2758,stable,0.03805317,0.017218977
2759,stable,0.038112417,0.011446149
2760,stable,0.025490148,0.032417703
2761,stable,0.0265004,0.02022244
2762,stable,0.030584136,0.037028473
2763,stable,0.026487745,0.029687854
2764,rising,0.029774291,0.03697927
2765,rising,0.027727393,0.011974047
2766,rising,0.026860904,0.011107821
2767,rising,0.04273639,0.04157628
2768,rising,0.059144918,0.042957973
2769,stable,0.06427128,0.04218416
2770,stable,0.07861055,0.018123861
2771,stable,0.077753834,0.030475108
2772,stable,0.08701682,0.02902655
2773,stable,0.105623245,0.09275248
2774,stable,0.08473661,0.021477409
2775,stable,0.08196737,0.012323162
2776,falling,0.09344187,0.030303303
2777,falling,0.09403784,0.020967556
2778,falling,0.09234643,0.026178854
2779,falling,0.07418818,0.01694461
2780,stable,0.056660246,0.009012907
2781,falling,0.06096148,0.021865956
2782,stable,0.02806988,0.0047341976
2783,stable,0.04244039,0.08116644
2784,stable,0.021848042,0.0072350926
2785,stable,0.021173222,0.0064962087
2786,stable,0.024300886,0.008347862
2787,rising,0.025364673,0.015872246
2788,rising,0.021825708,0.0074686822
2789,rising,0.03228361,0.06197747
2790,rising,0.025770742,0.009644162
2791,rising,0.04492942,0.13986523
2792,rising,0.027353518,0.008534953
2793,stable,0.05699424,0.13232295
2794,rising,0.031021427,0.009551685
2795,stable,0.031894766,0.006092422
2796,stable,0.06938872,0.16238616
2797,stable,0.042182162,0.038772956
2798,stable,0.03555537,0.00943093
2799,stable,0.042483404,0.015396869
2800,falling,0.04287431,0.014397249
2801,falling,0.057028364,0.10795507
2802,falling,0.040161524,0.028875984
2803,falling,0.051961325,0.08506547
2804,falling,0.050455466,0.0060128574
2805,falling,0.06380154,0.0636074
2806,stable,0.06847433,0.065186635
2807,stable,0.056832347,0.005643046
2808,stable,0.069056965,0.07356407
2809,stable,0.0574273,0.0108690765
2810,stable,0.074106164,0.069703214
2811,stable,0.06673806,0.009910552
2812,stable,0.087525845,0.10233231
2813,rising,0.076719,0.020920012
2814,rising,0.069567814,0.010033332
2815,rising,0.08059781,0.04764868
2816,rising,0.07086403,0.026462555
2817,rising,0.049997684,0.016422551
2818,stable,0.049010925,0.01462649
2819,stable,0.04624598,0.0146552175
2820,stable,0.058783345,0.07254251
2821,stable,0.049939573,0.041658174
2822,stable,0.054025546,0.028770944
2823,stable,0.03737752,0.008794314
2824,falling,0.044672962,0.011711954
2825,falling,0.04170577,0.010215507
2826,falling,0.046154298,0.014906418
2827,falling,0.051085632,0.017157799
2828,falling,0.06339099,0.02610242
2829,falling,0.067607895,0.026254898
2830,stable,0.06284065,0.023729732
2831,stable,0.06098074,0.021850886
2832,stable,0.043044962,0.014665485
2833,stable,0.05888795,0.09788401
2834,stable,0.0488931,0.10997178
2835,rising,0.02326459,0.012135739
2836,rising,0.034298506,0.11789068
2837,rising,0.022910051,0.009812987
2838,rising,0.029209714,0.013961711
2839,rising,0.04404987,0.10907012
2840,rising,0.02059842,0.0070923828
2841,rising,0.023198556,0.010150337
2842,stable,0.025160778,0.0064771697
2843,stable,0.02886046,0.010780194
2844,stable,0.036807638,0.05966436
2845,stable,0.025637023,0.005672827
2846,stable,0.027321462,0.0069854427
2847,falling,0.05353194,0.11654303
2848,falling,0.030422252,0.009348159
2849,falling,0.033534944,0.019693261
2850,falling,0.028151829,0.00809557
2851,falling,0.026471162,0.0070341825
2852,falling,0.058333743,0.10366977
2853,falling,0.038426004,0.015398657
2854,stable,0.046235356,0.008790604
2855,stable,0.040474277,0.00926201
2856,stable,0.06276128,0.057670686
2857,stable,0.071568586,0.019241652
2858,stable,0.07796025,0.016190391
2859,rising,0.08351007,0.05546888
2860,rising,0.08920214,0.047370438
2861,rising,0.099976026,0.07673559
2862,rising,0.081233375,0.020032937
2863,rising,0.08596026,0.030115994
2864,rising,0.05830613,0.007250248
2865,rising,0.0744799,0.10906082
2866,stable,0.06948311,0.02113038
2867,stable,0.058978986,0.016726587
2868,stable,0.032618657,0.010506006
2869,stable,0.034677513,0.0070579355
2870,stable,0.044409867,0.009802554
2871,stable,0.026151247,0.009668352
2872,stable,0.031901546,0.008283771
2873,falling,0.02962597,0.012675782
2874,falling,0.06191786,0.15558822
2875,falling,0.03473476,0.0129000535
2876,falling,0.05029649,0.01008261
2877,stable,0.06995738,0.06302252
2878,stable,0.05563836,0.008075642
2879,stable,0.057684794,0.0061089867
2880,stable,0.063379325,0.015479625
2881,stable,0.0792292,0.099538654
2882,stable,0.09379812,0.14462484
2883,stable,0.06972186,0.010201109
2884,rising,0.06536771,0.010293912
2885,rising,0.06364928,0.005904102
2886,rising,0.076055355,0.034851957
2887,rising,0.06708894,0.011055346
2888,rising,0.058342442,0.01569377
2889,stable,0.06307759,0.017569683
2890,stable,0.042373322,0.014664543
2891,stable,0.043404087,0.010094987
2892,stable,0.051172134,0.02057087
2893,stable,0.031077437,0.01442709
2894,stable,0.047562048,0.015553542
2895,stable,0.06350557,0.059677117
2896,falling,0.0666406,0.06940159
2897,falling,0.057383064,0.011980621
2898,falling,0.060612954,0.011340016
2899,stable,0.055359226,0.019261466
2900,falling,0.060990613,0.02091477
2901,falling,0.09781172,0.15245983
2902,stable,0.09622203,0.12502584
2903,stable,0.058709577,0.01176053
2904,stable,0.064789884,0.0115487985
2905,stable,0.06473304,0.030845612
2906,stable,0.07570309,0.18898897
2907,stable,0.047415927,0.009347649
2908,rising,0.081031725,0.18849811
2909,rising,0.07408782,0.11878126
2910,rising,0.06753019,0.09170731
2911,rising,0.07148205,0.08978366
2912,rising,0.0664773,0.054476306
2913,stable,0.04877385,0.055884812
2914,rising,0.04319415,0.021824628
2915,stable,0.051035356,0.054366007
2916,stable,0.04673926,0.01810016
2917,stable,0.049184497,0.05318552
2918,stable,0.05968566,0.057165988
2919,stable,0.031658724,0.021612732
2920,falling,0.054604236,0.025511282
2921,falling,0.037693854,0.0267225
2922,falling,0.046723094,0.023514807
2923,falling,0.040227633,0.022298316
2924,falling,0.06737563,0.17089438
2925,falling,0.046233483,0.03628362
2926,stable,0.08501338,0.23583984
2927,stable,0.042101674,0.028759826
2928,stable,0.04966059,0.036476754
2929,stable,0.04970083,0.03596632
2930,stable,0.071234435,0.14538614
2931,stable,0.08463789,0.21099861
2932,rising,0.059984412,0.1410815
2933,rising,0.06168031,0.15623258
2934,rising,0.04920484,0.028717112
2935,rising,0.06377073,0.12760103
2936,rising,0.042647805,0.018988315
2937,rising,0.05699098,0.07015483
2938,stable,0.06126655,0.030864483
2939,stable,0.064921185,0.049579114
2940,stable,0.05638597,0.036859162
2941,stable,0.052917503,0.036541358
2942,stable,0.051523168,0.03930563
2943,falling,0.06557481,0.05256945
2944,stable,0.0698713,0.053665563
2945,falling,0.07174682,0.02535615
2946,falling,0.066557325,0.059617065
2947,falling,0.096055076,0.14458314
2948,falling,0.06785851,0.03220641
2949,falling,0.08562448,0.08774254
2950,stable,0.048456494,0.02951853
2951,stable,0.101224385,0.24201386
2952,stable,0.06272589,0.050565585
2953,stable,0.065348506,0.06866583
2954,stable,0.06828443,0.07505363
2955,stable,0.07244936,0.032439027
2956,stable,0.04815715,0.04280589
2957,rising,0.07732919,0.19669552
2958,rising,0.05277878,0.05302832
2959,rising,0.056822967,0.0530053
2960,rising,0.05085177,0.056910947
2961,stable,0.051046174,0.015305778
2962,stable,0.05044476,0.022849636
2963,stable,0.04342689,0.019100409
2964,stable,0.8244232,0.11294465
2965,stable,1.2598338,0.09203433
2966,stable,1.5128479,0.30380064
2967,stable,1.6459334,0.25892016
2968,falling,1.6638733,0.21091351
2969,falling,1.7168443,0.2615444
2970,falling,1.723047,0.3916694
2971,falling,1.6972431,0.27203938
2972,falling,1.6869545,0.16254503
2973,falling,1.8557969,0.3817079
2974,stable,1.6698011,0.2161389
2975,stable,1.6699142,0.2761545
2976,spike,0.37947494,0.64000493
2977,spike,0.16252469,0.39956823
2978,spike,0.08353307,0.13948725
2979,spike,0.06754299,0.09805226
2980,spike,0.06882513,0.15826662
2981,spike,0.05028296,0.025459457
2982,spike,0.041007508,0.05221237
2983,spike,0.03801724,0.02358944
2984,spike,0.05084067,0.084045224
2985,spike,0.050636116,0.04962879
2986,spike,1.4225276,0.12157943
2987,falling,2.0768192,0.19021846
2988,falling,2.4286954,0.22393522
2989,falling,2.5965981,0.22655262
2990,falling,2.7687755,0.28324524
2991,falling,2.816579,0.35884294
2992,falling,2.8086574,0.3646199
2993,falling,2.7931297,0.38419166
2994,falling,2.848963,0.39461806
2995,falling,2.9010012,0.3404867
2996,falling,3.012769,0.37028688
2997,falling,2.9803746,0.42860642
2998,spike,0.43298748,0.46926594
2999,spike,0.13250771,0.20585176
3000,spike,0.149582,0.4833985
3001,spike,0.08619637,0.07327066
3002,spike,0.09299817,0.1122893
3003,spike,0.1668034,0.35974905
3004,spike,0.12448273,0.22751391
3005,spike,0.096231066,0.08486098
3006,spike,0.11381446,0.13108562
3007,spike,0.109662674,0.10057619
3008,spike,0.14442065,0.17186849
3009,falling,0.126093,0.06371355
3010,falling,0.14511614,0.14356889
3011,stable,0.124749884,0.09837465
3012,stable,0.11727798,0.102430284
3013,stable,0.12714706,0.12706819
3014,falling,0.13460608,0.14940229
3015,stable,0.8604592,0.19553621
3016,falling,1.0931132,0.12809333
3017,falling,1.3625526,0.39119613
3018,falling,1.335737,0.18177636
3019,falling,1.3865906,0.2354528
3020,falling,1.3354686,0.13587695
3021,stable,1.2948053,0.14863239
3022,stable,1.3185412,0.114830956
3023,stable,1.4041518,0.41326746
3024,stable,1.4487424,0.54175997
3025,stable,1.6027235,0.5975047
3026,stable,1.4337097,0.1295469
3027,spike,0.25182483,0.4222599
3028,spike,0.1018124,0.1379212
3029,spike,0.10949705,0.33963627
3030,spike,0.07471556,0.19166152
3031,spike,0.07470559,0.1882243
3032,spike,0.04793982,0.050592814
3033,spike,0.7681453,0.097697265
3034,spike,0.99089944,0.14596722
3035,spike,1.1942866,0.15136336
3036,spike,1.2369741,0.17993367
3037,spike,1.2956134,0.19936496
3038,falling,1.2583642,0.155926
3039,falling,1.3552792,0.26209843
3040,falling,1.3588052,0.2731776
3041,falling,1.3701565,0.27612117
3042,falling,1.281854,0.16207574
3043,falling,1.2960647,0.3169357
3044,falling,1.346215,0.24156228
3045,spike,0.18157168,0.24699017
3046,spike,0.12148929,0.18524088
3047,spike,0.08834013,0.042433057
3048,spike,0.0855429,0.066939935
3049,spike,0.105534956,0.1647337
3050,spike,0.08056588,0.096359365
3051,spike,0.06473852,0.051928107
3052,spike,0.10574659,0.20668763
3053,spike,0.10841577,0.23294164
3054,spike,0.11905969,0.24388403
3055,spike,0.08950146,0.20904197
3056,stable,0.06338548,0.13771379
3057,stable,0.057266567,0.039694816
3058,stable,0.080239736,0.08467727
3059,stable,0.08660709,0.047146842
3060,stable,0.1362083,0.083586134
3061,stable,0.15521263,0.074802496
3062,falling,0.15859061,0.067954905
3063,falling,0.18340518,0.08457635
3064,stable,0.18801166,0.099502064
3065,falling,0.20351009,0.13360058
3066,falling,0.16615397,0.10010628
3067,falling,0.1575419,0.10236819
3068,falling,0.13232353,0.062135838
3069,falling,0.11332321,0.19627352
3070,stable,0.06877541,0.06721702
3071,stable,0.037271045,0.03838812
3072,stable,0.024474723,0.031985704
3073,stable,0.05368025,0.1772976
3074,stable,0.04281945,0.10723044
3075,stable,0.034144387,0.0682982
3076,rising,0.029572077,0.07280419
3077,rising,0.05084907,0.15246975
3078,rising,0.045691274,0.12229324
3079,rising,0.05064194,0.11674514
3080,rising,0.03776465,0.043906193
3081,rising,0.055321164,0.055598147
3082,stable,0.05151746,0.020140765
3083,stable,0.050950013,0.023213975
3084,stable,0.056589603,0.02052476
3085,stable,0.062393986,0.023662517
3086,stable,0.0703584,0.046210762
3087,stable,0.06863137,0.034565225
3088,falling,0.07420344,0.02355402
3089,falling,0.09005305,0.10791832
3090,falling,0.074707575,0.05229337
3091,falling,0.086234175,0.061347194
3092,falling,0.08223918,0.03620461
3093,falling,0.0677029,0.05328387
3094,stable,0.09692748,0.21487212
3095,stable,0.0673339,0.20792669
3096,stable,0.040923826,0.043234136
3097,stable,0.041694768,0.022405135
3098,stable,0.04597573,0.025041156
3099,rising,0.07905402,0.07757043
3100,stable,0.07055245,0.030748392
3101,rising,0.07405538,0.026345221
3102,rising,0.08194805,0.10177353
3103,rising,0.058191314,0.019724889
3104,rising,0.04851461,0.012403262
3105,stable,0.05790298,0.013762133
3106,stable,0.052354828,0.014390112
3107,stable,0.05524141,0.01071458
3108,stable,0.076023154,0.07114572
3109,stable,0.07999374,0.018235914
3110,stable,0.093066424,0.05473198
3111,falling,0.05418435,0.023146437
3112,falling,0.047587994,0.019671177
3113,falling,0.051901884,0.016505329
3114,falling,0.084347576,0.13560729
3115,falling,0.07795208,0.10610054
3116,falling,0.08629472,0.043141697
3117,falling,0.052770894,0.013632028
3118,stable,0.086109504,0.191713
3119,stable,0.04220283,0.020143406
3120,stable,0.06684528,0.20836484
3121,stable,0.033085432,0.009753701
3122,stable,0.047272272,0.011949745
3123,rising,0.04683322,0.02087663
3124,rising,0.07691955,0.17190734
3125,rising,0.054911684,0.026680652
3126,rising,0.0874317,0.1306074
3127,rising,0.061696675,0.020532658
3128,rising,0.07490586,0.12376926
3129,rising,0.06875601,0.11235962
3130,stable,0.047990736,0.014143355
3131,stable,0.07158402,0.022104813
3132,stable,0.09291897,0.035700426
3133,stable,0.08907897,0.10605883
3134,stable,0.058763973,0.023706406
3135,falling,0.07376174,0.101918265
3136,falling,0.068483844,0.024985075
3137,falling,0.080498055,0.04125568
3138,falling,0.07907993,0.11255364
3139,falling,0.06854086,0.06797696
3140,falling,0.04444333,0.019273212
3141,falling,0.042705007,0.01758078
3142,falling,0.036242653,0.04543303
3143,stable,0.026887516,0.012411719
3144,stable,0.03249849,0.04574314
3145,stable,0.04362859,0.1097917
3146,stable,0.025088329,0.005132536
3147,stable,0.04879344,0.13664836
3148,rising,0.023494346,0.0086041605
3149,rising,0.01809298,0.005306345
3150,rising,0.019229537,0.0051730894
3151,rising,0.024221241,0.017327126
3152,rising,0.018117597,0.0069893217
3153,rising,0.015994927,0.008277909
3154,rising,0.019921118,0.006513466
3155,stable,0.018858165,0.0066019683
3156,stable,0.022780785,0.0134971505
3157,stable,0.028074779,0.0066096685
3158,stable,0.040177986,0.08325142
3159,stable,0.034744013,0.007840863
3160,stable,0.032816704,0.0087775355
3161,falling,0.038271192,0.010275566
3162,falling,0.03253772,0.00555045
3163,falling,0.05082799,0.011913034
3164,falling,0.08236999,0.092950515
3165,falling,0.065706514,0.009216658
3166,stable,0.071481,0.011166835
3167,stable,0.095594816,0.09191439
3168,stable,0.08929027,0.023528976
3169,stable,0.08799683,0.02461842
3170,stable,0.10129334,0.026669005
3171,rising,0.12203988,0.0338294
3172,rising,0.11879459,0.024395265
3173,rising,0.16440593,0.08465034
3174,rising,0.1403082,0.08788151
3175,rising,0.078593366,0.025964214
3176,rising,0.081072554,0.11399638
3177,rising,0.062005583,0.052246172
3178,stable,0.06250828,0.09394806
3179,stable,0.033678137,0.0070570274
3180,stable,0.057063006,0.0711146
3181,stable,0.04877996,0.013134086
3182,stable,0.052515212,0.07099469
3183,falling,0.04123145,0.00885245
3184,falling,0.04576345,0.019247005
3185,falling,0.038308673,0.017596448
3186,falling,0.033105813,0.01716057
3187,falling,0.032696888,0.009957298
3188,falling,0.053942498,0.04057174
3189,stable,0.048628546,0.0173277
3190,stable,0.046434794,0.014878199
3191,stable,0.047478013,0.013384648
3192,stable,0.03340749,0.01160121
3193,stable,0.0575963,0.09387948
3194,stable,0.029861128,0.007245146
3195,stable,0.034158044,0.014159324
3196,rising,0.03038522,0.012269731
3197,rising,0.039716404,0.0150389215
3198,rising,0.041038867,0.01545119
3199,rising,0.038031615,0.0067478996
3200,rising,0.03650649,0.00883058
3201,rising,0.035173196,0.011338902
3202,stable,0.044434372,0.01134162
3203,stable,0.04650236,0.01605108
3204,stable,0.046709783,0.020010633
3205,stable,0.04257103,0.016079865
3206,stable,0.07307616,0.14360401
3207,stable,0.08198025,0.06374253
3208,falling,0.10214698,0.14770097
3209,falling,0.10412208,0.13272591
3210,falling,0.08163622,0.028462583
3211,falling,0.07211768,0.01911575
3212,falling,0.07018646,0.02757469
3213,falling,0.05959113,0.01610879
3214,falling,0.055943187,0.015943922
3215,stable,0.06532011,0.01066764
3216,stable,0.07770147,0.017977905
3217,stable,0.07273282,0.029798303
3218,stable,0.08151677,0.015353124
3219,stable,0.063054346,0.018313609
3220,rising,0.058434427,0.030316507
3221,rising,0.077465214,0.1031762
3222,rising,0.073768705,0.1099135
3223,rising,0.059127044,0.015549281
3224,rising,0.05920152,0.022265922
3225,rising,0.06377277,0.038439162
3226,stable,0.05458085,0.01124851
3227,stable,0.046212807,0.019793902
3228,stable,0.051459275,0.019790582
3229,stable,0.047125213,0.014868319
3230,stable,0.04805736,0.03152323
3231,stable,0.07730917,0.16889787
3232,falling,0.0502174,0.012534166
3233,falling,0.06339557,0.1475359
3234,falling,0.039535265,0.031685647
3235,falling,0.037834633,0.015369902
3236,falling,0.03640287,0.027795589
3237,falling,0.029519489,0.01469566
3238,stable,0.029637355,0.017264264
3239,stable,0.018334337,0.009918625
3240,stable,0.020211833,0.024788802
3241,stable,0.012986976,0.005411162
3242,stable,0.9149948,0.044740703
3243,stable,1.2861469,0.067823954
3244,stable,1.5395763,0.07500487
3245,rising,1.7134786,0.107137956
3246,rising,1.7773124,0.10899904
3247,rising,1.7984023,0.15677585
3248,rising,1.7806168,0.16066386
3249,rising,1.8346704,0.15341212
3250,stable,1.8060722,0.13570641
3251,stable,1.88875,0.1221367
3252,stable,1.9019151,0.08747275
3253,stable,1.8710831,0.093490586
3254,spike,0.20626493,0.19492276
3255,spike,0.07427268,0.06768878
3256,spike,0.046290647,0.024856564
3257,spike,0.06969297,0.034339588
3258,spike,0.080034785,0.039926425
3259,spike,0.08659883,0.046116337
3260,spike,0.10811852,0.036273573
3261,spike,0.14855646,0.04438262
3262,spike,0.1579227,0.07814961
3263,spike,0.17356774,0.08800318
3264,spike,0.18328105,0.11160104
3265,falling,0.20743664,0.15906337
3266,stable,0.2558676,0.20756835
3267,stable,0.27868363,0.22645581
3268,stable,0.30615678,0.27302167
3269,stable,0.2874523,0.25312248
3270,stable,0.28626612,0.27731976
3271,rising,0.30580062,0.28806472
3272,rising,0.25545374,0.24386501
3273,stable,0.20424585,0.21515553
3274,stable,0.15120013,0.14864802
3275,stable,0.13601159,0.12677751
3276,stable,0.113377064,0.10643817
3277,stable,0.105280384,0.15625492
3278,stable,0.05964863,0.042732373
3279,stable,0.05671877,0.039530814
3280,falling,0.05213224,0.04490032
3281,falling,0.037859168,0.023347598
3282,falling,0.03282775,0.023769885
3283,falling,0.03285489,0.011947056
3284,falling,0.030705689,0.008465215
3285,falling,0.038842387,0.019105962
3286,stable,0.04179797,0.016359238
3287,stable,0.044438045,0.01843657
3288,stable,1.4508573,0.06880573
3289,stable,2.1764205,0.14672852
3290,stable,2.4518883,0.18703008
3291,stable,2.6108863,0.18040413
3292,rising,2.7055585,0.29282376
3293,rising,2.7989428,0.2237495
3294,rising,2.753197,0.2522408
3295,rising,2.677263,0.22999795
3296,rising,2.733497,0.20128685
3297,stable,2.8478706,0.29312038
3298,stable,2.880913,0.30151218
3299,stable,4.2263427,0.2897672
3300,spike,2.2076836,0.38250116
3301,spike,2.4880433,0.2112853
3302,spike,2.6978571,0.17159009
3303,spike,2.8188035,0.16648735
3304,spike,2.745324,0.25128856
3305,spike,2.7655442,0.34634972
3306,spike,2.7437394,0.26674333
3307,spike,2.7076058,0.28872463
3308,spike,2.777851,0.31677327
3309,spike,2.8226876,0.3472945
3310,spike,2.864029,0.30748716
3311,spike,0.4979897,0.5210736
3312,spike,0.23752919,0.24763596
3313,spike,0.21930198,0.20728628
3314,spike,0.20494096,0.25974315
3315,spike,0.20835504,0.2627494
3316,spike,0.24869709,0.31273222
3317,spike,0.25906965,0.29973242
3318,spike,0.22948636,0.32315987
3319,spike,0.21719345,0.2808497
3320,spike,0.190227,0.22943597
3321,spike,0.21394421,0.31351018
3322,falling,0.19765867,0.2715153
3323,falling,0.16169405,0.20418528
3324,falling,0.11359783,0.12983295
3325,falling,0.10193062,0.12840062
3326,falling,0.09280254,0.12384804
3327,falling,0.13078259,0.2210862
3328,falling,0.1418015,0.26289383
3329,falling,0.14683111,0.23700774
3330,falling,0.12913832,0.19595009
3331,falling,0.08348074,0.10460838
3332,falling,0.09030309,0.112123676
3333,falling,0.07869997,0.09109148
3334,stable,0.07251215,0.064765826
3335,stable,0.08944288,0.08052212
3336,stable,0.060343824,0.059901066
3337,stable,0.062237825,0.039887615
3338,stable,0.08195872,0.084113725
3339,stable,0.081039265,0.089454874
3340,rising,0.07046055,0.05705526
3341,rising,0.04593018,0.04552575
3342,rising,0.05259904,0.085652016
3343,rising,0.066984996,0.17249572
3344,rising,0.07343273,0.2346715
3345,rising,0.08015673,0.18738845
3346,stable,0.10486493,0.32042044
3347,stable,0.05479515,0.06545755
3348,stable,0.061297372,0.056767706
3349,stable,0.06369308,0.106431775
3350,stable,0.11479198,0.3319737
3351,falling,0.11496451,0.30347395
3352,falling,0.10490771,0.1236676
3353,falling,0.107169725,0.1222445
3354,falling,0.13254063,0.18683618
3355,falling,0.12666571,0.13656534
3356,falling,0.11946909,0.1183399
3357,falling,0.10013071,0.15469734
3358,falling,0.0861474,0.11302624
3359,stable,0.06274348,0.026747484
3360,stable,0.0768427,0.071029216
3361,stable,0.0640389,0.01608312
3362,stable,0.052536372,0.029873813
3363,stable,0.034298684,0.047233194
3364,stable,0.036801405,0.06029645
3365,rising,0.059819464,0.098496266
3366,rising,0.04141379,0.030130139
3367,rising,0.04866267,0.02352081
3368,rising,0.04083635,0.026404465
3369,rising,0.07580947,0.20445356
3370,stable,0.07725059,0.22759813
3371,stable,0.062223196,0.09863086
3372,stable,0.07416613,0.14255597
3373,stable,0.05448381,0.031807173
3374,stable,0.05251503,0.034227114
3375,stable,0.061012257,0.06326417
3376,falling,0.061536882,0.057745438
3377,stable,0.036567915,0.020112338
3378,falling,0.06328333,0.15622677
3379,falling,0.054824457,0.11172679
3380,falling,0.063707426,0.11090639
3381,falling,0.051781654,0.04030282
3382,stable,0.058975175,0.06682225
3383,stable,0.03567971,0.030451354
3384,stable,0.037039466,0.0120183
3385,stable,0.037511766,0.02884392
3386,stable,0.041703694,0.048805896
3387,stable,0.051810466,0.05876569
3388,stable,0.04690837,0.065768614
3389,rising,0.06480894,0.13673708
3390,rising,0.05432383,0.06103446
3391,rising,0.06396041,0.060773697
3392,rising,0.061076675,0.04611727
3393,rising,0.100981124,0.15728867
3394,rising,0.075951315,0.11834339
3395,stable,0.0974704,0.2363773
3396,stable,0.09817428,0.3010017
3397,stable,0.10031764,0.30071163
3398,stable,0.09967569,0.29842725
3399,stable,0.041449316,0.028268253
3400,stable,0.042474695,0.030802237
3401,falling,0.065123945,0.15176804
3402,falling,0.04944963,0.047012947
3403,falling,0.07215938,0.14664729
3404,falling,0.07200355,0.12716232
3405,stable,0.04968006,0.03698146
3406,stable,0.051686574,0.0323996
3407,stable,0.059553787,0.035436854
3408,stable,0.064979464,0.04567148
3409,stable,0.06486174,0.032248132
3410,stable,0.061743807,0.048086256
3411,stable,0.07112166,0.055593714
3412,rising,0.07468089,0.028842919
3413,rising,0.07887669,0.04250531
3414,rising,0.08401794,0.13854665
3415,rising,0.08343205,0.10862934
3416,stable,0.07383312,0.03393142
3417,rising,0.086069755,0.057228394
3418,stable,0.121394716,0.29024318
3419,stable,0.092920415,0.12037001
3420,stable,0.065484054,0.11031529
3421,stable,0.05110905,0.039859734
3422,stable,0.09682774,0.24191433
3423,falling,0.04856262,0.05582571
3424,falling,0.08068968,0.22003637
3425,falling,0.052679233,0.05568825
3426,falling,0.049827337,0.04588951
3427,falling,0.0653545,0.12917139
3428,falling,0.04360251,0.024520721
3429,falling,0.03475006,0.04117784
3430,falling,0.032892026,0.013389814
3431,stable,0.029020702,0.02069247
3432,stable,0.035596944,0.033562843
3433,stable,0.035413496,0.028195892
3434,stable,0.03976708,0.05749492
3435,rising,0.03311729,0.035125293
3436,rising,0.036670096,0.057896037
3437,rising,0.033380315,0.061649915
3438,rising,0.036190476,0.063228816
3439,rising,0.05266622,0.14209288
3440,rising,0.030108405,0.022359217
3441,rising,0.05638695,0.17295597
3442,stable,0.03151116,0.053301524
3443,stable,0.025118727,0.04029671
3444,stable,0.04103767,0.053781964
3445,stable,0.02982681,0.015589288
3446,stable,0.07224239,0.23513374
3447,stable,0.060565576,0.18501657
3448,falling,0.03399461,0.0456509
3449,falling,0.03284273,0.041664965
3450,falling,0.059027992,0.14141306
3451,falling,0.034190822,0.025463829
3452,falling,0.038625844,0.018499153
3453,falling,0.037793804,0.02318755
3454,stable,0.040339384,0.020175122
3455,stable,0.040248454,0.030079762
3456,stable,0.03408886,0.03640059
3457,stable,0.03360898,0.021682847
3458,stable,0.031207848,0.02494282
3459,stable,0.024916047,0.03350071
3460,rising,0.031125253,0.04784632
3461,rising,0.042093053,0.081296995
3462,rising,0.028765725,0.063189834
3463,rising,0.021609683,0.01437031
3464,rising,0.02917539,0.034163866
3465,stable,0.033781026,0.03395959
3466,stable,0.03610442,0.072389185
3467,stable,0.059157386,0.18116383
3468,stable,0.035899114,0.031479165
3469,stable,0.04088247,0.030580794
3470,stable,0.0863399,0.2457706
3471,stable,0.05275592,0.04633131
3472,falling,0.04961144,0.035160255
3473,falling,0.044245295,0.021495717
3474,falling,0.07190498,0.15776056
3475,falling,0.044699255,0.011639917
3476,falling,0.04676326,0.023263423
3477,falling,0.053117696,0.020118564
3478,stable,0.041795902,0.013113575
3479,stable,0.045609184,0.015528514
3480,stable,0.03716268,0.009002402
3481,stable,0.039827872,0.008226736
3482,stable,0.043168608,0.0147258965
3483,stable,0.035317432,0.0782623
3484,rising,0.039672323,0.096460365
3485,rising,0.019625375,0.008965725
3486,rising,0.020539504,0.019745165
3487,rising,0.050912485,0.12635906
3488,rising,0.04713812,0.10812888
3489,rising,0.028559811,0.033396244
3490,stable,0.055693198,0.16976899
3491,stable,0.036992166,0.07415164
3492,stable,0.026499381,0.010390047
3493,stable,0.02954086,0.009806868
3494,stable,0.037745353,0.01982809
3495,stable,0.07223753,0.1935722
3496,falling,0.07474212,0.18485694
3497,falling,0.036158863,0.003873066
3498,falling,0.06730251,0.13262908
3499,falling,0.028434766,0.005544785
3500,falling,0.029808132,0.0050473423
3501,falling,0.03131347,0.011053232
3502,stable,0.02755908,0.0077598575
3503,stable,0.032364212,0.0109789595
3504,stable,0.034758817,0.010210578
3505,stable,0.04038529,0.06934954
3506,stable,0.03926106,0.01555915
3507,stable,0.03188062,0.011798167
3508,rising,0.031643204,0.0075497422
3509,rising,0.054812785,0.10710903
3510,rising,0.03545373,0.007402368
3511,rising,0.040986296,0.019797163
3512,rising,0.05818628,0.089254804
3513,rising,0.039510384,0.015753243
3514,stable,0.034713782,0.007207105
3515,stable,0.038707398,0.010734876
3516,stable,0.05376775,0.046263047
3517,stable,0.03119111,0.00913246
3518,stable,0.030511495,0.021810576
3519,stable,0.060447898,0.16266799
3520,falling,0.032947075,0.010323223
3521,falling,0.056309022,0.1183234
3522,falling,0.068364285,0.13882804
3523,falling,0.039710894,0.008855242
3524,falling,0.03821462,0.007431182
3525,falling,0.036404815,0.006035346
3526,stable,0.046186112,0.009090345
3527,stable,0.049963422,0.007673046
3528,stable,0.05259226,0.01055967
3529,stable,0.045861356,0.00966229
3530,stable,0.04293765,0.008905941
3531,rising,0.038519975,0.00416805
3532,stable,0.04540602,0.007284145
3533,rising,0.049560003,0.013194305
3534,rising,0.0388391,0.0052124187
3535,rising,0.035731543,0.0070814234
3536,rising,0.05813949,0.015923455
3537,rising,0.05892345,0.0070487545
3538,rising,0.05468984,0.008499529
3539,stable,0.045360126,0.007099998
3540,stable,0.054474395,0.0115670515
3541,stable,0.06151327,0.010711284
3542,stable,0.11168773,0.09963545
3543,stable,0.091902815,0.014758161
3544,falling,0.08333132,0.017318163
3545,falling,0.1015486,0.13677736
3546,falling,0.07465506,0.016072756
3547,falling,0.08864391,0.013499021
3548,falling,0.07257637,0.010167179
3549,falling,0.07364153,0.015501827
3550,stable,0.074724,0.01649265
3551,stable,0.11488294,0.1367394
3552,stable,0.06461728,0.060158778
3553,stable,0.0727855,0.12657376
3554,stable,0.045895036,0.00801797
3555,stable,0.043508347,0.011436489
3556,rising,0.061950225,0.10338212
3557,rising,0.04237614,0.005848387
3558,rising,0.053844977,0.053667195
3559,stable,0.039697967,0.009418158
3560,rising,0.035733424,0.014994259
3561,rising,0.03863198,0.015215635
3562,rising,0.039149053,0.027750207
3563,stable,0.036608618,0.011204765
3564,stable,0.031387556,0.0060354606
3565,stable,0.027729535,0.00533949
3566,stable,0.04208893,0.012655531
3567,falling,0.06516283,0.121501364
3568,falling,0.034737416,0.016122578
3569,falling,0.034150694,0.006378543
3570,falling,0.039147213,0.03461033
3571,falling,0.03828678,0.01181686
3572,falling,0.06932445,0.12461353
3573,falling,0.041578475,0.00973989
3574,stable,0.04514558,0.014784697
3575,stable,0.04245709,0.010023519
3576,stable,0.034577116,0.007990303
3577,stable,0.049678616,0.093180254
3578,stable,0.04158694,0.07747489
3579,stable,0.037307728,0.028651798
3580,stable,0.0335749,0.008674398
3581,rising,0.030022277,0.013600214
3582,rising,0.038722564,0.007409481
3583,rising,0.055061147,0.09234857
3584,rising,0.042139277,0.008237525
3585,rising,0.03656171,0.013179091
3586,stable,0.040377308,0.0060353735
3587,stable,0.04563378,0.0063704937
3588,stable,0.042121943,0.0044911997
3589,stable,0.046519484,0.0032498534
3590,stable,0.043391526,0.008633338
3591,stable,0.04731441,0.005259913
3592,falling,0.038522407,0.007703415
3593,falling,0.06987843,0.13632737
3594,falling,0.033565518,0.0089711845
3595,falling,0.057598,0.13581789
3596,falling,0.07248043,0.17401946
3597,falling,0.03376672,0.018044809
3598,stable,0.0547172,0.02222063
3599,stable,0.06088959,0.152275
3600,stable,0.03978948,0.022360785
3601,stable,0.0326299,0.048929263
3602,stable,0.06483933,0.18898958
3603,rising,0.024047848,0.01602405
3604,rising,0.028478257,0.019142458
3605,rising,0.022118155,0.013432644
3606,rising,0.043708157,0.101009816
3607,rising,0.030297326,0.040143497
3608,rising,0.030091139,0.014134757
3609,rising,0.040504027,0.020075224
3610,stable,0.039917383,0.012512196
3611,stable,0.0260638,0.008116746
3612,stable,0.027606435,0.009049129
3613,stable,0.03237176,0.011742558
3614,stable,0.06752114,0.09203786
3615,stable,0.052735873,0.027440645
3616,falling,0.08443574,0.12840559
3617,falling,0.056100436,0.011859588
3618,falling,0.049159147,0.016719043
3619,falling,0.05177441,0.014310917
3620,falling,0.04972938,0.035127096
3621,falling,0.042443626,0.013091296
3622,stable,0.044092704,0.01831662
3623,stable,0.063344955,0.111694224
3624,stable,0.05400638,0.07678628
3625,stable,0.046679243,0.019914526
3626,stable,0.04394414,0.06522749
3627,stable,0.0367854,0.009046107
3628,rising,0.041302893,0.10421567
3629,rising,0.04734948,0.022014258
3630,rising,0.051323894,0.018514205
3631,rising,0.05448363,0.023532908
3632,rising,0.050236262,0.01856401
3633,rising,0.051432494,0.008774695
3634,stable,0.05533683,0.010412643
3635,stable,0.0595129,0.015285479
3636,stable,0.06549524,0.049893983
3637,stable,0.06029005,0.016619785
3638,stable,0.052965946,0.018551417
3639,falling,0.07386529,0.06407137
3640,stable,0.05687148,0.013102125
3641,falling,0.046122205,0.04676189
3642,falling,0.06060349,0.11267765
3643,falling,0.05217369,0.020797042
3644,falling,0.04653224,0.019353198
3645,falling,0.03225431,0.026759624
3646,falling,0.038229663,0.045462426
3647,stable,0.03204638,0.016728064
3648,stable,0.022354607,0.01623294
3649,stable,0.018795492,0.012250147
3650,stable,0.017472778,0.006545609
3651,stable,0.024553778,0.050728675
3652,stable,0.015982606,0.024814008
3653,rising,0.037057184,0.13845861
3654,rising,0.02313859,0.07096838
3655,rising,0.01563031,0.026071003
3656,rising,0.01193048,0.009884269
3657,rising,0.015696859,0.01746659
3658,stable,0.025161503,0.052031305
3659,stable,0.02484063,0.020911064
3660,stable,0.021877188,0.019534778
3661,stable,0.024401419,0.027700515
3662,stable,0.02850928,0.024428336
3663,stable,0.039050214,0.037790574
3664,falling,0.04187975,0.039383862
3665,falling,0.05574615,0.1317928
3666,falling,0.044076093,0.053248826
3667,falling,0.048328448,0.03756731
3668,falling,0.059385214,0.064908944
3669,falling,0.02923636,0.02578397
3670,stable,0.03828654,0.083729915
3671,stable,0.03820951,0.06945516
3672,stable,0.06712696,0.23531616
3673,stable,0.047363196,0.04106911
3674,stable,0.0382102,0.020132229
3675,stable,0.07661886,0.23956303
3676,rising,0.07470834,0.22156127
3677,rising,0.043541897,0.03011463
3678,rising,0.07130609,0.17655869
3679,rising,0.06688782,0.15323174
3680,rising,0.04780907,0.03533844
3681,rising,0.05014457,0.021338562
3682,stable,0.05208324,0.01581517
3683,stable,0.06661172,0.01774638
3684,stable,0.06087133,0.014305115
3685,stable,0.08206407,0.06207099
3686,stable,0.067043744,0.042060386
3687,stable,0.06847441,0.027507287
3688,falling,0.0798277,0.11142487
3689,falling,0.06365247,0.031104334
3690,falling,0.0795604,0.045033418
3691,falling,0.07922791,0.07278644
3692,falling,0.09789949,0.18585274
3693,falling,0.056519076,0.027201906
3694,stable,0.06650836,0.06138745
3695,stable,0.10651958,0.26349157
3696,stable,0.09018317,0.24079962
3697,stable,0.042736158,0.023770042
3698,stable,0.0658838,0.17493239
3699,stable,0.07032655,0.23834763
3700,rising,0.029816305,0.030467635
3701,rising,0.02940049,0.033490933
3702,rising,0.028743897,0.029285636
3703,rising,0.044863388,0.12605698
3704,rising,0.026788412,0.013967418
3705,rising,0.03634975,0.064791344
3706,rising,0.03006238,0.019685231
3707,stable,0.031131394,0.023391668
3708,stable,0.03416632,0.03432947
3709,stable,0.04118525,0.061841402
3710,stable,0.04398093,0.059120454
3711,stable,0.03863603,0.04545928
3712,falling,0.04341787,0.07962428
3713,falling,0.04641845,0.049613878
3714,falling,0.028232561,0.021536045
3715,falling,0.038203645,0.055331126
3716,falling,0.031761516,0.05180541
3717,falling,0.042379152,0.089822456
3718,stable,0.029937195,0.029863888
3719,stable,0.03650548,0.07369961
3720,stable,0.03507514,0.02219522
3721,stable,0.08351739,0.2710389
3722,stable,0.0472642,0.049203753
3723,rising,0.043856446,0.037210494
3724,rising,0.047951717,0.03178523
3725,rising,0.07286085,0.15929697
3726,rising,0.07299678,0.14239672
3727,rising,0.06611956,0.09564253
3728,rising,0.05444767,0.045429546
3729,stable,0.05171913,0.031497337
3730,stable,0.050457977,0.019034285
3731,stable,0.052854083,0.0046761343
3732,stable,0.06006414,0.044231616
3733,stable,0.05441997,0.03214394
3734,stable,0.048947327,0.034515243
3735,stable,0.073666856,0.049824588
3736,falling,0.05704922,0.04269846
3737,falling,0.06606631,0.04573782
3738,falling,0.05642692,0.023286873
3739,falling,0.053010557,0.01819298
3740,falling,0.06395851,0.062784486
3741,stable,0.05626479,0.021811808
3742,stable,0.051082157,0.042212654
3743,stable,0.045499466,0.05066049
3744,stable,0.08251945,0.22210702
3745,stable,0.07630612,0.21818097
3746,stable,0.065280184,0.07301175
3747,stable,0.043380838,0.031846877
3748,stable,0.043564018,0.0171486
3749,rising,0.03809714,0.01225557
3750,rising,0.06523534,0.1376155
3751,rising,0.03176511,0.023459554
3752,rising,0.03314728,0.030721866
3753,rising,0.03152669,0.013558392
3754,stable,0.04354604,0.07673127
3755,stable,0.030835608,0.012252926
3756,stable,0.041411594,0.045436356
3757,stable,0.049370572,0.03915237
3758,stable,0.024402875,0.05280928
3759,stable,0.025386162,0.019604461
3760,stable,0.03772225,0.0788304
3761,falling,0.030733734,0.03193815
3762,falling,0.039176203,0.045970544
3763,falling,0.045406103,0.096277915
3764,falling,0.03630326,0.050078366
3765,falling,0.031739544,0.03865915
3766,stable,0.037241388,0.08460498
3767,stable,0.031119386,0.034562886
3768,stable,0.037373625,0.08214295
3769,stable,0.063082345,0.20753147
3770,stable,0.06766117,0.24953417
3771,rising,0.025686502,0.036391288
3772,rising,0.07197941,0.20850697
3773,rising,0.03812295,0.05538153
3774,rising,0.030550439,0.017467692
3775,rising,0.036227707,0.026123581
3776,rising,0.038567793,0.026142018
3777,rising,0.036459614,0.025238072
3778,stable,0.03639661,0.0073884055
3779,stable,0.043563876,0.032805845
3780,stable,0.04079454,0.01327803
3781,stable,0.06390847,0.0357465
3782,stable,0.059289623,0.04389692
3783,stable,0.05621191,0.02438041
3784,falling,0.046728477,0.030259406
3785,falling,0.051844824,0.024167811
3786,falling,0.06489956,0.014650727
3787,falling,0.07155745,0.049954616
3788,falling,0.0835262,0.022250626
3789,falling,0.08323268,0.035805594
3790,stable,0.07567139,0.03434591
3791,stable,0.06790676,0.025709303
3792,stable,0.06453069,0.030549334
3793,stable,0.10911175,0.25263098
3794,stable,0.096611075,0.16444989
3795,stable,0.067805745,0.028874004
3796,rising,0.08326268,0.022358358
3797,rising,0.0817978,0.022319064
3798,stable,0.0680521,0.019232359
3799,rising,0.08591817,0.11495368
3800,rising,0.057228614,0.018102739
3801,rising,0.054463487,0.016037611
3802,stable,0.045265626,0.014954103
3803,stable,0.05104457,0.014058336
3804,stable,0.04425536,0.010672248
3805,stable,0.052866936,0.013626218
3806,stable,0.06260182,0.019313142
3807,falling,0.060085844,0.020233162
3808,falling,0.055363104,0.03146467
3809,falling,0.04935507,0.015174564
3810,falling,0.07448803,0.15195838
3811,falling,0.07521559,0.13437377
3812,falling,0.056234114,0.03532832
3813,falling,0.07123183,0.13980456
3814,stable,0.08477211,0.19349045
3815,stable,0.05894958,0.07724889
3816,stable,0.05658879,0.038302045
3817,stable,0.031864185,0.010228083
3818,stable,0.035575844,0.013216905
3819,rising,0.041601397,0.02402117
3820,rising,0.04249925,0.020175802
3821,rising,0.06393787,0.11861967
3822,rising,0.06829598,0.13382371
3823,rising,0.052066877,0.04711716
3824,rising,0.03425485,0.011012838
3825,stable,0.033742316,0.0115380185
3826,stable,0.025258293,0.0076076537
3827,stable,0.04115543,0.050445784
3828,stable,0.047749046,0.054880854
3829,stable,0.045064252,0.06151953
3830,stable,0.046592113,0.016669098
3831,falling,0.04637243,0.012943109
3832,falling,0.06274718,0.022907449
3833,falling,0.085342236,0.030728513
3834,falling,0.10046658,0.04007407
3835,falling,0.09962903,0.037168875
3836,falling,0.12543993,0.037846085
3837,falling,0.09911594,0.032697167
3838,stable,0.10204848,0.020333499
3839,stable,0.088901125,0.019186672
3840,stable,0.07725767,0.019343805
3841,stable,0.07382252,0.013659045
3842,stable,0.09914707,0.14832406
3843,stable,0.06587864,0.016116777
3844,rising,0.055478446,0.017769199
3845,stable,0.060309846,0.025752293
3846,rising,0.062258378,0.008543238
3847,rising,0.07724356,0.01790325
3848,rising,0.062973306,0.007887419
3849,stable,0.067952685,0.010801583
3850,rising,0.068747714,0.020996211
3851,stable,0.08357623,0.11417014
3852,stable,0.07527183,0.008841628
3853,stable,0.09928906,0.09041677
3854,stable,0.090241715,0.010405857
3855,stable,0.081589736,0.00763331
3856,stable,0.08496264,0.01089026
3857,falling,0.08219947,0.013361146
3858,falling,0.077523135,0.030395627
3859,falling,0.07156289,0.07865938
3860,falling,0.05625605,0.013258242
3861,falling,0.0600247,0.016255096
3862,stable,0.08120881,0.12938714
3863,stable,0.044111393,0.0057574557
3864,stable,0.05741286,0.017179774
3865,stable,0.041385453,0.010403779
3866,stable,0.026398737,0.009507987
3867,stable,0.03878917,0.12511227
3868,rising,0.020901214,0.0031161064
3869,stable,0.031781036,0.017304132
3870,rising,0.059320014,0.14305362
3871,rising,0.04498964,0.06316014
3872,rising,0.05071958,0.06551175
3873,rising,0.03483593,0.0071188924
3874,stable,0.035503782,0.008290348
3875,stable,0.034831855,0.005360287
3876,stable,0.030547494,0.005670471
3877,stable,0.032301154,0.0056078634
3878,stable,0.036804892,0.008715268
3879,stable,0.041889932,0.008965759
3880,falling,0.025395887,0.0094749965
3881,falling,0.040308807,0.07575661
3882,falling,0.027464394,0.012526042
3883,falling,0.03326993,0.015300822
3884,falling,0.0490146,0.12434717
3885,falling,0.046646737,0.12283422
3886,stable,0.020080643,0.0122607
3887,stable,0.018401908,0.003049207
3888,stable,0.042327423,0.01822435
3889,stable,0.03764657,0.01089565
3890,stable,0.064569816,0.15410629
3891,rising,0.039045226,0.011346278
3892,rising,0.053203695,0.016279913
3893,rising,0.049569927,0.009751813
3894,rising,0.071780756,0.13404202
3895,rising,0.051750652,0.036950886
3896,rising,0.07776169,0.05554908
3897,rising,0.08460748,0.03617737
3898,stable,0.08974321,0.103618994
3899,stable,0.094984576,0.020284865
3900,stable,0.07244234,0.014303848
3901,stable,0.07145301,0.017202113
3902,stable,0.07100165,0.0155361155
3903,falling,0.074805446,0.01844399
3904,stable,0.08389374,0.019457713
3905,falling,0.10233632,0.13809198
3906,falling,0.10415437,0.13148779
3907,falling,0.07937403,0.059503686
3908,falling,0.044894893,0.008685704
3909,falling,0.04581951,0.014307526
3910,stable,0.052530665,0.012915916
3911,stable,0.060822878,0.019107686
3912,stable,0.05384428,0.014314265
3913,stable,0.052203715,0.019080214
3914,stable,0.06044203,0.024046574
3915,stable,0.07652477,0.060409058
3916,rising,0.05057263,0.020510988
3917,rising,0.04816704,0.021798875
3918,rising,0.03784717,0.016154923
3919,rising,0.040566914,0.081650704
3920,rising,0.022914005,0.0074567744
3921,stable,0.023449114,0.010854721
3922,stable,0.023822421,0.0085223075
3923,stable,0.03139754,0.009333802
3924,stable,0.049053047,0.040067084
3925,stable,0.078751475,0.15764739
3926,stable,0.051463805,0.022116717
3927,stable,0.060225617,0.027558422
3928,falling,0.057792965,0.025165753
3929,falling,0.08540036,0.14251268
3930,falling,0.057709776,0.02462516
3931,falling,0.05979281,0.022381347
3932,falling,0.07331964,0.06805046
3933,falling,0.063806854,0.020209001
3934,stable,0.066097744,0.051950883
3935,stable,0.043532737,0.017042572
3936,stable,0.031117873,0.011017094
3937,stable,0.034527335,0.016322834
3938,stable,0.047544792,0.067064345
3939,stable,0.05694212,0.08302552
3940,rising,0.04224887,0.018202074
3941,rising,0.06686308,0.087471165
3942,rising,0.035970952,0.015714113
3943,rising,0.040977728,0.026426224
3944,rising,0.036442082,0.015512633
3945,rising,0.040442877,0.016547443
3946,stable,0.0394329,0.019175349
3947,stable,0.03953206,0.031280626
3948,stable,0.04655423,0.075012006
3949,stable,0.036473807,0.011626743
3950,stable,0.03769113,0.013042611
3951,falling,0.037901904,0.014034372
3952,falling,0.03912467,0.0142632695
3953,falling,0.038763877,0.015871482
3954,falling,0.03875297,0.010184952
3955,falling,0.037769876,0.011907149
3956,falling,0.022490522,0.009290659
3957,stable,0.04444743,0.0969611
3958,stable,0.020872612,0.009491751
3959,stable,0.024818739,0.008340768
3960,stable,0.03490227,0.069429204
3961,stable,0.02590171,0.006273996
3962,stable,0.02922808,0.07002684
3963,rising,0.050818633,0.09468649
3964,rising,0.05319874,0.025770308
3965,rising,0.057101015,0.02223408
3966,rising,0.07133513,0.022607993
3967,rising,0.0713296,0.024030026
3968,rising,0.10842248,0.20972218
3969,rising,0.07698997,0.032963824
3970,stable,0.082042456,0.0340358
3971,stable,0.08346092,0.047168184
3972,stable,0.07484767,0.039144725
3973,stable,0.075337246,0.075473405
3974,stable,0.12218036,0.25984702
3975,falling,0.09180267,0.24109082
3976,falling,0.06632134,0.19862823
3977,falling,0.034756567,0.016926225
3978,falling,0.059398945,0.15813842
3979,falling,0.050078396,0.10523444
3980,falling,0.03459501,0.021668328
3981,falling,0.037886035,0.046308465
3982,stable,0.047123805,0.08468378
3983,stable,0.033150982,0.05942331
3984,stable,0.04015287,0.025668168
3985,stable,0.03709136,0.021267503
3986,stable,0.038469043,0.018948993
3987,stable,0.041176237,0.030046599
3988,rising,0.05590727,0.10307736
3989,rising,0.058171988,0.0806817
3990,rising,0.052418843,0.054758187
3991,rising,0.03377468,0.038997855
3992,rising,0.05756099,0.1928073
3993,rising,0.05531603,0.14692691
3994,stable,0.028037343,0.04081182
3995,stable,0.06753369,0.24988766
3996,stable,0.03234617,0.12156299
3997,stable,0.014196781,0.02736503
3998,stable,0.014850518,0.019736845
3999,stable,0.017197529,0.038903
4000,falling,0.019315662,0.034468405
4001,falling,0.0418817,0.1626863
4002,falling,0.016640477,0.020605884
4003,falling,0.018538458,0.025805958
4004,falling,0.023206333,0.027348127
4005,falling,0.017926361,0.020301977
4006,stable,0.01617785,0.02180093
4007,stable,0.018916663,0.015214736
4008,stable,0.022405837,0.035552382
4009,stable,0.031537104,0.058700323
4010,stable,0.04420353,0.034951076
4011,stable,0.05586143,0.078439906
4012,rising,0.049694195,0.07520107
4013,rising,0.039352845,0.018660327
4014,rising,0.04865816,0.03462556
4015,rising,0.04532737,0.034942545
4016,rising,0.062119797,0.081088774
4017,rising,0.1123878,0.21599878
4018,stable,0.13840392,0.27905264
4019,stable,0.1380871,0.30861798
4020,stable,0.096515216,0.078244746
4021,stable,0.15151648,0.3263928
4022,stable,0.07294009,0.038006686
4023,stable,0.07357251,0.02799376
4024,falling,0.08688627,0.07318169
4025,falling,0.10796954,0.22214986
4026,falling,0.09249016,0.06122249
4027,falling,0.06366281,0.041096255
4028,falling,0.06545368,0.042774316
4029,falling,0.035938546,0.0351591
4030,stable,0.03357221,0.03700381
4031,stable,0.040800832,0.024058074
4032,stable,0.036383815,0.007047411
4033,stable,0.057481393,0.07304877
4034,stable,0.054808114,0.046257097
4035,stable,0.05862505,0.06967097
4036,rising,0.05373813,0.018938385
4037,rising,0.06445326,0.033890575
4038,rising,0.059947133,0.040983558
4039,rising,0.05542141,0.0541224
4040,rising,0.054710604,0.04201779
4041,rising,0.05268103,0.055052716
4042,stable,0.09432892,0.28026706
4043,stable,0.056646064,0.054855186
4044,stable,0.05595606,0.091017015
4045,stable,0.04456743,0.050193805
4046,stable,0.053461563,0.13018666
4047,stable,0.10122841,0.22235595
4048,falling,0.06658263,0.07458487
4049,falling,0.08800655,0.2173591
4050,falling,0.05594618,0.039219238
4051,falling,0.049882866,0.021528956
4052,falling,0.071391016,0.116266236
4053,falling,0.060585335,0.07004912
4054,falling,0.065663554,0.07202395
4055,stable,0.047125284,0.007959731
4056,stable,0.055677637,0.028488513
4057,stable,0.04966172,0.028593421
4058,stable,0.051278,0.03431577
4059,stable,0.050825633,0.07437232
4060,rising,0.049569137,0.10915235
4061,rising,0.039800048,0.025583155
4062,rising,0.039858315,0.04085137
4063,rising,0.052375276,0.03815108
4064,rising,0.06294391,0.07959227
4065,rising,0.051135506,0.0908222
4066,rising,0.047075488,0.057351764
4067,stable,0.038491987,0.049046
4068,stable,0.05872717,0.16498151
4069,stable,0.051356446,0.09741882
4070,stable,0.100645356,0.31618372
4071,falling,0.046170127,0.07742536
4072,falling,0.04533727,0.07637811
4073,falling,0.04323296,0.08373591
4074,falling,0.04111658,0.054630123
4075,falling,0.040460188,0.070523016
4076,falling,0.036777247,0.04479128
4077,falling,0.05028999,0.049243372
4078,stable,0.04167657,0.047367863
4079,stable,0.058134265,0.065284714
4080,stable,0.03922296,0.030770103
4081,stable,0.045270868,0.07668493
4082,stable,0.053315453,0.026327625
4083,rising,0.05740985,0.049578026
4084,rising,0.06254968,0.07142393
4085,rising,0.06547814,0.09783492
4086,rising,0.07686634,0.05618781
4087,rising,0.06897391,0.034593638
4088,rising,0.07405812,0.035903618
4089,rising,0.096419774,0.18259634
4090,stable,0.085006855,0.05104715
4091,stable,0.08361532,0.053676378
4092,stable,0.08649767,0.04996506
4093,stable,0.082198046,0.033472955
4094,stable,0.08770302,0.10233634
4095,stable,0.08161004,0.0791773
4096,falling,0.06483846,0.04043828
4097,falling,0.0757614,0.08868777
4098,falling,0.0793383,0.20011953
4099,falling,0.046455063,0.029034985
4100,falling,0.048282284,0.0338511
4101,falling,0.053459764,0.048497457
4102,stable,0.045000497,0.030653222
4103,stable,0.04716206,0.044366352
4104,stable,0.057160504,0.048610274
4105,stable,0.06824203,0.06852169
4106,stable,0.060186017,0.057503045
4107,stable,0.061890185,0.053093042
4108,stable,0.075892694,0.07160214
4109,rising,0.072804004,0.06855673
4110,rising,0.070924245,0.03707316
4111,rising,0.09907603,0.13696608
4112,rising,0.09016449,0.07755111
4113,rising,0.05150148,0.053208597
4114,stable,0.041620195,0.06936024
4115,stable,0.05316604,0.10015285
4116,stable,0.036970183,0.041763194
4117,stable,0.03341273,0.040868685
4118,stable,0.03746845,0.050137445
4119,stable,0.044041175,0.04271236
4120,falling,0.046672925,0.053211518
4121,falling,0.05358876,0.075849935
4122,falling,0.05834681,0.059382726
4123,falling,0.06913197,0.079559505
4124,falling,0.09274841,0.1256094
4125,stable,0.08264326,0.07092323
4126,stable,0.05923112,0.036152367
4127,stable,0.058855675,0.06306058
4128,stable,0.048572175,0.025321485
4129,stable,0.05331699,0.043611027
4130,stable,0.06220909,0.044727206
4131,stable,0.05465887,0.031909946
4132,rising,0.058263265,0.052931122
4133,rising,0.0574875,0.0989412
4134,rising,0.051954933,0.040589985
4135,rising,0.053140704,0.05257339
4136,rising,0.054341324,0.09655908
4137,rising,0.0415349,0.06579735
4138,rising,0.044495746,0.047155388
4139,stable,0.104351506,0.29432526
4140,stable,0.05384355,0.05745262
4141,stable,0.049639884,0.02899673
4142,stable,0.058447126,0.06306132
4143,stable,0.05328108,0.027564565
4144,falling,0.1114577,0.2479712
4145,falling,0.11280777,0.26067817
4146,falling,0.067630574,0.049108934
4147,falling,0.06468914,0.046991467
4148,falling,0.06342997,0.03743446
4149,falling,0.062516846,0.031214613
4150,falling,0.050470248,0.026758768
4151,stable,0.05051084,0.027105296
4152,stable,0.05279646,0.042149965
4153,stable,0.04579443,0.018139249
4154,stable,0.058538668,0.058245942
4155,stable,0.046332482,0.040491547
4156,rising,0.037026986,0.0657554
4157,rising,0.04523979,0.080238916
4158,rising,0.03365082,0.06285546
4159,rising,0.026859619,0.012099394
4160,rising,0.03616631,0.05923589
4161,rising,0.06580046,0.16624348
4162,rising,0.06382828,0.20177911
4163,stable,0.05852672,0.027006254
4164,stable,0.07942685,0.13012217
4165,stable,0.09741481,0.22182785
4166,stable,0.059758857,0.010387323
4167,falling,0.061413333,0.013218506
4168,falling,0.095808975,0.1859684
4169,falling,0.06455455,0.014761522
4170,falling,0.086008,0.1266582
4171,falling,0.058680113,0.0074054217
4172,falling,0.059132036,0.01053118
4173,stable,0.07600309,0.09605268
4174,stable,0.0571773,0.008429237
4175,stable,0.050514854,0.013793032
4176,stable,0.03036184,0.009910429
4177,stable,0.037985608,0.031349402
4178,stable,0.035054974,0.025915327
4179,stable,0.051652793,0.08280833
4180,rising,0.026906192,0.01856944
4181,rising,0.02057718,0.012559043
4182,rising,0.024525916,0.012798602
4183,rising,0.036322776,0.026665462
4184,rising,0.043214742,0.027449569
4185,stable,0.034877222,0.03530487
4186,stable,0.037214126,0.07146625
4187,stable,0.040675357,0.058797505
4188,stable,0.03395599,0.054251246
4189,stable,0.027014205,0.025929315
4190,stable,0.032914698,0.051577695
4191,falling,0.027617764,0.0281149
4192,stable,0.025803182,0.020266978
4193,falling,0.02582381,0.028805863
4194,falling,0.032885663,0.035905294
4195,falling,0.037822116,0.071306095
4196,falling,0.046681646,0.078752
4197,falling,0.037492525,0.017326605
4198,stable,0.037045848,0.003977857
4199,stable,0.047312867,0.034571465
4200,stable,0.041517887,0.009285273
4201,stable,0.041724544,0.008723458
4202,stable,0.043935295,0.016049666
4203,stable,0.046360377,0.026719881
4204,rising,0.043098524,0.01321761
4205,rising,0.065045126,0.09918629
4206,rising,0.03925882,0.014783144
4207,rising,0.051877156,0.020921273
4208,rising,0.0665137,0.16110016
4209,stable,0.047120046,0.028612005
4210,stable,0.031105455,0.033627022
4211,stable,0.028700853,0.034902956
4212,stable,0.040761914,0.075766094
4213,stable,0.027053414,0.020351658
4214,stable,0.03767802,0.018854292
4215,stable,0.05900492,0.13347532
4216,falling,0.03727192,0.017926171
4217,falling,0.066599466,0.17416222
4218,falling,0.03862947,0.018136479
4219,falling,0.041595023,0.014746559
4220,falling,0.035452485,0.008002346
4221,falling,0.038408197,0.010112052
4222,falling,0.051645562,0.008402699
4223,stable,0.055432677,0.014381249
4224,stable,0.059961256,0.009608243
4225,stable,0.052202087,0.021181922
4226,stable,0.047412977,0.01822769
4227,stable,0.044308268,0.012004187
4228,rising,0.04839354,0.024729058
4229,rising,0.06293833,0.09565162
4230,rising,0.043750413,0.0069357804
4231,rising,0.048263755,0.015640285
4232,rising,0.056784563,0.044533897
4233,rising,0.050687138,0.030411601
4234,stable,0.042396303,0.016982755
4235,stable,0.030649431,0.014777892
4236,stable,0.032699335,0.016399179
4237,stable,0.050722066,0.10766401
4238,stable,0.039552305,0.08330931
4239,stable,0.033045277,0.026766961
4240,falling,0.030619353,0.01317126
4241,falling,0.05873021,0.16069458
4242,falling,0.04232159,0.053984106
4243,falling,0.04612626,0.05211727
4244,falling,0.055018105,0.104713425
4245,stable,0.04372723,0.015231356
4246,stable,0.02473872,0.010994264
4247,stable,0.024862174,0.0064113294
4248,stable,0.04214372,0.011536422
4249,stable,0.06239996,0.0832927
4250,stable,0.060126286,0.014067423
4251,rising,0.04471424,0.0091859065
4252,rising,0.049131565,0.011770681
4253,rising,0.8969881,0.042300116
4254,rising,1.321317,0.054528292
4255,rising,1.572774,0.070884645
4256,rising,1.6340226,0.167276
4257,rising,1.6977077,0.21041004
4258,stable,1.7225682,0.11908842
4259,stable,1.724839,0.123161905
4260,stable,1.6806662,0.20370652
4261,stable,1.6830558,0.1296485
4262,stable,1.8087059,0.10849944
4263,stable,1.7579348,0.24299091
4264,falling,1.7425159,0.067226365
4265,spike,0.2615108,0.20664124
4266,spike,0.10458762,0.06079828
4267,spike,0.08792592,0.025269935
4268,spike,0.11252689,0.028575895
4269,spike,0.1231729,0.041477505
4270,spike,0.16775313,0.06586432
4271,spike,0.14274198,0.024308398
4272,spike,0.20765796,0.09466905
4273,spike,0.12474023,0.029209517
4274,spike,0.112372264,0.11429464
4275,spike,0.07401764,0.024132498
4276,stable,0.08169375,0.041067045
4277,stable,0.08568962,0.10449571
4278,stable,0.07261287,0.035427343
4279,stable,0.07906515,0.023095854
4280,stable,0.06811686,0.028696427
4281,stable,0.07894624,0.025623398
4282,stable,0.075441524,0.10665605
4283,stable,0.05517984,0.019920522
4284,stable,0.047450196,0.040522862
4285,stable,0.037708625,0.015329636
4286,stable,0.0651068,0.12932983
4287,stable,0.037820697,0.017296212
4288,falling,0.03575965,0.013384164
4289,falling,0.03988133,0.021064855
4290,falling,0.06239699,0.12605332
4291,falling,0.040751066,0.009656989
4292,falling,0.060560107,0.11552915
4293,falling,0.041164603,0.012659696
4294,stable,0.04165535,0.072573714
4295,stable,0.031273384,0.013537244
4296,stable,0.02882752,0.007993128
4297,stable,0.030931516,0.005705122
4298,stable,0.03356162,0.010522375
4299,stable,0.03142714,0.0077686342
4300,stable,0.05165197,0.011562962
4301,rising,0.043283112,0.010365175
4302,rising,0.052707348,0.033669997
4303,rising,0.043785118,0.012798699
4304,rising,0.050825544,0.023642248
4305,rising,0.061260745,0.05609583
4306,stable,0.08002129,0.09414567
4307,stable,0.09635519,0.091733076
4308,stable,0.0896964,0.09759154
4309,stable,0.041717894,0.010551574
4310,stable,0.040743735,0.010142382
4311,stable,0.057326194,0.071219005
4312,stable,0.031429436,0.013707821
4313,falling,0.03126498,0.006546469
4314,falling,0.044112742,0.00926944
4315,falling,0.045001052,0.0069364617
4316,falling,0.057445277,0.0070360536
4317,falling,0.0728372,0.0678249
4318,stable,0.04653156,0.016393444
4319,stable,0.046191085,0.01192706
4320,stable,0.04891817,0.00726813
4321,stable,0.060334835,0.003932401
4322,stable,0.07864091,0.091895215
4323,stable,0.056227587,0.006926715
4324,rising,0.05864901,0.010507854
4325,rising,0.08333115,0.11730795
4326,rising,0.052602462,0.011901745
4327,rising,0.057538018,0.013731224
4328,rising,0.032696724,0.009238721
4329,stable,0.042625196,0.042723984
4330,stable,0.047177836,0.008650124
4331,stable,0.056276437,0.031166952
4332,stable,0.06419061,0.01968653
4333,stable,0.03919023,0.021207511
4334,stable,0.050689578,0.08321507
4335,stable,0.05237793,0.07334504
4336,falling,0.057187695,0.09485144
4337,falling,0.03647274,0.011809728
4338,falling,0.038610067,0.014120447
4339,falling,0.042718213,0.021180704
4340,falling,0.044419926,0.026041502
4341,falling,0.04003803,0.017700579
4342,stable,0.045932047,0.103420354
4343,stable,0.038151607,0.07290199
4344,stable,0.042255748,0.010927701
4345,stable,0.031097507,0.03974277
4346,stable,0.031097654,0.018201845
4347,stable,0.026336355,0.007580033
4348,rising,0.030616911,0.019712992
4349,rising,0.048644494,0.10586753
4350,rising,0.035836194,0.01735329
4351,rising,0.050869413,0.061569195
4352,rising,0.04461143,0.04169704
4353,stable,0.048445344,0.033916518
4354,stable,0.0559726,0.0841887
4355,stable,0.042872194,0.011551656
4356,stable,0.03144587,0.016486714
4357,stable,0.04650396,0.071418315
4358,stable,0.035947375,0.013988565
4359,stable,0.036170475,0.020423494
4360,falling,0.04599787,0.022943048
4361,falling,0.07016976,0.14258035
4362,falling,0.055734735,0.044289794
4363,falling,0.06718515,0.16594175
4364,falling,0.043447018,0.04037583
4365,stable,0.034346893,0.019025993
4366,stable,0.03918922,0.047097642
4367,stable,0.038673412,0.023958642
4368,stable,0.07294727,0.17864421
4369,stable,0.053252056,0.13059017
4370,stable,0.071748905,0.2161473
4371,stable,0.036630493,0.018873125
4372,rising,0.040875714,0.014818305
4373,rising,0.056998912,0.071396075
4374,rising,0.044604756,0.014127835
4375,rising,0.041239273,0.02228491
4376,rising,0.04174938,0.010940732
4377,rising,0.045598604,0.039449297
4378,stable,0.039716147,0.015605317
4379,stable,0.050276365,0.01266082
4380,stable,0.04520182,0.007529474
4381,stable,0.048424754,0.028621245
4382,stable,0.06567938,0.03672146
4383,falling,0.058890566,0.026023732
4384,falling,0.06616208,0.037259534
4385,falling,0.0716854,0.07136025
4386,falling,0.060183957,0.022453882
4387,falling,0.05843358,0.022017244
4388,falling,0.06530962,0.026248725
4389,falling,0.06865522,0.020101983
4390,stable,0.06930873,0.052699346
4391,stable,0.041949566,0.034014788
4392,stable,0.037148174,0.031572532
4393,stable,0.04606377,0.04735023
4394,stable,0.032772455,0.041502
4395,rising,0.057867087,0.1722387
4396,stable,0.05119512,0.03807601
4397,rising,0.047627173,0.029563392
4398,rising,0.047766753,0.031559505
4399,rising,0.043067146,0.021612268
4400,rising,0.042094335,0.031578477
4401,rising,0.03742828,0.019540967
4402,rising,0.03970838,0.021074202
4403,stable,0.039351963,0.017358266
4404,stable,0.04516201,0.03635107
4405,stable,0.048672434,0.033477396
4406,stable,0.046001498,0.0382642
4407,stable,0.045068588,0.071999215
4408,stable,0.032256927,0.036098707
4409,falling,0.046517096,0.0575101
4410,falling,0.048835747,0.07131063
4411,falling,0.07428345,0.18057151
4412,falling,0.0473676,0.058932144
4413,falling,0.053219177,0.057959218
4414,stable,0.046122562,0.030604223
4415,stable,0.08171479,0.20985661
4416,stable,0.09648463,0.309624
4417,stable,0.04173914,0.029155048
4418,stable,0.054233115,0.089128666
4419,stable,0.0866404,0.25341314
4420,rising,0.051042642,0.057414692
4421,rising,0.035495806,0.055338115
4422,rising,0.025674494,0.025308022
4423,rising,0.039318617,0.101013064
4424,rising,0.029660236,0.02204943
4425,rising,0.01696235,0.046427216
4426,stable,0.016783984,0.02125881
4427,stable,0.020164538,0.027651748
4428,stable,0.025017861,0.019975359
4429,stable,0.026608884,0.03576153
4430,stable,0.027502198,0.035943545
4431,stable,0.038879063,0.04997094
4432,falling,0.034689907,0.024928227
4433,falling,0.037342746,0.022726435
4434,falling,0.04038316,0.03652066
4435,falling,0.03700841,0.01981113
4436,falling,0.044316567,0.026762635
4437,falling,0.055014666,0.08028791
4438,stable,0.06396906,0.03999297
4439,stable,0.08423276,0.18315038
4440,stable,0.03727268,0.010616936
4441,stable,0.07603793,0.16879947
4442,stable,0.043736372,0.015041653
4443,rising,0.09041242,0.20260185
4444,rising,0.0778463,0.17749217
4445,rising,0.04315663,0.036546215
4446,rising,0.040617045,0.01702015
4447,rising,0.0650538,0.11298498
4448,rising,0.044004213,0.030611288
4449,rising,0.04909404,0.020909974
4450,stable,0.045163948,0.03103433
4451,stable,0.03912787,0.022424936
4452,stable,0.04072284,0.023098787
4453,stable,0.048134327,0.04009522
4454,stable,0.043249004,0.028054425
4455,stable,0.036652558,0.021964433
4456,stable,0.03740244,0.04143957
4457,falling,0.04200047,0.040182527
4458,falling,0.036185153,0.033683486
4459,falling,0.06335098,0.16722113
4460,falling,0.060220085,0.16262195
4461,stable,0.02956495,0.024755063
4462,stable,0.06449276,0.21973145
4463,stable,0.027778989,0.017283916
4464,stable,0.045432575,0.1155711
4465,stable,0.030761104,0.022880282
4466,stable,0.02453122,0.013690026
4467,stable,0.031898674,0.041171346
4468,rising,0.031522416,0.027608836
4469,rising,0.05460537,0.16009247
4470,rising,0.0539574,0.13542755
4471,rising,0.04279882,0.07132194
4472,rising,0.03635994,0.034265786
4473,stable,0.048347183,0.06862156
4474,stable,0.05020191,0.056411885
4475,stable,0.038647447,0.008393439
4476,stable,0.04094484,0.018371046
4477,stable,0.050430197,0.022384487
4478,stable,0.047899187,0.04491233
4479,falling,0.058875825,0.050009374
4480,falling,0.053836394,0.023503553
4481,falling,0.054201182,0.03178014
4482,falling,0.067994766,0.109430715
4483,falling,0.06419387,0.053461816
4484,falling,0.070449136,0.038860865
4485,stable,0.0763739,0.030545384
4486,falling,0.0362976,0.012393027
4487,stable,0.08678376,0.19361287
4488,stable,0.85005605,0.32197773
4489,stable,1.1252161,0.09941923
4490,stable,1.2453402,0.10486304
4491,stable,1.363546,0.20436816
4492,rising,1.3752352,0.15275167
4493,rising,1.4105663,0.29271963
4494,rising,1.4446331,0.43054932
4495,rising,1.4672949,0.1980944
4496,rising,1.4822491,0.15277691
4497,rising,1.4561534,0.14899935
4498,stable,1.4627076,0.09693998
4499,stable,1.604732,0.10240344
4500,spike,0.2074664,0.25954038
4501,spike,0.073698446,0.11151229
4502,spike,0.056162845,0.07979449
4503,spike,0.036932673,0.03811004
4504,spike,0.037873253,0.05511569
4505,spike,0.052550424,0.09712695
4506,spike,0.06804156,0.18244366
4507,spike,0.06805162,0.02722616
4508,spike,0.07322922,0.03453507
4509,spike,0.07273284,0.03448604
4510,spike,0.070255384,0.035712637
4511,falling,0.09955641,0.19796446
4512,falling,0.087347955,0.16271265
4513,stable,0.10302399,0.22502713
4514,stable,0.10579751,0.21748185
4515,stable,0.10243033,0.20310144
4516,stable,0.10750814,0.1950903
4517,rising,0.08979692,0.064827695
4518,rising,0.10189293,0.06002523
4519,stable,0.085727766,0.042939894
4520,rising,0.077374436,0.04434038
4521,rising,0.06868438,0.05271831
4522,stable,0.058975287,0.0289219
4523,stable,0.052404102,0.0198341
4524,stable,0.052075665,0.037498
4525,stable,0.058484677,0.049904503
4526,stable,0.04687513,0.019091763
4527,stable,0.07019663,0.09712102
4528,falling,0.061647195,0.039899774
4529,falling,0.061600752,0.05586503
4530,falling,0.064072795,0.13219792
4531,falling,0.053094707,0.044811245
4532,falling,0.080215685,0.18858306
4533,falling,0.077107206,0.20121399
4534,stable,0.079264134,0.22152904
4535,stable,0.057560425,0.12361977
4536,stable,0.04782908,0.076389894
4537,stable,0.041384842,0.053659588
4538,stable,0.0724512,0.2170594
4539,stable,0.03646279,0.013628261
4540,rising,0.04263308,0.02920961
4541,rising,0.03651605,0.07952606
4542,rising,0.027046831,0.009705833
4543,rising,0.033853516,0.045784056
4544,rising,0.04037837,0.048926063
4545,rising,0.03444395,0.041767832
4546,stable,0.018981745,0.01097351
4547,stable,0.035676125,0.035817176
4548,stable,0.03016888,0.0153036695
4549,stable,0.043587804,0.02523315
4550,stable,0.05713003,0.06191599
4551,stable,0.06607344,0.02532669
4552,stable,0.063848734,0.023453768
4553,falling,0.07465337,0.028326659
4554,falling,0.07739232,0.030259958
4555,falling,0.074808076,0.0314828
4556,falling,0.07279996,0.023220241
4557,falling,0.09748526,0.014166023
4558,stable,0.12006921,0.10444604
4559,stable,0.09689994,0.020828845
4560,stable,0.09978866,0.01608931
4561,stable,0.09985677,0.05117966
4562,stable,0.09988386,0.01579515
4563,stable,0.099738136,0.011789386
4564,rising,0.1302613,0.10662414
4565,rising,0.096745975,0.019784594
4566,rising,0.08340342,0.014880935
4567,rising,0.08968815,0.015141746
4568,rising,0.09048673,0.018504713
4569,stable,0.05679674,0.06658376
4570,stable,0.053789143,0.0058250166
4571,stable,0.059454374,0.0153645845
4572,stable,0.07699334,0.01906099
4573,stable,0.062465377,0.019134725
4574,stable,0.07001758,0.020982282
4575,falling,0.07848679,0.024852373
4576,falling,0.093305364,0.032852724
4577,falling,0.15259102,0.08072614
4578,falling,0.15798135,0.051046334
4579,falling,0.15428747,0.052011803
4580,stable,0.16499479,0.09755893
4581,falling,0.12671942,0.032109156
4582,falling,0.11105494,0.028704703
4583,stable,0.07516045,0.011651608
4584,stable,0.07273436,0.071035855
4585,stable,0.08802798,0.1310107
4586,stable,0.069033824,0.016112976
4587,stable,0.1072982,0.13118353
4588,stable,0.08192735,0.040146206
4589,stable,0.040082645,0.023556495
4590,rising,0.036221858,0.014798393
4591,rising,0.067499325,0.12440101
4592,rising,0.06674724,0.11549751
4593,rising,0.046808798,0.017644865
4594,stable,0.03810319,0.029878167
4595,stable,0.034032118,0.013095616
4596,stable,0.027830618,0.008960885
4597,stable,0.023384321,0.007297255
4598,stable,0.016970664,0.005510659
4599,stable,0.03646976,0.10800164
4600,stable,0.0208712,0.008912677
4601,falling,0.030850329,0.023342257
4602,falling,0.04648791,0.10708087
4603,falling,0.025432246,0.0055943993
4604,falling,0.020573156,0.01157436
4605,falling,0.035738636,0.020904267
4606,falling,0.033408687,0.012557699
4607,stable,0.03399114,0.011450109
4608,stable,0.034640506,0.012981955
4609,stable,0.03519756,0.042865947
4610,stable,0.043122225,0.024738805
4611,stable,0.07030044,0.009039973
4612,stable,0.0741254,0.011854849
4613,rising,0.10059152,0.15019962
4614,rising,0.10168701,0.15899216
4615,rising,0.0640468,0.011474882
4616,rising,0.087472886,0.10166486
4617,rising,0.06372186,0.01959429
4618,stable,0.074939705,0.07164312
4619,stable,0.067564346,0.013270039
4620,stable,0.069285326,0.011994524
4621,stable,0.10058965,0.10183642
4622,stable,0.05673117,0.023651775
4623,falling,0.03158867,0.013128738
4624,falling,0.03117917,0.0062375884
4625,falling,0.029817741,0.0060277293
4626,falling,0.033914022,0.014096657
4627,falling,0.041610274,0.01145841
4628,falling,0.045275144,0.013390907
4629,falling,0.04810607,0.021110496
4630,stable,0.058931638,0.019608192
4631,stable,0.050729103,0.017699493
4632,stable,0.052311763,0.017320229
4633,stable,0.05651286,0.024773315
4634,stable,0.06198031,0.017947381
4635,stable,0.05629078,0.040837385
4636,stable,0.063893564,0.08727555
4637,rising,0.043437816,0.017050276
4638,rising,0.035436463,0.024597345
4639,rising,0.024437001,0.009846799
4640,rising,0.017503256,0.006648109
4641,stable,0.020644384,0.01717211
4642,stable,0.04005979,0.11460639
4643,stable,0.02577189,0.006005778
4644,stable,0.05504218,0.1590457
4645,stable,0.023906797,0.008524527
4646,stable,0.022592617,0.0042057573
4647,stable,0.026518969,0.021401703
4648,falling,0.02811994,0.019199522
4649,falling,0.050854646,0.13747482
4650,falling,0.047915146,0.107862055
4651,falling,0.029446872,0.010776378
4652,falling,0.04887195,0.11567846
4653,falling,0.030778212,0.011348697
4654,falling,0.039396595,0.04584915
4655,stable,0.04461187,0.07742997
4656,stable,0.029515218,0.0077765207
4657,stable,0.026130775,0.008951685
4658,stable,0.031286404,0.008438687
4659,stable,0.031889256,0.0128654875
4660,stable,0.04690729,0.09601452
4661,rising,0.05948437,0.018011134
4662,rising,0.06764505,0.013853344
4663,rising,0.066830024,0.028817195
4664,rising,0.062445246,0.017765906
4665,rising,0.073478535,0.02995199
4666,stable,0.054256644,0.019264
4667,stable,0.055017367,0.00967312
4668,stable,0.06706257,0.038368523
4669,stable,0.06423017,0.019509327
4670,stable,0.09682989,0.20317149
4671,stable,0.057587624,0.0213788
4672,falling,0.06981962,0.09989976
4673,falling,0.058410253,0.1803114
4674,falling,0.04985917,0.026925443
4675,falling,0.04621793,0.011575016
4676,falling,0.047050714,0.008892426
4677,falling,0.04611245,0.008648327
4678,stable,0.049225423,0.017840154
4679,stable,0.044396944,0.010424286
4680,stable,0.041195437,0.012981589
4681,stable,0.053348705,0.057406534
4682,stable,0.041658685,0.009533404
4683,stable,0.044531498,0.017147066
4684,rising,0.057562683,0.09265878
4685,rising,0.048119735,0.019858832
4686,rising,0.013388278,0.014735391
4687,rising,0.012965548,0.014394429
4688,rising,0.052696917,0.17943852
4689,stable,0.06398072,0.2124447
4690,stable,0.04172789,0.047288567
4691,stable,0.048775036,0.07263295
4692,stable,0.046594687,0.084431596
4693,stable,0.03195927,0.016716545
4694,stable,0.043199923,0.04140213
4695,stable,0.042106923,0.016924612
4696,falling,0.086800076,0.22023879
4697,falling,0.047965545,0.023328442
4698,falling,0.055810716,0.052595638
4699,falling,0.05418054,0.030861532
4700,falling,0.06561163,0.11579403
4701,falling,0.039226107,0.01756404
4702,falling,0.053185124,0.012837328
4703,stable,0.045392435,0.01531189
4704,stable,0.046957318,0.015429621
4705,stable,0.05726627,0.06699475
4706,stable,0.0434956,0.011240285
4707,rising,0.04470159,0.020674102
4708,rising,0.05264957,0.084116526
4709,rising,0.049974505,0.016103838
4710,rising,0.076404884,0.12918994
4711,rising,0.081884064,0.16729525
4712,rising,0.08469664,0.020622129
4713,rising,0.08241206,0.020054398
4714,rising,0.07730276,0.068872325
4715,stable,0.07478952,0.072846025
4716,stable,0.11270291,0.2617327
4717,stable,0.07276757,0.031594016
4718,stable,0.08002801,0.0412196
4719,stable,0.063673705,0.018192599
4720,falling,0.06907235,0.048519373
4721,falling,0.081476875,0.1437285
4722,falling,0.05549928,0.027621618
4723,falling,0.059171546,0.041781414
4724,falling,0.029270649,0.030506512
4725,falling,0.043535426,0.09030138
4726,stable,0.041649457,0.023354828
4727,stable,0.060661316,0.035714168
4728,stable,0.06520104,0.03885012
4729,stable,0.05564167,0.024397518
4730,stable,0.049618956,0.033005558
4731,stable,0.0753261,0.043928966
4732,rising,0.114475384,0.0662575
4733,rising,0.12517095,0.099236324
4734,rising,0.14964756,0.15718263
4735,rising,0.1289197,0.14479299
4736,rising,0.14022115,0.17437832
4737,rising,0.11498697,0.09475096
4738,stable,0.11713843,0.20317043
4739,stable,0.08349853,0.08353061
4740,stable,0.086238235,0.09014724
4741,stable,0.12484247,0.31053975
4742,stable,0.08269016,0.07666035
4743,falling,0.080574505,0.19883932
4744,falling,0.03213563,0.044085205
4745,falling,0.027770607,0.0525587
4746,falling,0.03823565,0.054758076
4747,falling,0.040505774,0.059294328
4748,falling,0.044194706,0.09017522
4749,stable,0.035618737,0.029896844
4750,stable,0.03849776,0.03191174
4751,stable,0.029794216,0.016378574
4752,stable,0.030063251,0.024870757
4753,stable,0.035060517,0.045797616
4754,stable,0.038873307,0.04858148
4755,rising,0.04322959,0.058489393
4756,rising,0.07475423,0.100547336
4757,rising,0.0641583,0.04659973
4758,rising,0.057434123,0.05102485
4759,rising,0.09068156,0.17323169
4760,rising,0.06630268,0.09194266
4761,stable,0.06605577,0.10766992
4762,stable,0.069026954,0.09704726
4763,stable,0.076955676,0.12769265
4764,stable,0.072683804,0.10746475
4765,stable,0.06257339,0.044916045
4766,stable,0.07061113,0.06277304
4767,stable,0.077424616,0.081376195
4768,falling,0.09873516,0.23819724
4769,stable,0.04882683,0.04368024
4770,falling,0.083784916,0.14106342
4771,falling,0.07667782,0.06417235
4772,falling,0.07470547,0.060282756
4773,falling,0.07868052,0.072354935
4774,stable,0.07230745,0.042406633
4775,stable,0.09575884,0.08012231
4776,stable,0.09615734,0.083551265
4777,stable,0.10766766,0.07759547
4778,stable,0.118431576,0.10619727
4779,rising,0.09777359,0.052387375
4780,stable,0.107122816,0.108516514
4781,rising,0.13542037,0.11701429
4782,rising,0.07437564,0.071039215
4783,rising,0.09973283,0.17529978
4784,rising,0.097758904,0.25530428
4785,rising,0.058531735,0.08258745
4786,stable,0.061676677,0.07792801
4787,stable,0.04753208,0.05404781
4788,stable,0.10484593,0.34759974
4789,stable,0.04992877,0.07324517
4790,stable,0.100696094,0.31484407
4791,stable,0.05781793,0.068144724
4792,falling,0.1018666,0.29295218
4793,falling,0.09896312,0.26430073
4794,falling,0.08240909,0.1824623
4795,falling,0.058373976,0.08308187
4796,falling,0.048754167,0.07168815
4797,falling,0.051503133,0.03808434
4798,stable,0.053749718,0.04756011
4799,stable,0.054720033,0.044312812
4800,stable,0.053600654,0.051890805
4801,stable,0.049265783,0.056897208
4802,stable,0.057546463,0.07026074
4803,stable,0.052227516,0.043503944
4804,rising,0.055277165,0.06537329
4805,rising,0.063819505,0.09857921
4806,rising,0.040948804,0.07215744
4807,rising,0.034927584,0.03896065
4808,rising,0.046358988,0.054938257
4809,stable,0.042094972,0.06600009
4810,stable,0.049444728,0.112412214
4811,stable,0.046593,0.044159204
4812,stable,0.09036534,0.24914102
4813,stable,0.059282176,0.04873679
4814,stable,0.07324277,0.06995895
4815,stable,0.12392203,0.3099668
4816,falling,0.09414025,0.10129091
4817,falling,0.066713646,0.027136974
4818,falling,0.119676575,0.26051253
4819,falling,0.088895276,0.13388185
4820,falling,0.067801215,0.034495443
4821,stable,0.090560265,0.091239855
4822,stable,0.07357052,0.04995814
4823,stable,0.042385533,0.0383954
4824,stable,0.0520225,0.084171355
4825,stable,0.04260336,0.08186633
4826,stable,0.031071948,0.06413036
4827,stable,0.035026018,0.07559124
4828,rising,0.036314905,0.05762534
4829,rising,0.03837564,0.07771672
4830,rising,0.051245153,0.13233726
4831,rising,0.05581851,0.13139692
4832,stable,0.035222862,0.034712795
4833,rising,0.06373459,0.18916698
4834,rising,0.039109115,0.050834484
4835,stable,0.07880726,0.26342928
4836,stable,0.040911056,0.0709849
4837,stable,0.0715947,0.20642003
4838,stable,0.05840071,0.10539781
4839,stable,0.09058047,0.30066708
4840,falling,0.041259874,0.04593695
4841,falling,0.07124824,0.12158516
4842,falling,0.07150901,0.11712441
4843,falling,0.0698605,0.07685288
4844,falling,0.036083184,0.015884804
4845,falling,0.036323622,0.025126694
4846,stable,0.03767453,0.01807422
4847,stable,0.03719663,0.011826562
4848,stable,0.044497453,0.03278563
4849,stable,0.061748125,0.07448264
4850,stable,0.05412383,0.04381741
4851,stable,0.052672464,0.027775124
4852,rising,0.060443137,0.0965445
4853,stable,0.05540575,0.12769303
4854,rising,0.048372027,0.05485952
4855,rising,0.07521081,0.19884537
4856,rising,0.049108885,0.05364876
4857,rising,0.06029198,0.08555293
4858,rising,0.07674594,0.15187502
4859,stable,0.06937983,0.08838388
4860,stable,0.044430375,0.05755532
4861,stable,0.04108191,0.05432725
4862,stable,0.04376172,0.08459032
4863,stable,0.028801234,0.02334218
4864,stable,0.070251375,0.21964934
4865,falling,0.049334668,0.07087216
4866,falling,0.04585896,0.05839665
4867,falling,0.0655139,0.14992814
4868,falling,0.041094773,0.038048882
4869,falling,0.042531688,0.07357275
4870,stable,0.0353993,0.009897393
4871,stable,0.031566266,0.0130960075
4872,stable,0.034857035,0.013241624
4873,stable,0.04294489,0.026916431
4874,stable,0.047099307,0.051903546
4875,stable,0.04329172,0.035679124
4876,stable,0.045993578,0.04873183
4877,rising,0.048925858,0.019735824
4878,rising,0.06849186,0.16737065
4879,rising,0.044590544,0.059337728
4880,rising,0.045037072,0.039520014
4881,rising,0.0841703,0.24336801
4882,stable,0.043960042,0.036142178
4883,stable,0.07354792,0.19174466
4884,stable,0.049292564,0.057854015
4885,stable,0.044425778,0.053768203
4886,stable,0.045404058,0.034616467
4887,stable,0.07497919,0.19048297
4888,falling,0.037189163,0.01680142
4889,falling,0.06767659,0.17630626
4890,falling,0.03703282,0.034778163
4891,falling,0.038178757,0.02623565
4892,falling,0.046531633,0.06558293
4893,falling,0.032917015,0.009518537
4894,stable,0.054105148,0.058761656
4895,stable,0.05090076,0.023016822
4896,stable,0.057155106,0.013514414
4897,stable,0.062307,0.04004085
4898,stable,0.05552516,0.023472775
4899,rising,0.056105666,0.031221082
4900,rising,0.06537876,0.04545998
4901,rising,0.0753684,0.12361482
4902,rising,0.05961206,0.011981927
4903,rising,0.06442921,0.026207738
4904,rising,0.06051259,0.060822103
4905,rising,0.05822347,0.052259073
4906,stable,0.05688095,0.055136263
4907,stable,0.049195345,0.045584757
4908,stable,0.05316607,0.057264764
4909,stable,0.043817267,0.03690374
4910,stable,0.0345087,0.08950622
4911,stable,0.026153903,0.04336423
4912,falling,0.05615859,0.18573892
4913,falling,0.60022455,0.019541856
4914,falling,0.7345091,0.027925622
4915,falling,0.8762709,0.08478679
4916,falling,0.9605055,0.26165405
4917,stable,0.9662429,0.055779092
4918,stable,0.9705851,0.085203536
4919,stable,1.0191896,0.08397212
4920,stable,1.0102526,0.097743094
4921,stable,1.0393711,0.09106873
4922,stable,1.0007821,0.09224594
4923,stable,1.0286851,0.089037284
4924,rising,1.1494172,0.24276213
4925,spike,0.14287278,0.2147564
4926,spike,0.066658214,0.040631365
4927,spike,0.049671993,0.03677492
4928,spike,0.055456925,0.034193628
4929,spike,0.06129035,0.02647727
4930,spike,0.08114417,0.038437944
4931,spike,0.09818621,0.04286267
4932,spike,0.072471075,0.022405058
4933,spike,0.071079776,0.036320757
4934,spike,0.09285823,0.21326837
4935,spike,0.074186295,0.20155087
4936,falling,0.07028679,0.20179662
4937,falling,0.05185311,0.15595864
4938,falling,0.0513453,0.15291238
4939,falling,0.027662437,0.034579776
4940,falling,0.026852854,0.014574654
4941,falling,0.028597038,0.01550013
4942,falling,0.030519273,0.0141617
4943,stable,1.2006768,0.045400463
4944,stable,1.8769889,0.06717629
4945,stable,2.2180567,0.12703143
4946,stable,2.3168094,0.12242223
4947,stable,2.3487692,0.17646687
4948,rising,2.3758962,0.20885698
4949,rising,2.390468,0.1515248
4950,rising,2.4026859,0.13122675
4951,rising,2.3850377,0.14963092
4952,rising,2.4620194,0.15169616
4953,rising,2.4778986,0.17843549
4954,rising,2.5553536,0.19391519
4955,spike,0.30555198,0.27164784
4956,spike,0.09642617,0.061461434
4957,spike,0.09178107,0.029127263
4958,spike,0.08711891,0.048564672
4959,spike,0.06126135,0.03647555
4960,spike,0.07164825,0.037275434
4961,spike,0.05536712,0.020934789
4962,spike,0.08161437,0.14682588
4963,spike,0.075500675,0.12723412
4964,spike,0.057637513,0.04772723
4965,spike,0.055189393,0.027143564
4966,falling,0.09832091,0.07639713
4967,falling,0.08938561,0.062344752
4968,falling,0.09184292,0.07721323
4969,stable,0.099748716,0.08559201
4970,stable,0.14662752,0.14053245
4971,stable,0.15296163,0.13116573
4972,rising,0.15037581,0.1471608
4973,stable,0.16087046,0.14229707
4974,rising,0.15343602,0.13427565
4975,rising,0.14158133,0.11674034
4976,rising,0.117127754,0.104505494
4977,stable,0.08964988,0.06073625
4978,stable,0.074335314,0.033374786
4979,stable,0.060915228,0.02598248
4980,stable,0.055776715,0.0202423
4981,stable,0.04939278,0.017330071
4982,stable,0.047143564,0.015101168
4983,stable,0.031674102,0.006450831
4984,stable,0.034054887,0.012578309
4985,falling,0.03959793,0.010818055
4986,falling,0.05113692,0.015646536
4987,falling,0.054108046,0.019504733
4988,falling,0.057506576,0.023006665
4989,stable,0.044284564,0.010217229
4990,stable,0.052608926,0.01566246
4991,stable,0.052353304,0.01730204
4992,stable,0.048630703,0.00990172
4993,stable,0.05697846,0.08988957
4994,stable,0.042995047,0.0069397036
4995,stable,0.042786635,0.011573038
4996,stable,0.04421834,0.026554743
4997,rising,0.061569262,0.08037965
4998,rising,0.026175478,0.029906863
4999,rising,0.021145161,0.016509796
5000,rising,0.031702265,0.05780796
5001,rising,0.02023964,0.009211341
5002,rising,0.0275924,0.016487436
5003,stable,0.032263897,0.053810574
5004,stable,0.024570156,0.009379335
5005,stable,0.048373956,0.13366774
5006,stable,0.023527926,0.010954566
5007,stable,0.028655827,0.008775461
5008,stable,0.035726666,0.014039979
5009,falling,0.03810079,0.017955711
5010,falling,0.0516458,0.013704111
5011,falling,0.059008792,0.039698463
5012,falling,0.03955773,0.011398888
5013,falling,0.05682644,0.016185807
5014,stable,0.062862225,0.1116267
5015,stable,0.048853002,0.017031832
5016,stable,0.07379847,0.14772162
5017,stable,0.06978086,0.16230677
5018,stable,0.059104763,0.08143289
5019,stable,0.042281795,0.01253944
5020,rising,0.06079014,0.15445182
5021,rising,0.04051733,0.02048774
5022,rising,0.045774583,0.12497292
5023,rising,0.052683618,0.14391093
5024,rising,0.028463839,0.029363781
5025,rising,0.022555606,0.008249673
5026,stable,0.032969203,0.0072707073
5027,stable,0.027494712,0.007929226
5028,stable,0.02801637,0.008286566
5029,stable,0.030325396,0.0063788327
5030,stable,0.05381717,0.012910376
5031,stable,0.05365112,0.017038437
5032,falling,0.055931907,0.023736384
5033,falling,0.058916684,0.019928467
5034,falling,0.06628178,0.028214762
5035,falling,1.3140978,0.038705517
5036,falling,1.9762561,0.27080113
5037,stable,2.28747,0.0980654
5038,stable,2.5374267,0.35259953
5039,stable,2.5262523,0.19038984
5040,stable,2.5166566,0.10149589
5041,stable,2.644359,0.52098763
5042,stable,2.5952356,0.6280111
5043,rising,2.535478,0.54184353
5044,rising,2.4448016,0.13828155
5045,rising,2.5888228,0.15553783
5046,rising,2.5430286,0.13539535
5047,spike,0.45071012,0.34690788
5048,spike,0.18998422,0.1733451
5049,spike,0.095084295,0.068686344
5050,spike,0.07322702,0.032937877
5051,spike,0.056910895,0.03203955
5052,spike,0.049349032,0.03562894
5053,spike,0.053235427,0.054270584
5054,spike,0.060212363,0.0797549
5055,spike,0.06767823,0.101015426
5056,spike,0.05589917,0.13328087
5057,spike,0.042887725,0.047308844
5058,falling,0.046713904,0.035616506
5059,falling,0.047108542,0.081121914
5060,falling,0.060511753,0.13842224
5061,falling,0.04228872,0.04450581
5062,falling,0.07209695,0.18508862
5063,stable,0.048297163,0.0659474
5064,stable,0.068417415,0.190349
5065,stable,0.04561421,0.035178404
5066,stable,0.037675943,0.023505602
5067,rising,0.06253756,0.16143344
5068,rising,0.03327386,0.009985019
5069,rising,1.4301356,0.061913203
5070,rising,2.117122,0.12646174
5071,rising,2.3917058,0.09862653
5072,rising,2.5871742,0.12885472
5073,rising,2.702227,0.10393032
5074,stable,2.78217,0.22925745
5075,stable,2.794938,0.18523182
5076,stable,2.7395253,0.108790316
5077,stable,2.7258844,0.07790497
5078,stable,2.6373901,0.20048024
5079,stable,2.701261,0.20815566
5080,falling,2.6467621,0.22441016
5081,spike,0.3561615,0.40535617
5082,spike,0.11577854,0.15774426
5083,spike,0.076720685,0.08157509
5084,spike,0.07046139,0.025459038
5085,spike,0.092708245,0.16638456
5086,spike,0.12800483,0.361795
5087,spike,0.10934076,0.21363261
5088,spike,0.07625978,0.06302853
5089,spike,0.07610441,0.04056697
5090,spike,0.1097313,0.08675332
5091,spike,0.15133673,0.2755475
5092,falling,0.15566896,0.24182202
5093,stable,0.12096235,0.13562422
5094,stable,0.1266913,0.18981618
5095,stable,0.11493502,0.15187982
5096,stable,0.100655764,0.13096109
5097,stable,0.06085866,0.06219528
5098,stable,0.048029356,0.036127806
5099,stable,0.04136804,0.02343529
5100,stable,0.044666287,0.024469066
5101,stable,0.047910105,0.037417285
5102,stable,0.050236396,0.027575716
5103,stable,0.06362795,0.07681888
5104,falling,0.05098824,0.036622223
5105,stable,0.05213062,0.031424
5106,falling,0.056194074,0.03468341
5107,falling,0.08307667,0.15064953
5108,falling,0.07077356,0.12356947
5109,falling,0.060841117,0.034187827
5110,stable,0.11749744,0.22573638
5111,stable,0.0762948,0.04194866
5112,stable,0.09869737,0.2074288
5113,stable,0.061609082,0.04875433
5114,stable,0.056635197,0.029572148
5115,rising,0.09490679,0.21355376
5116,rising,0.086445294,0.149633
5117,rising,0.06759939,0.031069169
5118,rising,0.07011053,0.02117883
5119,rising,0.10317787,0.109668
5120,rising,0.1049223,0.04701383
5121,rising,0.09469059,0.04892868
5122,rising,0.06743156,0.027296009
5123,stable,0.072735295,0.022625444
5124,stable,0.118987225,0.1146271
5125,stable,0.105633736,0.07458519
5126,stable,0.09918662,0.043496665
5127,stable,0.06924479,0.08356093
5128,falling,0.08575757,0.11184025
5129,falling,0.081822954,0.13321315
5130,falling,0.07166446,0.04279576
5131,falling,0.052465025,0.0758288
5132,falling,0.040733233,0.022122372
5133,falling,0.06522841,0.14222325
5134,stable,0.04938904,0.04088419
5135,stable,0.05908217,0.08645775
5136,stable,0.03359048,0.018742206
5137,stable,0.028034173,0.06661705
5138,stable,0.0288649,0.04245089
5139,stable,0.07236768,0.27451506
5140,stable,0.028306745,0.026957372
5141,rising,0.061144374,0.21467859
5142,rising,0.057025447,0.1738213
5143,rising,0.02771463,0.020199154
5144,rising,0.040579397,0.07986235
5145,rising,0.040753447,0.0453191
5146,stable,0.032939777,0.010430948
5147,stable,0.046479203,0.02127039
5148,stable,0.044363525,0.013128481
5149,stable,0.042930733,0.016915005
5150,stable,0.031414643,0.01597187
5151,stable,0.04769049,0.08448773
5152,falling,0.029944517,0.016351007
5153,falling,0.036627617,0.034338444
5154,falling,0.03846128,0.033628874
5155,falling,0.03194548,0.022244446
5156,falling,0.031294644,0.044037215
5157,falling,0.024217749,0.027459364
5158,falling,0.032783464,0.04352277
5159,stable,0.02696346,0.020570658
5160,stable,0.0356215,0.039551955
5161,stable,0.032967452,0.031853605
5162,stable,0.067800626,0.16850707
5163,stable,0.04327898,0.03678102
5164,rising,0.039759085,0.03135534
5165,rising,0.04325942,0.03389427
5166,rising,0.054981876,0.10465585
5167,rising,0.059441738,0.119839
5168,rising,0.038485713,0.016857052
5169,rising,0.044363316,0.032141306
5170,rising,0.04091287,0.058322683
5171,stable,0.039665267,0.042839162
5172,stable,0.039463807,0.020182004
5173,stable,0.04161398,0.025021134
5174,stable,0.049189948,0.03671763
5175,stable,0.03790333,0.047575124
5176,falling,0.037680045,0.032793287
5177,falling,0.050861303,0.11465724
5178,falling,0.034757655,0.028261669
5179,falling,0.040623445,0.03545553
5180,falling,0.07181708,0.18856668
5181,falling,0.044706766,0.05583235
5182,stable,0.050837025,0.0661999
5183,stable,0.050930355,0.063693464
5184,stable,0.03678723,0.037762925
5185,stable,0.035794947,0.035462428
5186,stable,0.051610127,0.15291739
5187,stable,0.07994297,0.23269142
5188,stable,0.050252322,0.0646857
5189,rising,0.040316675,0.049451627
5190,rising,0.04955207,0.06217473
5191,rising,0.03985811,0.010591751
5192,rising,0.052471124,0.050467454
5193,rising,0.05407479,0.02964952
5194,stable,0.06249049,0.039479088
5195,stable,0.07015496,0.06007515
5196,stable,0.06704096,0.058048185
5197,stable,0.056009118,0.035764616
5198,stable,0.077348836,0.05526801
5199,stable,0.05926582,0.0336207
5200,stable,0.06423768,0.055932812
5201,falling,0.06416441,0.06993861
5202,falling,0.076860294,0.12672658
5203,falling,0.072162166,0.0999063
5204,falling,0.057509575,0.09833582
5205,stable,0.055216532,0.065064386
5206,stable,0.046571303,0.024535414
5207,stable,0.08346526,0.15349913
5208,stable,0.051707633,0.011015317
5209,stable,0.059758533,0.039205488
5210,stable,0.05306513,0.02161253
5211,stable,0.05385534,0.027731057
5212,rising,0.090704374,0.2028525
5213,rising,0.0603003,0.04167822
5214,rising,0.048907183,0.020739391
5215,rising,0.071114026,0.08287388
5216,rising,0.064342245,0.013496652
5217,stable,0.052068073,0.012621381
5218,stable,0.046229195,0.010644353
5219,stable,0.042163722,0.03763694
5220,stable,0.044306654,0.029035922
5221,stable,0.05298145,0.031738978
5222,stable,0.046082575,0.023307564
5223,stable,0.05913741,0.0792895
5224,falling,0.06518785,0.035778917
5225,falling,0.04782475,0.017261533
5226,falling,0.07858737,0.15740483
5227,falling,0.07539234,0.16099124
5228,falling,0.040167045,0.035507854
5229,falling,0.045466807,0.04782694
5230,stable,0.0546845,0.052060626
5231,stable,0.047529772,0.03232822
5232,stable,0.07373323,0.15773405
5233,stable,0.033989195,0.038102705
5234,stable,0.08580469,0.2548166
5235,stable,0.057074785,0.10573578
5236,rising,0.051486097,0.06990872
5237,rising,0.07609002,0.1839373
5238,rising,0.05253059,0.061787017
5239,rising,0.05168601,0.06316677
5240,rising,0.047416788,0.033251304
5241,rising,0.0434615,0.033397015
5242,rising,0.038197126,0.009160835
5243,stable,0.044800613,0.031156614
5244,stable,0.03623631,0.02303441
5245,stable,0.040381487,0.03193495
5246,stable,0.032852434,0.027784806
5247,stable,0.033880744,0.033710238
5248,falling,0.0431735,0.043458406
5249,falling,0.02687497,0.023901468
5250,falling,0.029299416,0.029163757
5251,falling,0.031492006,0.016505867
5252,falling,0.047449674,0.04457354
5253,falling,0.044022106,0.05896436
5254,falling,0.043179154,0.028621642
5255,stable,0.045603037,0.051541187
5256,stable,0.03455334,0.011368836
5257,stable,0.07168798,0.22334653
5258,stable,0.037602916,0.020137096
5259,stable,0.086952046,0.19836485
5260,rising,0.0488161,0.033177037
5261,rising,0.04567265,0.015671123
5262,rising,0.07837879,0.11446761
5263,rising,0.05798112,0.022037128
5264,rising,0.07803902,0.1105741
5265,rising,0.058089383,0.0151648605
5266,stable,0.060067482,0.013914225
5267,stable,0.06300043,0.015930152
5268,stable,0.074097425,0.017042385
5269,stable,0.086392246,0.033782296
5270,stable,0.08178167,0.014262283
5271,falling,0.06930922,0.095651984
5272,falling,0.047230177,0.01542246
5273,falling,0.07482602,0.12670706
5274,falling,0.034325942,0.01418215
5275,falling,0.03611959,0.015612578
5276,falling,0.058576092,0.11727149
5277,falling,0.04046326,0.025940793
5278,stable,0.035073232,0.0145986425
5279,stable,0.075809374,0.19547646
5280,stable,0.022218637,0.018550333
5281,stable,0.022072153,0.007993081
5282,stable,0.055624865,0.17816655
5283,stable,0.05587719,0.2006226
5284,rising,0.03967916,0.014596392
5285,rising,0.075898856,0.19345656
5286,rising,0.056748,0.06231787
5287,rising,0.074291445,0.07117261
5288,rising,0.04873515,0.011044138
5289,rising,0.062924996,0.108935356
5290,stable,0.058051813,0.03838866
5291,stable,0.055915825,0.014566153
5292,stable,0.070811704,0.01690004
5293,stable,0.07378115,0.029435543
5294,stable,0.08405249,0.021224923
5295,stable,0.081738904,0.030334657
5296,falling,0.06665576,0.109164126
5297,falling,0.06285736,0.020908097
5298,falling,0.0666624,0.02118718
5299,falling,0.062007137,0.027722837
5300,falling,0.061276726,0.026163477
5301,falling,0.054493513,0.020136032
5302,stable,0.07714988,0.12297511
5303,stable,0.04656356,0.010332011
5304,stable,0.061769888,0.083923586
5305,stable,0.05125974,0.012257707
5306,stable,0.044014376,0.03130957
5307,rising,0.068712965,0.1341849
5308,rising,0.070428364,0.116301425
5309,rising,0.031145506,0.009290494
5310,rising,0.05093883,0.080128126
5311,rising,0.035349835,0.012269164
5312,rising,0.03333013,0.009333422
5313,rising,0.036620315,0.005628439
5314,stable,0.037070982,0.005593904
5315,stable,0.035575237,0.0067554954
5316,stable,0.030994786,0.0069091474
5317,stable,0.03494899,0.009289351
5318,stable,0.04295327,0.0321026
5319,falling,0.032849018,0.015874352
5320,stable,0.034842856,0.022575188
5321,falling,0.034703262,0.018677978
5322,falling,0.04776011,0.023882527
5323,falling,0.062241953,0.043274812
5324,falling,0.05786769,0.028044764
5325,falling,0.048064284,0.016404841
5326,falling,0.027376283,0.009092553
5327,stable,0.055699807,0.03760981
5328,stable,0.05527956,0.01718488
5329,stable,0.070852436,0.025609992
5330,stable,0.072764136,0.023376497
5331,stable,0.070620544,0.018849827
5332,rising,0.08992138,0.03038509
5333,rising,0.12328939,0.038995225
5334,rising,0.11612951,0.041260373
5335,rising,0.09669811,0.028835824
5336,rising,0.11835053,0.085262515
5337,rising,0.11760759,0.08049892
5338,stable,0.111893184,0.028602036
5339,stable,0.077606045,0.01885895
5340,stable,0.084385775,0.07996536
5341,stable,0.062327284,0.009889353
5342,stable,0.062339988,0.012685998
5343,stable,0.08757341,0.027784636
5344,falling,0.08091841,0.13755901
5345,falling,0.040274877,0.013849079
5346,falling,0.03933119,0.008311264
5347,falling,0.04761206,0.007417893
5348,falling,0.05150103,0.027017763
5349,falling,0.054407034,0.01471217
5350,stable,0.04976246,0.011302574
5351,stable,0.036936164,0.010942264
5352,stable,0.042570844,0.02168713
5353,stable,0.055542,0.09325386
5354,stable,0.05574475,0.09558052
5355,stable,0.03090336,0.006895891
5356,rising,0.054497283,0.07528022
5357,rising,0.06566759,0.10913666
5358,rising,0.04834907,0.013089056
5359,rising,0.036589406,0.023889637
5360,rising,0.039485004,0.013490935
5361,stable,0.03618883,0.006169403
5362,rising,0.04715569,0.0140967285
5363,stable,0.073356345,0.16454478
5364,stable,0.051531684,0.01540286
5365,stable,0.043297198,0.014185922
5366,stable,0.048560973,0.013363149
5367,stable,0.04908253,0.011508273
5368,falling,0.034369852,0.013804356
5369,falling,0.039865732,0.021500466
5370,falling,0.0471458,0.020657562
5371,falling,0.063522786,0.06460832
5372,falling,0.05588976,0.07887633
5373,falling,0.05193212,0.014372707
5374,falling,0.038515396,0.0055395626
5375,stable,0.05678435,0.06691174
5376,stable,0.053765528,0.010294531
5377,stable,0.06391283,0.023101876
5378,stable,0.06124277,0.020725343
5379,stable,0.07277684,0.09374429
5380,rising,0.05943662,0.020341456
5381,rising,0.057360236,0.015271893
5382,rising,0.07857241,0.02256771
5383,rising,0.035832148,0.019118913
5384,rising,0.06807311,0.15996355
5385,rising,0.03203446,0.013298495
5386,stable,0.040775444,0.02372901
5387,stable,0.06911423,0.19575293
5388,stable,0.039814696,0.033683207
5389,stable,0.06441703,0.16595484
5390,stable,0.04323115,0.05218521
5391,stable,0.051767264,0.094568916
5392,falling,0.045946196,0.017448772
5393,falling,0.045527976,0.014880426
5394,falling,0.045418553,0.0142154945
5395,falling,0.045906756,0.015021488
5396,falling,0.06163851,0.106816046
5397,falling,0.0764244,0.088697605
5398,stable,0.055433173,0.017040987
5399,stable,0.057487454,0.06449161
5400,stable,0.043820646,0.010504731
5401,stable,0.04491289,0.019375019
5402,stable,0.051697023,0.060911752
5403,stable,0.04984305,0.019025855
5404,rising,0.045183953,0.01730117
5405,rising,0.070757546,0.08286825
5406,rising,0.0396008,0.019070942
5407,rising,0.03631802,0.018054761
5408,rising,0.04193795,0.03281043
5409,stable,0.035699878,0.022383574
5410,rising,0.038358554,0.09405725
5411,stable,0.030238474,0.031761814
5412,stable,0.06764055,0.21780528
5413,stable,0.029472858,0.0127990255
5414,stable,0.028547416,0.028346926
5415,stable,0.025072185,0.025151791
5416,falling,0.032562736,0.026827961
5417,falling,0.050863825,0.10559938
5418,falling,0.03637018,0.028744204
5419,falling,0.043990538,0.0990196
5420,stable,0.04735143,0.100285746
5421,falling,0.032971974,0.017373102
5422,stable,0.0383165,0.030558916
5423,stable,0.03412868,0.022559786
5424,stable,0.027968174,0.013295267
5425,stable,0.030733505,0.017433915
5426,stable,0.03221968,0.044457544
5427,stable,0.031610806,0.023786591
5428,rising,0.029940179,0.010010472
5429,rising,0.053054333,0.112341434
5430,rising,0.04474537,0.039993472
5431,rising,0.045357473,0.019691452
5432,rising,0.05833415,0.025193872
5433,rising,0.060878087,0.034836482
5434,stable,0.07519044,0.07928268
5435,stable,0.070466034,0.0661134
5436,stable,0.10183666,0.28406507
5437,stable,0.06992147,0.07363851
5438,stable,0.10752009,0.28743038
5439,stable,0.07069156,0.036866773
5440,falling,0.083088316,0.16935809
5441,falling,0.043387413,0.053491548
5442,falling,0.051658098,0.028485103
5443,falling,0.076842904,0.14571138
5444,falling,0.044864852,0.018947912
5445,falling,0.04302603,0.025587227
5446,stable,0.06305966,0.07014086
5447,stable,0.050937068,0.0151817985
5448,stable,0.06632269,0.0569727
5449,stable,0.0614022,0.03806516
5450,stable,0.06723538,0.03665153
5451,rising,0.079904094,0.06395802
5452,rising,0.05945145,0.060569286
5453,rising,0.075252615,0.10756577
5454,rising,0.035815716,0.033027947
5455,rising,0.03438992,0.034222037
5456,rising,0.047398623,0.0921617
5457,rising,0.039477475,0.048693303
5458,stable,0.043104965,0.09879292
5459,stable,0.036536045,0.05187605
5460,stable,0.07872982,0.27908942
5461,stable,0.08684582,0.29613173
5462,stable,0.04854913,0.08142124
5463,stable,0.08451462,0.28517538
5464,falling,0.04229592,0.06865708
5465,falling,0.060241066,0.21909377
5466,falling,0.03588051,0.05931459
5467,falling,0.048513275,0.115632
5468,falling,0.040249426,0.078470364
5469,falling,0.030289792,0.028549954
5470,stable,0.026776582,0.024031788
5471,stable,0.035764754,0.045221306
5472,stable,0.03128819,0.05276618
5473,stable,0.023162931,0.038023088
5474,stable,0.030045431,0.045904767
5475,stable,0.026426652,0.05765859
5476,rising,0.033547178,0.04250488
5477,rising,0.04075717,0.08213268
5478,rising,0.050434206,0.056790862
5479,rising,0.042878736,0.034495637
5480,rising,0.05441944,0.057621744
5481,stable,0.058235217,0.07190204
5482,stable,0.062287454,0.059096094
5483,stable,0.050637882,0.04796331
5484,stable,0.0729367,0.11339246
5485,stable,0.11736794,0.35224646
5486,stable,0.073997825,0.06065902
5487,stable,0.06651362,0.038631678
5488,falling,0.059596743,0.06539983
5489,falling,0.052477527,0.07274426
5490,falling,0.061467398,0.15655668
5491,falling,0.059700854,0.14830546
5492,falling,0.03834418,0.046865847
5493,falling,0.036359105,0.036951374
5494,stable,0.032660443,0.029870838
5495,stable,0.035380717,0.02935068
5496,stable,0.025195517,0.01476548
5497,stable,0.0316006,0.024078745
5498,stable,0.026160333,0.044534978
5499,rising,0.032178443,0.04324779
5500,rising,0.049600743,0.098804116
5501,rising,0.0458487,0.079980955
5502,rising,0.034369174,0.0161058
5503,rising,0.059956465,0.1605121
5504,rising,0.05412709,0.045509245
5505,rising,0.09077612,0.20960082
5506,stable,0.059318602,0.06251865
5507,stable,0.07713707,0.1564135
5508,stable,0.072484344,0.056177992
5509,stable,0.08110395,0.07055317
5510,stable,0.13154449,0.30155858
5511,falling,0.07794882,0.07516875
5512,falling,0.08027829,0.08096381
5513,falling,0.115062974,0.20374177
5514,falling,0.11440194,0.19057171
5515,falling,0.114226945,0.16383274
5516,falling,0.06259493,0.07361906
5517,falling,0.044008367,0.033579096
5518,stable,0.05131288,0.04369023
5519,stable,0.054106515,0.04625504
5520,stable,0.038832806,0.054437853
5521,stable,0.046358798,0.06995585
5522,stable,0.03826655,0.048542988
5523,rising,0.043108296,0.058072828
5524,stable,0.045552768,0.041924454
5525,stable,0.05537107,0.1342669
5526,rising,0.038531363,0.042013
5527,rising,0.075467594,0.19384484
5528,rising,0.07313641,0.21604179
5529,rising,0.050543606,0.077178255
5530,stable,0.08170061,0.21549198
5531,stable,0.05558164,0.12145231
5532,stable,0.04214985,0.061934218
5533,stable,0.0387295,0.043989684
5534,stable,0.036998283,0.037062183
5535,stable,0.039333213,0.028786728
5536,falling,0.024238402,0.036523234
5537,falling,0.028067153,0.07277715
5538,falling,0.033708405,0.09063989
5539,falling,0.036993276,0.115223736
5540,falling,0.022127597,0.032759912
5541,falling,0.036225777,0.08745246
5542,stable,0.021892678,0.032598544
5543,stable,0.022624476,0.029880127
5544,stable,0.02876684,0.052678384
5545,stable,0.02136879,0.027674025
5546,stable,0.03605561,0.052146275
5547,rising,0.034147378,0.043113425
5548,rising,0.038560987,0.046572927
5549,rising,0.041180853,0.07357245
5550,rising,0.035830505,0.05386204
5551,rising,0.030195117,0.03230672
5552,rising,0.06948875,0.22148524
5553,rising,0.048339937,0.09797134
5554,rising,0.056049686,0.07627369
5555,stable,0.059680082,0.10205144
5556,stable,0.057913374,0.12916042
5557,stable,0.08692588,0.3111628
5558,stable,0.023225794,0.027703883
5559,stable,0.06402442,0.2156462
5560,falling,0.029444879,0.06436726
5561,falling,0.035677116,0.04026149
5562,falling,0.06347784,0.18009421
5563,falling,0.037620883,0.036111094
5564,falling,0.051241703,0.072281435
5565,falling,0.04845113,0.03994025
5566,stable,0.041971672,0.023071002
5567,stable,0.047814287,0.04949947
5568,stable,0.10689785,0.03650411
5569,stable,0.10918465,0.046440646
5570,stable,0.11648353,0.044840094
5571,stable,0.14068572,0.059329662
5572,rising,0.13280435,0.026162945
5573,rising,0.17192928,0.08760785
5574,rising,0.17109519,0.12725872
5575,rising,0.17293148,0.11007045
5576,rising,0.17872387,0.11759799
5577,stable,0.15378605,0.03821751
5578,stable,0.20265451,0.26905718
5579,stable,0.16861129,0.107869156
5580,stable,0.107232355,0.089948185
5581,stable,0.08725493,0.0416821
5582,stable,0.112940535,0.072208114
5583,falling,0.11751735,0.24750166
5584,falling,0.13267511,0.28255993
5585,falling,0.09142961,0.22882956
5586,falling,0.07522904,0.053084478
5587,falling,0.091637634,0.13122045
5588,falling,0.06600876,0.07987715
5589,falling,0.065681405,0.061128795
5590,stable,0.066332385,0.04223754
5591,stable,0.062894106,0.03718694
5592,stable,0.069252245,0.039064594
5593,stable,0.066834606,0.056982197
5594,stable,0.058025897,0.032333538
5595,stable,0.058215402,0.053061318
5596,rising,0.05926706,0.06119821
5597,rising,0.080756225,0.09374216
5598,rising,0.04575842,0.075679526
5599,rising,0.06636769,0.18856835
5600,rising,0.06741594,0.2105027
5601,stable,0.045353454,0.08271687
5602,stable,0.038626235,0.07451839
5603,stable,0.041696724,0.077518575
5604,stable,0.041020907,0.10534959
5605,stable,0.021533182,0.026933221
5606,stable,0.03129417,0.047231857
5607,falling,0.01943106,0.02166821
5608,falling,0.045617126,0.15393433
5609,falling,0.024177969,0.06310848
5610,falling,0.0399634,0.16812159
5611,falling,0.010563518,0.012979113
5612,falling,0.02410201,0.06657287
5613,falling,0.022371076,0.060108744
5614,stable,0.018861676,0.031049168
5615,stable,0.012875413,0.019811459
5616,stable,0.01441318,0.030041054
5617,stable,0.024096422,0.04698637
5618,stable,0.024009535,0.05199645
5619,stable,0.022507725,0.04377305
5620,rising,0.035951976,0.08120566
5621,rising,0.028775653,0.046530053
5622,rising,0.031537913,0.017246008
5623,rising,0.029796578,0.015741663
5624,rising,0.06260512,0.18231909
5625,rising,0.039292205,0.046361107
5626,stable,0.04470849,0.03409218
5627,stable,0.04983025,0.026994366
5628,stable,0.061482392,0.06387637
5629,stable,0.06888182,0.09374971
5630,stable,0.05045414,0.029587172
5631,stable,0.052420117,0.013281704
5632,stable,0.05448332,0.027226541
5633,falling,0.07700482,0.14750518
5634,falling,0.05919446,0.04319467
5635,falling,0.06341992,0.08843493
5636,falling,0.05911844,0.010755467
5637,falling,0.064263955,0.023585737
5638,stable,0.065869205,0.016451098
5639,stable,0.04599638,0.012338383
5640,stable,0.04674705,0.013833249
5641,stable,0.04700714,0.019055177
5642,stable,0.05300869,0.015857741
5643,stable,0.041974127,0.010097807
5644,rising,0.041392293,0.0064275553
5645,rising,0.049291454,0.01159386
5646,rising,0.03831976,0.016529486
5647,rising,0.06528837,0.15281974
5648,rising,0.038998783,0.017597083
5649,rising,0.035226416,0.017737156
5650,stable,0.05896314,0.18940525
5651,stable,0.029513562,0.016913902
5652,stable,0.0714115,0.08600905
5653,stable,0.09267764,0.21596263
5654,stable,0.062793106,0.011358391
5655,stable,0.07543444,0.02844418
5656,falling,0.10412942,0.18923527
5657,falling,0.07468157,0.027020628
5658,falling,0.08280916,0.11140273
5659,falling,0.08174897,0.07327461
5660,falling,0.06703654,0.01532943
5661,falling,0.08618203,0.09847627
5662,stable,0.06464715,0.0067925407
5663,stable,0.07536636,0.061885633
5664,stable,0.079900526,0.015238339
5665,stable,0.06750874,0.007641002
5666,stable,0.05118207,0.013830571
5667,stable,0.049268823,0.014087934
5668,rising,0.04625326,0.007300698
5669,rising,0.05691222,0.015481682
5670,rising,0.08621554,0.13750762
5671,rising,0.08394166,0.14677744
5672,rising,0.05603521,0.015117163
5673,rising,0.06489175,0.008266394
5674,stable,0.06694236,0.022521723
5675,stable,0.06998963,0.029431285
5676,stable,0.06414884,0.012152887
5677,stable,0.0602108,0.03174389
5678,stable,0.09051088,0.17665689
5679,falling,0.04974121,0.0072826687
5680,falling,0.057886604,0.008504381
5681,falling,0.056440536,0.0117321275
5682,falling,0.05957346,0.012584453
5683,falling,0.071391515,0.017639665
5684,falling,0.07202759,0.035515014
5685,falling,0.049980916,0.0115134
5686,stable,0.05184207,0.010428451
5687,stable,0.059073675,0.008618477
5688,stable,0.064595275,0.013165482
5689,stable,0.05137466,0.009418689
5690,stable,0.046318896,0.00876414
5691,stable,0.07306111,0.11145977
5692,rising,0.034808744,0.009486561
5693,rising,0.052357774,0.10508843
5694,rising,0.035978924,0.008727882
5695,rising,0.04228301,0.010615195
5696,rising,0.04080272,0.00794043
5697,rising,0.041619375,0.0069298004
5698,rising,0.047210887,0.029211342
5699,stable,0.026233578,0.014864683
5700,stable,0.051939778,0.037946045
5701,stable,0.070215575,0.012415163
5702,stable,0.09214028,0.10867647
5703,stable,0.06794975,0.014051101
5704,falling,0.07981182,0.010064546
5705,falling,0.08775817,0.0835087
5706,falling,0.072261594,0.010397429
5707,falling,0.0725699,0.010969181
5708,falling,0.08327262,0.028880637
5709,falling,0.08272132,0.010980982
5710,stable,0.07906186,0.010337191
5711,stable,0.08431511,0.011524705
5712,stable,0.08077505,0.02177564
5713,stable,0.032116316,0.01137891
5714,stable,0.04202481,0.04502051
5715,stable,0.06549921,0.02415366
5716,rising,0.04659213,0.024123339
5717,rising,0.04346623,0.016422816
5718,rising,0.04898117,0.02192684
5719,rising,0.061721914,0.048798405
5720,rising,0.038175236,0.038707063
5721,rising,0.03134925,0.011702633
5722,stable,0.037345305,0.013966482
5723,rising,0.030916063,0.009571346
5724,stable,0.03535576,0.026093286
5725,stable,0.051547516,0.11892839
5726,stable,0.058039807,0.11450621
5727,stable,0.060020626,0.13767485
5728,falling,0.03116443,0.0049423557
5729,falling,0.034633983,0.015306064
5730,falling,0.035624087,0.0063159717
5731,falling,0.06685322,0.14394203
5732,falling,0.037273426,0.013336205
5733,falling,0.036935363,0.0046912236
5734,falling,0.03770871,0.014051825
5735,stable,0.04934487,0.016979076
5736,stable,0.042539157,0.009083746
5737,stable,0.051113952,0.023115339
5738,stable,0.03727151,0.008133301
5739,stable,0.044543248,0.01886698
5740,rising,0.035939164,0.018806279
5741,rising,0.044769607,0.04271058
5742,rising,0.036111496,0.009439303
5743,rising,0.044621147,0.016204474
5744,rising,0.04385897,0.009080269
5745,rising,0.04111689,0.007557952
5746,rising,0.054578874,0.06651033
5747,stable,0.050301336,0.09358962
5748,stable,0.035508864,0.005169757
5749,stable,0.038254764,0.013960759
5750,stable,0.05348994,0.10058304
5751,stable,0.036948998,0.009575879
5752,stable,0.036705792,0.008585356
5753,falling,0.043390486,0.0153981885
5754,falling,0.070782326,0.12116955
5755,falling,0.051688798,0.026718989
5756,falling,0.040913425,0.017336
5757,falling,0.036972806,0.018487966
5758,stable,0.06499184,0.16587041
5759,stable,0.035237096,0.0129667325
5760,stable,0.030067075,0.012783614
5761,stable,0.03206189,0.023926523
5762,stable,0.043593932,0.01168454
5763,rising,0.013244362,0.005855881
5764,rising,0.01854747,0.012065883
5765,rising,0.03024203,0.0122021
5766,rising,0.04353341,0.073888086
5767,rising,0.041464012,0.016175417
5768,rising,0.057082172,0.01364394
5769,rising,0.05415235,0.01047498
5770,stable,0.053278264,0.010422529
5771,stable,0.06006653,0.029789954
5772,stable,0.062239032,0.039501578
5773,stable,0.052849483,0.0067363335
5774,stable,0.048021264,0.017920667
5775,stable,0.058528922,0.067145854
5776,falling,0.069135986,0.085944004
5777,falling,0.062210564,0.020323785
5778,falling,0.060134582,0.043978747
5779,falling,0.0652658,0.12523507
5780,falling,0.04115827,0.017173553
5781,falling,0.060627326,0.14928326
5782,stable,0.03244335,0.008730991
5783,stable,0.027556313,0.008223358
5784,stable,0.03946268,0.057508733
5785,stable,0.036248785,0.0142393615
5786,stable,0.059962995,0.14611655
5787,stable,0.05860344,0.122253306
5788,rising,0.032763768,0.013569078
5789,rising,0.053435285,0.11596276
5790,rising,0.03686576,0.04008474
5791,rising,0.03677586,0.028917382
5792,rising,0.03658505,0.029172558
5793,rising,0.04226637,0.023606164
5794,stable,0.047416475,0.03531047
5795,stable,0.045673773,0.030458169
5796,stable,0.035534814,0.024909528
5797,stable,0.028441949,0.016915549
5798,stable,0.027984884,0.023151387
5799,stable,0.043089107,0.07819255
5800,falling,0.035471987,0.020729735
5801,falling,0.05807792,0.13638127
5802,falling,0.045786943,0.029320838
5803,falling,0.050656006,0.046438746
5804,falling,0.04231654,0.024276193
5805,falling,0.05395993,0.0698677
5806,falling,0.057965983,0.07439329
5807,stable,0.09177708,0.23925729
5808,stable,0.05998369,0.060970373
5809,stable,0.086585395,0.24480838
5810,stable,0.052359793,0.038703576
5811,stable,0.04573698,0.021621343
5812,rising,0.08389894,0.17141163
5813,rising,0.069426775,0.09004188
5814,rising,0.071614854,0.09045408
5815,rising,0.0505792,0.023015015
5816,rising,0.049644332,0.022364348
5817,rising,0.05090054,0.022529773
5818,stable,0.055411883,0.026873378
5819,stable,0.05816158,0.05161957
5820,stable,1.5543234,0.083317935
5821,stable,2.3545966,0.1412258
5822,stable,2.7244005,0.2224661
5823,stable,2.9247386,0.29342726
5824,stable,2.9284177,0.23140302
5825,falling,3.0505333,0.39357704
5826,falling,3.0669267,0.25207204
5827,falling,3.2191913,0.44394636
5828,falling,3.2124999,0.5649208
5829,stable,3.2145772,0.43978152
5830,stable,3.2127748,0.27302295
5831,stable,3.1264462,0.534123
5832,spike,0.60681075,0.85226214
5833,spike,0.2671572,0.6199076
5834,spike,0.21448638,0.5490837
5835,spike,0.121441744,0.15886238
5836,spike,0.09168436,0.07855613
5837,spike,0.117600404,0.27555194
5838,spike,0.08201362,0.18739162
5839,spike,0.07927798,0.22190203
5840,spike,0.042353366,0.038094796
5841,spike,0.048521664,0.05819406
5842,spike,0.047711186,0.027342768
5843,falling,0.04662274,0.03159633
5844,falling,0.054290757,0.075865276
5845,falling,0.041827608,0.054261353
5846,falling,0.049524903,0.061627302
5847,falling,0.051989935,0.08016016
5848,falling,0.043891,0.039260127
5849,falling,0.049314514,0.06307368
5850,falling,0.046570335,0.04575074
5851,falling,0.057207584,0.07724116
5852,falling,0.061059844,0.08847848
5853,falling,0.07688733,0.22502752
5854,stable,0.07455787,0.23092714
5855,stable,0.03825116,0.046801995
5856,stable,0.032794762,0.029656019
5857,stable,0.035746064,0.060453333
5858,stable,0.049535353,0.10977395
5859,stable,0.05995906,0.15435205
5860,stable,0.047798574,0.08270378
5861,rising,0.06272613,0.21349725
5862,rising,0.05544213,0.16327462
5863,rising,0.044520315,0.04835757
5864,rising,0.05535112,0.091629356
5865,rising,0.05285075,0.036793467
5866,stable,0.054003645,0.0471959
5867,stable,0.047562256,0.02974189
5868,stable,0.05228381,0.02787509
5869,stable,0.057484373,0.03256897
5870,stable,0.054518666,0.033598088
5871,stable,0.060884908,0.07252437
5872,falling,0.053413533,0.02214698
5873,falling,0.063512966,0.0636736
5874,falling,0.054028273,0.0312948
5875,falling,0.06731629,0.035542984
5876,falling,0.055346258,0.072839946
5877,falling,0.03956345,0.05128196
5878,falling,0.059724517,0.17613395
5879,stable,0.031960964,0.026102938
5880,stable,0.066436395,0.22116007
5881,stable,0.07922963,0.25262538
5882,stable,0.077071466,0.19226475
5883,stable,0.048949234,0.026964638
5884,rising,0.07941202,0.09414784
5885,rising,0.06935109,0.03441191
5886,rising,0.105645426,0.14662081
5887,rising,0.07087039,0.015140964
5888,rising,0.07404774,0.02319051
5889,rising,0.070958726,0.017172571
5890,stable,0.09692418,0.044659223
5891,stable,0.11515422,0.029244944
5892,stable,0.11863743,0.042283777
5893,stable,0.11039396,0.034897026
5894,stable,0.10693588,0.030876178
5895,stable,0.1051888,0.032714777
5896,falling,0.09412063,0.019225296
5897,falling,0.08213433,0.01607858
5898,falling,0.09765206,0.106495485
5899,falling,0.08379475,0.027217401
5900,falling,0.090090506,0.04716167
5901,falling,0.11800911,0.21414693
5902,stable,0.12773982,0.18849629
5903,stable,0.052265055,0.023067495
5904,stable,0.09855737,0.24812521
5905,stable,0.057587985,0.029685788
5906,stable,0.07097742,0.06778886
5907,rising,0.09937116,0.2200158
5908,rising,0.09432309,0.21763441
5909,rising,0.09830752,0.18956777
5910,rising,0.056661945,0.036420446
5911,rising,0.06600222,0.047406647
5912,rising,0.062495507,0.09600124
5913,stable,0.061877124,0.04681737
5914,stable,0.060207114,0.03151682
5915,stable,0.040483363,0.04250157
5916,stable,0.038118735,0.044249643
5917,stable,0.028145978,0.029572476
5918,stable,0.031396635,0.029427424
5919,stable,0.025119398,0.03762458
5920,falling,0.032698568,0.021067519
5921,falling,0.033849724,0.028256692
5922,falling,0.0368625,0.01532521
5923,falling,0.042988855,0.044735633
5924,falling,0.06489148,0.15535377
5925,falling,0.062859215,0.058734976
5926,falling,0.07740892,0.1601606
5927,stable,0.09974205,0.23928688
5928,stable,0.053144768,0.017823754
5929,stable,0.049255665,0.03451975
5930,stable,0.046297807,0.019231826
5931,stable,0.060007144,0.029826036
5932,stable,0.09982396,0.21779501
5933,rising,0.06440715,0.04085949
5934,rising,0.04933043,0.024997815
5935,rising,0.050861377,0.02231496
5936,rising,0.060044687,0.013637805
5937,stable,0.048099566,0.08448634
5938,stable,0.036318175,0.0129927145
5939,stable,0.038236924,0.025138635
5940,stable,0.04704008,0.02294453
5941,stable,0.04894583,0.019309465
5942,stable,0.054082077,0.065369435
5943,stable,0.038882848,0.03044676
5944,stable,0.033744562,0.030456068
5945,falling,0.06002216,0.020371623
5946,falling,0.061330184,0.016409459
5947,falling,0.053138554,0.007396402
5948,falling,0.06454671,0.04921908
5949,falling,0.057087567,0.014946515
5950,stable,0.057478324,0.01731742
5951,stable,0.08731612,0.13223922
5952,stable,0.05558143,0.032607544
5953,stable,0.08597601,0.19795218
5954,stable,0.057110958,0.030964449
5955,stable,0.062395133,0.03618267
5956,rising,0.09856629,0.17035142
5957,rising,0.032183167,0.008547228
5958,rising,0.041769672,0.02704796
5959,rising,0.0370728,0.011815654
5960,rising,0.047560178,0.050271418
5961,stable,0.03608113,0.015695328
5962,stable,0.044522483,0.009011077
5963,stable,0.046064105,0.01977733
5964,stable,0.04038547,0.017618252
5965,stable,0.05842488,0.028382787
5966,stable,0.05125017,0.015763333
5967,falling,0.05396695,0.029688932
5968,stable,0.050869625,0.022870867
5969,falling,0.07429574,0.12384359
5970,falling,0.053939942,0.014325027
5971,falling,0.06351824,0.020859376
5972,falling,0.06454991,0.021077806
5973,falling,0.09850579,0.16488506
5974,stable,0.04658777,0.017456042
5975,stable,0.047045983,0.026416633
5976,stable,0.06193166,0.11724825
5977,stable,0.037281737,0.014976243
5978,stable,0.039524253,0.026087752
5979,stable,0.077609174,0.21198432
5980,stable,0.04235476,0.030060982
5981,rising,0.0737386,0.14226991
5982,rising,0.04632352,0.030127069
5983,rising,0.05623683,0.09267183
5984,rising,0.041432902,0.014015941
5985,rising,0.049586404,0.027947934
5986,stable,0.040755667,0.012508264
5987,stable,0.039545756,0.017509613
5988,stable,0.039639708,0.017767863
5989,stable,0.04976413,0.07100378
5990,stable,0.052691754,0.078043
5991,stable,0.04413141,0.018208347
5992,falling,0.044124126,0.016257431
5993,stable,0.07451321,0.105224736
5994,falling,0.061443046,0.026283206
5995,falling,0.04238693,0.013523913
5996,falling,0.03998479,0.019950936
5997,falling,0.04550631,0.031240655
5998,stable,0.047919497,0.029433554
5999,stable,0.04590571,0.010372377
6000,stable,0.051145565,0.0407812
6001,stable,0.048059244,0.0122879455
6002,stable,0.054201066,0.015936764
6003,stable,0.07736051,0.16259335
6004,stable,0.07593746,0.14976522
6005,rising,0.044429317,0.012446466
6006,rising,0.05829719,0.08810682
6007,rising,0.041396786,0.032536898
6008,rising,0.03866529,0.013702723
6009,rising,0.044688914,0.04526806
6010,stable,0.027545733,0.005426608
6011,stable,0.054574642,0.08147754
6012,stable,0.0582707,0.015609517
6013,stable,0.04556992,0.011444553
6014,stable,0.05053196,0.0145199
6015,stable,0.044653162,0.0106846085
6016,stable,0.09008657,0.0891851
6017,falling,0.105250396,0.052199427
6018,falling,0.09687934,0.026294274
6019,falling,0.098989524,0.028879857
6020,falling,0.13899451,0.09771864
6021,falling,0.10004567,0.021217609
6022,stable,0.106132425,0.016250217
6023,stable,0.10007333,0.012992036
6024,stable,0.13027574,0.1454295
6025,stable,0.13713694,0.06340964
6026,stable,0.14748707,0.032710258
6027,stable,0.13744214,0.029833391
6028,stable,0.14124423,0.119977154
6029,rising,0.11238131,0.027861908
6030,rising,0.10871274,0.033493854
6031,rising,0.124457695,0.030902652
6032,rising,0.07943214,0.020057853
6033,rising,0.06736309,0.017250469
6034,stable,0.039036345,0.0077591036
6035,stable,0.03746797,0.008411599
6036,stable,0.031653803,0.0058915555
6037,stable,0.03661697,0.03875795
6038,stable,0.034830738,0.005997512
6039,stable,0.051121425,0.1051185
6040,falling,0.030103682,0.012823276
6041,falling,0.039309666,0.027011853
6042,falling,0.051524926,0.118580654
6043,falling,0.028642543,0.009606653
6044,falling,0.030139953,0.014586531
6045,stable,0.025619384,0.00827423
6046,stable,0.027720172,0.008013911
6047,stable,0.035809647,0.048223224
6048,stable,0.034960143,0.006515211
6049,stable,0.0379593,0.0068244617
6050,stable,0.039131675,0.0207723
6051,stable,0.06432941,0.12116078
6052,stable,0.06309719,0.13375053
6053,rising,0.05867655,0.12206513
6054,rising,0.03900797,0.0047598844
6055,rising,0.0398108,0.007095452
6056,rising,0.037209526,0.016000692
6057,rising,0.04802177,0.010652546
6058,stable,0.0545006,0.008732435
6059,stable,0.063496895,0.026798962
6060,stable,0.074641064,0.019712087
6061,stable,0.07465509,0.017943447
6062,stable,0.051047135,0.02118064
6063,stable,0.051667456,0.038840685
6064,falling,0.043551344,0.01219509
6065,falling,0.05160772,0.026321726
6066,falling,0.07701559,0.12211879
6067,falling,0.05564566,0.014386607
6068,falling,0.07099389,0.057087556
6069,falling,0.048629783,0.07074966
6070,stable,0.033617355,0.0049712486
6071,stable,0.038242545,0.010921388
6072,stable,0.053168364,0.08730491
6073,stable,0.028807554,0.009204935
6074,stable,0.048343968,0.014131959
6075,stable,0.05685257,0.06598774
6076,rising,0.03579595,0.00914719
6077,rising,0.04129784,0.016888972
6078,rising,0.08788188,0.16342545
6079,rising,0.051556755,0.012822863
6080,rising,0.056848604,0.022143546
6081,rising,0.087767266,0.12458171
6082,stable,0.05899925,0.015011728
6083,stable,0.083888486,0.1571436
6084,stable,0.053066883,0.006982248
6085,stable,0.05667626,0.01025583
6086,stable,0.045836084,0.006345044
6087,stable,0.061141644,0.04454727
6088,falling,0.059993085,0.020687038
6089,falling,0.07478264,0.016241867
6090,falling,0.07176696,0.053146653
6091,falling,0.06112713,0.008750199
6092,falling,0.060924407,0.025676675
6093,stable,0.061643362,0.022047587
6094,stable,0.060142122,0.014220118
6095,stable,0.07487169,0.01804441
6096,stable,0.07561617,0.054308623
6097,stable,0.07871616,0.014398573
6098,stable,0.07200321,0.019184936
6099,stable,0.064542584,0.012638385
6100,rising,0.06660285,0.016445028
6101,rising,0.05302483,0.0056412984
6102,rising,0.052967593,0.016925495
6103,rising,0.0482498,0.019007359
6104,rising,0.07140075,0.13385355
6105,stable,0.05346832,0.009065028
6106,stable,0.05261045,0.012991272
6107,stable,0.043576434,0.026917074
6108,stable,0.078019716,0.016520215
6109,stable,0.047157098,0.01715382
6110,stable,0.08718177,0.19140182
6111,stable,0.055737425,0.014726202
6112,stable,0.09454767,0.16795076
6113,falling,0.0996156,0.16039528
6114,falling,0.09157708,0.094435506
6115,falling,0.082670376,0.020792497
6116,falling,0.07633328,0.014456893
6117,stable,0.07311094,0.01777599
6118,falling,0.07894809,0.02091582
6119,stable,0.10396162,0.02396835
6120,stable,0.082523875,0.027155934
6121,stable,0.07946036,0.01661748
6122,stable,0.08064343,0.053592425
6123,stable,0.09524501,0.028008847
6124,stable,0.06850088,0.026743889
6125,rising,0.0659602,0.0416724
6126,rising,0.06751537,0.014750495
6127,rising,0.06684815,0.038258485
6128,rising,0.076163724,0.04318264
6129,stable,0.05500704,0.021662822
6130,stable,0.058396887,0.030311719
6131,stable,0.037636083,0.0243967
6132,stable,0.045811858,0.04114236
6133,stable,0.047395818,0.03599874
6134,stable,0.052326497,0.04199889
6135,stable,0.062156472,0.1534524
6136,falling,0.055106543,0.09588131
6137,falling,0.03954982,0.02701488
6138,falling,0.034647558,0.013367986
6139,falling,0.038972847,0.04148782
6140,falling,0.05040417,0.10011924
6141,stable,0.03768013,0.023610612
6142,stable,0.031207364,0.0142121855
6143,stable,0.03121214,0.022598283
6144,stable,0.034625474,0.025926497
6145,stable,0.021041574,0.029089434
6146,stable,0.032081816,0.022310099
6147,stable,0.036280386,0.032140102
6148,stable,0.04601525,0.058262207
6149,rising,0.032029293,0.009970921
6150,rising,0.03936543,0.020015875
6151,rising,0.03845026,0.014712609
6152,rising,0.042716626,0.035148293
6153,rising,0.04609742,0.04624087
6154,stable,0.046888452,0.07603118
6155,stable,0.036427043,0.044101804
6156,stable,0.03394195,0.022314059
6157,stable,0.035284176,0.021494223
6158,stable,0.03468962,0.024365894
6159,stable,0.036330987,0.070219204
6160,falling,0.03394453,0.05266236
6161,falling,0.035182834,0.049407184
6162,falling,0.056450203,0.12716395
6163,falling,0.03259388,0.028035872
6164,falling,0.030269334,0.025847526
6165,stable,0.026786404,0.025504485
6166,stable,1.522393,0.040791
6167,stable,2.289468,0.10121593
6168,stable,2.7688184,0.14187287
6169,stable,2.9101102,0.17755845
6170,stable,2.962744,0.16578826
6171,rising,3.0418706,0.18198882
6172,stable,3.107738,0.16860992
6173,rising,3.0735326,0.18861473
6174,rising,3.177474,0.20070848
6175,rising,3.1061454,0.22567166
6176,rising,3.1453867,0.22104427
6177,rising,3.1839602,0.24735244
6178,spike,0.39304954,0.37202626
6179,spike,0.11948301,0.08765846
6180,spike,0.11500764,0.050702523
6181,spike,0.11102305,0.08253451
6182,spike,0.10675146,0.06971515
6183,spike,0.12081096,0.16766311
6184,spike,0.08954038,0.028847001
6185,spike,0.099972956,0.1412163
6186,spike,0.063297,0.017202994
6187,spike,0.06438775,0.02924067
6188,spike,0.07545089,0.10512591
6189,falling,0.057404086,0.019714369
6190,falling,0.062033307,0.03514113
6191,falling,0.77286065,0.09940172
6192,falling,1.0993631,0.13560542
6193,stable,1.2905637,0.20337084
6194,stable,1.3207449,0.21303247
6195,stable,1.3691387,0.23924793
6196,rising,1.353141,0.24690793
6197,rising,1.3761883,0.25343716
6198,rising,1.390019,0.26228303
6199,rising,1.4035007,0.24002688
6200,rising,1.5455106,0.22957176
6201,rising,1.4856652,0.20862773
6202,stable,1.5940173,0.294316
6203,spike,0.21589236,0.12749384
6204,spike,0.1755643,0.09189198
6205,spike,0.19566563,0.11909036
6206,spike,0.1839774,0.11613327
6207,spike,0.16211171,0.12709218
6208,spike,0.16528548,0.16713369
6209,spike,0.11501162,0.22481808
6210,spike,0.071006276,0.024758078
6211,spike,0.060189072,0.14376418
6212,spike,0.07283461,0.029775279
6213,spike,0.075579785,0.03992044
6214,falling,0.06831539,0.03171292
6215,falling,0.10199174,0.06967223
6216,falling,0.12845214,0.08707759
6217,stable,0.14257461,0.0806629
6218,stable,0.14130947,0.09304478
6219,stable,0.17862159,0.13240892
6220,rising,0.27879444,0.20819812
6221,rising,0.2819784,0.21148303
6222,rising,0.27786934,0.22350985
6223,rising,0.2556447,0.20535001
6224,rising,0.19622009,0.18475646
6225,rising,0.17240554,0.15153874
6226,rising,0.20088746,0.14966102
6227,stable,0.16964321,0.2829821
6228,stable,0.095818445,0.08121618
6229,stable,0.12958269,0.30384308
6230,stable,0.08750049,0.081643336
6231,stable,0.08452512,0.06656795
6232,falling,0.04893975,0.033421617
6233,falling,0.05804201,0.06179238
6234,falling,0.071348175,0.17867169
6235,falling,0.06757662,0.122551166
6236,falling,0.059771966,0.06342666
6237,falling,0.0671847,0.03970107
6238,stable,0.06475243,0.032816723
6239,stable,0.06251664,0.055099335
6240,stable,0.08122363,0.07183783
6241,stable,0.06466878,0.018975394
6242,stable,0.08831892,0.05216542
6243,rising,0.09921924,0.080862716
6244,rising,0.11425364,0.09862311
6245,rising,0.13104871,0.096430294
6246,rising,0.113657504,0.081401
6247,rising,0.11221695,0.106569685
6248,rising,0.080526926,0.091125205
6249,rising,0.07695566,0.1100465
6250,stable,0.110537544,0.18014845
6251,stable,1.7772671,0.1682268
6252,stable,2.682133,0.08284345
6253,stable,3.0661051,0.11299819
6254,stable,3.2852685,0.1985552
6255,falling,3.5568306,0.09310704
6256,falling,3.540162,0.29335406
6257,falling,3.584723,0.23272175
6258,falling,3.462031,0.1465775
6259,falling,3.4534068,0.19882995
6260,falling,3.504392,0.24537729
6261,falling,3.4260705,0.23274934
6262,falling,3.5367043,0.14648828
6263,spike,0.527862,0.53739196
6264,spike,0.13235423,0.1899146
6265,spike,0.095116474,0.14362755
6266,spike,0.09007905,0.03962616
6267,spike,0.08337204,0.028787747
6268,spike,0.106698416,0.033406705
6269,spike,0.10539382,0.078550465
6270,spike,0.09769942,0.091418214
6271,spike,0.0902367,0.11669158
6272,spike,0.08261297,0.07145535
6273,spike,0.124847725,0.2163384
6274,falling,0.1624314,0.12950215
6275,falling,0.19875632,0.1589616
6276,falling,0.2889114,0.27038056
6277,falling,0.310862,0.31461915
6278,falling,0.34992546,0.33090237
6279,falling,0.36876762,0.36119947
6280,falling,0.33497286,0.37615526
6281,falling,0.34604406,0.38210192
6282,falling,0.33220595,0.35106143
6283,falling,0.32627618,0.30428767
6284,falling,0.27846628,0.2793251
6285,falling,0.209347,0.16533399
6286,falling,0.14166437,0.14349599
6287,stable,0.08360748,0.09392675
6288,stable,0.050132923,0.05642078
6289,stable,0.047411323,0.04699787
6290,stable,0.03578634,0.022573914
6291,rising,0.036969237,0.053678304
6292,rising,0.04341676,0.099874094
6293,rising,0.03375639,0.009465824
6294,rising,0.04229112,0.073711
6295,rising,0.038305476,0.013076654
6296,rising,0.035352778,0.014857577
6297,rising,0.036931854,0.03270054
6298,rising,0.037042417,0.050204348
6299,stable,0.07065879,0.23071949
6300,stable,0.07901914,0.2662582
6301,stable,0.039205536,0.041146804
6302,stable,0.04359481,0.02809904
6303,stable,0.051429387,0.03538625
6304,falling,0.04866276,0.04181141
6305,stable,0.05722098,0.10087374
6306,falling,0.05053289,0.09305645
6307,falling,0.059367537,0.115036555
6308,falling,0.0519877,0.08394116
6309,falling,0.043994144,0.028383646
6310,stable,0.056083456,0.052915145
6311,stable,0.050315022,0.049351323
6312,stable,0.045689728,0.011165179
6313,stable,0.052556287,0.044473253
6314,stable,0.0524546,0.028774543
6315,stable,0.04229842,0.021034427
6316,stable,0.05579903,0.09146893
6317,rising,0.061481196,0.03945521
6318,rising,0.082180806,0.15300147
6319,rising,0.053410217,0.03477098
6320,rising,0.047271896,0.028349172
6321,stable,0.0512601,0.054742415
6322,stable,0.08888451,0.2731692
6323,stable,0.067874305,0.14960794
6324,stable,0.0735137,0.13999513
6325,stable,0.08722083,0.2906885
6326,stable,0.043900806,0.023185998
6327,stable,0.048479658,0.044771425
6328,falling,0.09546172,0.24607696
6329,falling,0.055373434,0.070242256
6330,falling,0.044449337,0.044848848
6331,falling,0.058973096,0.10949132
6332,falling,0.055405572,0.06821179
6333,falling,0.047749143,0.03462213
6334,falling,0.04439761,0.019254144
6335,stable,0.05694885,0.05178458
6336,stable,0.04842628,0.013588729
6337,stable,0.0492672,0.015214364
6338,stable,0.047639325,0.025857808
6339,rising,0.05669295,0.024922626
6340,rising,0.035608556,0.015779497
6341,rising,0.04005335,0.020925839
6342,rising,0.04086929,0.01779061
6343,rising,0.04265564,0.016919427
6344,rising,0.080590226,0.19630454
6345,rising,0.048892695,0.055069927
6346,stable,0.078697294,0.21461752
6347,stable,0.044373743,0.062671505
6348,stable,0.03200093,0.019100375
6349,stable,0.045943815,0.06073135
6350,stable,0.051805522,0.1474707
6351,stable,0.040289294,0.03375132
6352,stable,0.034261804,0.028106686
6353,falling,0.03730383,0.03672344
6354,falling,0.038815003,0.05541568
6355,falling,0.040461335,0.038312063
6356,falling,0.036519397,0.030562438
6357,falling,0.03781293,0.018324126
6358,stable,0.05061556,0.07424067
6359,stable,0.046465002,0.017448196
6360,stable,0.043525755,0.00913107
6361,stable,0.046774816,0.023987046
6362,stable,0.04597811,0.02045754
6363,rising,0.06533174,0.074569404
6364,rising,0.06624334,0.07317724
6365,rising,0.055078045,0.046657566
6366,rising,0.056115266,0.011737165
6367,rising,0.07354017,0.08019436
6368,rising,0.07194296,0.025113698
6369,rising,0.067256555,0.079635106
6370,stable,0.09143474,0.19397771
6371,stable,0.0836667,0.20666553
6372,stable,0.083401315,0.20043631
6373,stable,0.048027966,0.017588902
6374,stable,0.057631437,0.0095771495
6375,falling,0.050787073,0.010883823
6376,stable,1.1139832,0.05982661
6377,falling,1.7846482,0.253047
6378,falling,2.0394785,0.11029158
6379,falling,2.1888287,0.12447841
6380,falling,2.3264816,0.19127819
6381,stable,2.4374325,0.26872972
6382,falling,2.451804,0.38424724
6383,stable,2.4657245,0.13566248
6384,stable,2.4235559,0.13161403
6385,stable,2.398827,0.16205831
6386,rising,2.3454077,0.25845307
6387,stable,2.3574052,0.3239237
6388,spike,0.48326367,0.51074183
6389,spike,0.18352537,0.3569978
6390,spike,0.096651115,0.26764184
6391,spike,0.0457481,0.022256706
6392,spike,0.058000997,0.03226265
6393,spike,0.08663209,0.16686904
6394,spike,0.06005864,0.034500156
6395,spike,0.07211184,0.03575477
6396,spike,0.04567388,0.02342366
6397,spike,0.044417977,0.021386227
6398,spike,0.04312054,0.027229466
6399,falling,0.04404216,0.01556161
6400,falling,0.034561887,0.02050713
6401,falling,0.03749719,0.06732316
6402,falling,0.02167678,0.014514413
6403,falling,0.02195803,0.0133592095
6404,falling,0.023579977,0.01682389
6405,falling,0.020404765,0.018339276
6406,falling,0.02906388,0.008678665
6407,stable,0.028749663,0.008047343
6408,stable,0.04773481,0.10908285
6409,stable,0.03443372,0.0056606075
6410,stable,0.03539748,0.007643795
6411,stable,0.037496828,0.008394912
6412,rising,0.034697216,0.0049933507
6413,rising,0.042652097,0.03535353
6414,rising,0.04745062,0.013587227
6415,rising,0.053401507,0.013605855
6416,rising,0.056612387,0.027015956
6417,rising,1.4246898,0.04831001
6418,stable,2.0132587,0.06602112
6419,stable,2.3413954,0.096143946
6420,stable,2.506125,0.102835186
6421,stable,2.563323,0.1019888
6422,stable,2.5974724,0.09705705
6423,stable,2.6673613,0.16258785
6424,falling,2.681471,0.15990858
6425,falling,2.710688,0.21692628
6426,falling,2.7884612,0.19739345
6427,falling,2.841073,0.2540524
6428,falling,2.9162996,0.2195137
6429,spike,0.35858217,0.37503055
6430,spike,0.11770216,0.18082187
6431,spike,0.043357324,0.044738263
6432,spike,0.074141555,0.19447993
6433,spike,0.044258077,0.020319004
6434,spike,0.09196702,0.2791256
6435,spike,0.061331153,0.080700554
6436,spike,0.08723455,0.108229786
6437,spike,0.06311223,0.069772445
6438,spike,0.050746005,0.08083286
6439,spike,0.042085733,0.03808567
6440,falling,0.058958862,0.058910273
6441,stable,0.058905963,0.020752747
6442,stable,0.07727619,0.07785116
6443,stable,0.07311525,0.03271489
6444,stable,0.08267927,0.031953763
6445,stable,0.09423793,0.048905555
6446,stable,0.09656823,0.05109862
6447,falling,0.10855093,0.07275759
6448,falling,0.12897162,0.0805402
6449,falling,0.119798556,0.09141164
6450,falling,0.10478624,0.08116908
6451,falling,0.098865375,0.05840186
6452,stable,0.06556196,0.055847835
6453,stable,0.06108251,0.05233231
6454,stable,0.05390733,0.045866463
6455,stable,0.080453224,0.07902078
6456,stable,0.06208022,0.042543028
6457,stable,0.05817355,0.1290768
6458,stable,0.038476627,0.026671303
6459,rising,0.050004598,0.12253323
6460,rising,0.042621154,0.07166087
6461,rising,0.04433989,0.049899135
6462,rising,0.040176515,0.030176964
6463,rising,0.039942402,0.016006842
6464,rising,0.05176211,0.031822365
6465,rising,0.044594772,0.040723525
6466,stable,0.035523202,0.015986618
6467,stable,0.03151689,0.012967942
6468,stable,0.040964827,0.021466043
6469,stable,0.040572993,0.018086264
6470,stable,0.06159903,0.020755563
6471,stable,0.07770394,0.046044257
6472,falling,0.08666468,0.07534048
6473,falling,0.08711045,0.0966867
6474,falling,0.09595753,0.070071004
6475,falling,0.116244964,0.079964064
6476,falling,0.16705766,0.11667362
6477,falling,0.10994824,0.03300598
6478,stable,0.0894008,0.019979218
6479,stable,0.077560075,0.016909279
6480,stable,0.06488499,0.011171288
6481,stable,0.07603118,0.020243783
6482,stable,0.04037333,0.011993522
6483,stable,0.07737884,0.14797583
6484,rising,0.06670346,0.027961798
6485,rising,0.06426592,0.08816102
6486,rising,0.04701288,0.012794528
6487,rising,0.044998486,0.04777978
6488,rising,0.046587326,0.031304464
6489,stable,0.058653373,0.022158911
6490,stable,0.060868993,0.022962183
6491,stable,0.05309478,0.010931008
6492,stable,0.056499425,0.0118565755
6493,stable,0.06316372,0.019613758
6494,stable,0.050374255,0.013132834
6495,stable,0.056036726,0.022735737
6496,falling,0.05972709,0.035101134
6497,falling,0.04980073,0.01899208
6498,falling,0.05307169,0.016897006
6499,falling,0.05635744,0.02477284
6500,stable,0.05865128,0.015397321
6501,falling,0.04141176,0.15071736
6502,stable,0.04446051,0.15731645
6503,stable,0.049268715,0.17465538
6504,stable,0.04566512,0.1696586
6505,stable,0.04748074,0.13764626
6506,stable,0.032061677,0.045861356
6507,stable,0.035361387,0.028366953
6508,rising,0.06320694,0.15071894
6509,rising,0.03535234,0.027960142
6510,rising,0.05153778,0.11479536
6511,rising,0.03146786,0.014516958
6512,rising,0.043806743,0.03714081
6513,rising,0.050691623,0.010921755
6514,stable,0.06066111,0.0317106
6515,stable,0.046978507,0.017765544
6516,stable,0.041734662,0.010971339
6517,stable,0.045769595,0.056859966
6518,stable,0.04519013,0.010964311
6519,stable,0.06546702,0.063505076
6520,falling,0.042493843,0.00997989
6521,falling,0.049209584,0.010488155
6522,falling,0.05236634,0.01800674
6523,falling,0.05170387,0.011967425
6524,falling,0.0390044,0.012994603
6525,stable,0.04775303,0.026741719
6526,falling,0.04788013,0.097339466
6527,stable,0.02985503,0.013446843
6528,stable,0.033580795,0.013994854
6529,stable,0.04460032,0.032659877
6530,stable,0.029808747,0.04432685
6531,stable,0.025994444,0.024981132
6532,rising,0.05471587,0.14620678
6533,rising,0.037638087,0.05966855
6534,rising,0.035543468,0.035696473
6535,rising,0.030977048,0.031785283
6536,rising,0.026672725,0.01894908
6537,rising,0.028460195,0.020875908
6538,stable,0.025306888,0.014429924
6539,stable,0.029239856,0.035736937
6540,stable,0.037081677,0.03647915
6541,stable,0.038632307,0.028174514
6542,stable,0.04542918,0.06100146
6543,stable,0.03865662,0.019532815
6544,stable,0.0308469,0.03772884
6545,falling,0.040438812,0.05425552
6546,falling,0.05460769,0.15070416
6547,falling,0.03729488,0.047070954
6548,falling,0.0599465,0.16696057
6549,falling,0.06483205,0.21177965
6550,stable,0.039295536,0.060357876
6551,stable,0.06679318,0.06792723
6552,stable,0.043932367,0.015847623
6553,stable,0.05437674,0.04621433
6554,stable,0.045194957,0.023950245
6555,stable,0.052499887,0.022102129
6556,rising,0.048772912,0.029357996
6557,rising,0.046762664,0.0067970804
6558,rising,0.056698244,0.13041501
6559,rising,0.047765877,0.07396052
6560,rising,0.046514258,0.057311803
6561,rising,0.041378617,0.011816025
6562,stable,0.04121058,0.016108561
6563,stable,0.034912784,0.02729611
6564,stable,0.033670485,0.012448538
6565,stable,0.04254192,0.044435427
6566,stable,0.03449518,0.02969175
6567,stable,0.025536021,0.02404492
6568,falling,0.025122423,0.028425312
6569,falling,0.044214793,0.11196319
6570,falling,0.029613407,0.026091568
6571,falling,0.034490842,0.054781076
6572,falling,0.030436674,0.03433898
6573,falling,0.028538486,0.03764276
6574,stable,0.035556015,0.064312115
6575,stable,0.03159496,0.060041048
6576,stable,0.020777203,0.025008725
6577,stable,0.027803186,0.0629153
6578,stable,0.056902368,0.25054094
6579,stable,0.02029584,0.03318507
6580,rising,0.047260646,0.18414421
6581,rising,0.023090662,0.044829894
6582,rising,0.015019423,0.01791138
6583,rising,0.016251503,0.023745233
6584,rising,0.016276145,0.012308862
6585,rising,0.017895482,0.022667706
6586,stable,0.022541745,0.030872459
6587,stable,0.027098484,0.05932591
6588,stable,0.02168936,0.017353063
6589,stable,0.027540201,0.02610837
6590,stable,0.035854008,0.023139367
6591,stable,0.036424153,0.029496988
6592,stable,0.033125922,0.034992624
6593,falling,0.044361513,0.055827875
6594,falling,0.044468995,0.023820786
6595,falling,0.0365773,0.018790945
6596,falling,0.039474215,0.024682906
6597,falling,0.044518087,0.052330874
6598,stable,0.0730923,0.20876409
6599,stable,0.042912953,0.051621333
6600,stable,0.055614162,0.087279074
6601,stable,0.10302431,0.27773678
6602,stable,0.0699496,0.033983532
6603,stable,0.103346914,0.13889872
6604,rising,0.07805766,0.022310603
6605,rising,0.08968106,0.062492233
6606,rising,0.09383981,0.064164326
6607,rising,0.07715706,0.023082191
6608,rising,0.09009479,0.101711646
6609,rising,0.07802796,0.049039308
6610,stable,0.07440625,0.016868737
6611,stable,0.06783472,0.007289906
6612,stable,0.06578305,0.023857564
6613,stable,0.056730222,0.016960083
6614,stable,0.073586695,0.015398196
6615,falling,0.041932628,0.03557084
6616,falling,0.0398574,0.032987595
6617,falling,0.047009684,0.034020975
6618,falling,0.039368626,0.037025236
6619,falling,0.06924421,0.15072237
6620,falling,0.056480885,0.045188475
6621,falling,0.068406515,0.12413437
6622,falling,0.050463684,0.023944901
6623,stable,0.053259514,0.02264738
6624,stable,0.0599205,0.048357926
6625,stable,0.061611645,0.064684056
6626,stable,0.064299434,0.02958255
6627,rising,0.05116297,0.04526594
6628,rising,0.04407921,0.01840998
6629,rising,0.07697462,0.17528734
6630,rising,0.08485403,0.15185545
6631,rising,0.06244413,0.037657283
6632,rising,0.06703862,0.043213394
6633,rising,0.07073895,0.053698648
6634,stable,0.041369032,0.013899732
6635,stable,0.041732915,0.022549052
6636,stable,0.052254565,0.034320306
6637,stable,0.050499115,0.0366576
6638,stable,0.04914214,0.028644443
6639,stable,0.045630746,0.032571238
6640,falling,0.061505195,0.08844729
6641,falling,0.034975495,0.018071653
6642,falling,0.05306852,0.03052024
6643,falling,0.077130266,0.1691397
6644,falling,0.052999794,0.02014487
6645,falling,0.05509799,0.06784242
6646,stable,0.04427918,0.03071182
6647,stable,0.07825813,0.20115367
6648,stable,0.083119385,0.2520392
6649,stable,0.037531126,0.024475846
6650,stable,0.04568432,0.034119196
6651,stable,0.05041611,0.053726416
6652,rising,0.079634935,0.2006744
6653,rising,0.07558311,0.17502742
6654,rising,0.067097895,0.15690938
6655,rising,0.03361888,0.008595539
6656,rising,0.0520602,0.101824194
6657,stable,0.037369963,0.058554415
6658,stable,0.04016866,0.06840156
6659,stable,0.03981961,0.011694956
6660,stable,0.039450075,0.025243929
6661,stable,0.042557288,0.016280683
6662,stable,0.046573617,0.023325536
6663,stable,0.051572006,0.020845952
6664,falling,0.049371973,0.03270684
6665,falling,0.04959566,0.012881873
6666,falling,0.07672902,0.1286151
6667,falling,0.060202084,0.05151776
6668,falling,0.05011116,0.016919991
6669,falling,0.0847619,0.15080813
6670,stable,0.076798625,0.037289493
6671,stable,0.063525476,0.014422008
6672,stable,0.06700678,0.041526176
6673,stable,0.06219832,0.015809666
6674,stable,0.10459919,0.18752
6675,stable,0.0756402,0.08192131
6676,stable,0.054379422,0.01688073
6677,rising,0.059597608,0.03222711
6678,rising,0.05474251,0.031099508
6679,rising,0.063211285,0.11481373
6680,rising,0.0623934,0.09344757
6681,rising,0.0520761,0.0099121705
6682,stable,0.042807184,0.031230077
6683,stable,0.04211801,0.016996343
6684,stable,0.05101153,0.03109765
6685,stable,0.043759875,0.018770175
6686,stable,0.05142213,0.05278282
6687,stable,0.040980395,0.028025549
6688,falling,0.057258844,0.101530105
6689,stable,0.039983295,0.013690148
6690,falling,0.050945364,0.038833067
6691,falling,0.03756868,0.020849401
6692,falling,0.056561098,0.1619498
6693,falling,0.03884887,0.047383748
6694,stable,0.055185635,0.18814822
6695,stable,0.026852436,0.03159412
6696,stable,0.053927597,0.20222652
6697,stable,0.026355295,0.021420833
6698,stable,0.03265048,0.02185487
6699,stable,0.03338956,0.026440326
6700,stable,0.04296383,0.07319991
6701,rising,0.05403937,0.13709408
6702,rising,0.034380544,0.027818654
6703,rising,0.048220526,0.047880724
6704,rising,0.031687718,0.0074251764
6705,stable,0.032044068,0.01800583
6706,stable,0.04006375,0.015459716
6707,stable,0.050764453,0.06721143
6708,stable,0.046866458,0.01990686
6709,stable,0.04003391,0.01536647
6710,stable,0.06738016,0.057177052
6711,stable,0.061845787,0.0775688
6712,stable,0.051935293,0.015999015
6713,falling,0.061358277,0.021749469
6714,falling,0.057797797,0.020804489
6715,falling,0.05845383,0.01698158
6716,falling,0.061532773,0.01387273
6717,falling,0.060223725,0.016897272
6718,stable,0.085632734,0.15895528
6719,stable,0.09954886,0.17907603
6720,stable,0.06782382,0.034475446
6721,stable,0.07195663,0.02548099
6722,stable,0.048354782,0.015351379
6723,stable,0.08295802,0.12835665
6724,rising,0.06589033,0.016705371
6725,rising,0.083122745,0.11147112
6726,rising,0.06428684,0.016315103
6727,rising,0.08455245,0.06967422
6728,rising,0.076457605,0.019161206
6729,rising,0.08747711,0.017763374
6730,stable,0.08506181,0.014982374
6731,stable,0.0940752,0.08791337
6732,stable,0.08305896,0.017931154
6733,stable,0.0989924,0.021052089
6734,stable,0.08814352,0.019734079
6735,falling,0.07292699,0.020775152
6736,stable,0.098679036,0.031301707
6737,falling,0.08802021,0.03261806
6738,falling,0.05636712,0.0199526
6739,falling,0.058519594,0.038968995
6740,falling,0.04310422,0.011063868
6741,falling,0.03945904,0.017714022
6742,stable,0.037493788,0.01458291
6743,stable,0.03565301,0.00436796
6744,stable,0.034070384,0.0048647253
6745,stable,0.0452536,0.07419486
6746,stable,0.034378424,0.005561152
6747,stable,0.03677686,0.009771168
6748,rising,0.06095332,0.12836938
6749,rising,0.029848497,0.0056179874
6750,rising,0.03197684,0.008046285
6751,rising,0.0404061,0.06450837
6752,rising,0.021296035,0.0059917867
6753,rising,0.018400082,0.007879176
6754,stable,0.030780781,0.016043149
6755,stable,0.028219402,0.008870777
6756,stable,0.03282965,0.00953456
6757,stable,0.03936509,0.012917723
6758,stable,0.052908923,0.09343272
6759,stable,0.041182928,0.017525058
6760,falling,0.036063943,0.01802489
6761,falling,0.05058242,0.03236005
6762,falling,0.06116162,0.09711913
6763,falling,0.051679745,0.02423409
6764,falling,0.0527242,0.017905584
6765,falling,0.04665712,0.014621048
6766,stable,0.060639787,0.15957132
6767,stable,0.054083005,0.010950536
6768,stable,0.1073345,0.13645849
6769,stable,0.082892805,0.019572506
6770,stable,0.098102294,0.022053821
6771,stable,0.13355467,0.124643564
6772,stable,0.09845252,0.022278953
6773,rising,0.101947874,0.025931489
6774,rising,0.10692013,0.024709929
6775,rising,0.12202264,0.04121749
6776,rising,0.12849368,0.04520468
6777,rising,0.12248208,0.03166066
6778,stable,0.114904374,0.02721749
6779,stable,0.056316845,0.055620626
6780,stable,0.023430299,0.0047237454
6781,stable,0.028460542,0.023579635
6782,stable,0.04442036,0.09028811
6783,stable,0.051508415,0.1318307
6784,falling,0.024700401,0.0035888592
6785,falling,0.033732176,0.01289408
6786,falling,0.03140318,0.048025895
6787,falling,0.043533187,0.11955617
6788,falling,0.047738936,0.009477663
6789,falling,0.081027046,0.013684
6790,stable,0.07702092,0.012573944
6791,stable,0.08485707,0.016105443
6792,stable,0.10350508,0.07708844
6793,stable,0.08610501,0.008905886
6794,stable,0.09554933,0.07245439
6795,stable,0.10024517,0.085586384
6796,stable,0.08721902,0.015529296
6797,rising,0.086092815,0.011864735
6798,rising,0.09622458,0.014093178
6799,rising,0.094751686,0.014343293
6800,stable,0.08937629,0.10133132
6801,stable,0.08273939,0.015690556
6802,stable,0.0742441,0.08572122
6803,stable,0.05143384,0.009026833
6804,stable,0.052644424,0.008357202
6805,stable,0.05623675,0.01592065
6806,stable,0.04243133,0.006388245
6807,stable,0.05062163,0.008600091
6808,falling,0.055067632,0.0108734695
6809,falling,0.06859232,0.017915074
6810,falling,0.06434041,0.07988227
6811,stable,0.07024638,0.035318058
6812,stable,0.071746916,0.10171232
6813,falling,0.053236943,0.017381413
6814,falling,0.03306736,0.009066161
6815,stable,0.041473888,0.014989956
6816,stable,0.03262081,0.010194126
6817,stable,0.03924476,0.022071393
6818,stable,0.031105403,0.010191138
6819,stable,0.030481229,0.010297811
6820,rising,0.047896385,0.10246644
6821,stable,0.036502298,0.009490351
6822,rising,0.03270336,0.01894298
6823,rising,0.033054467,0.01210444
6824,rising,0.044454176,0.036010396
6825,rising,0.032815292,0.013219608
6826,stable,0.06361915,0.19761112
6827,stable,0.062718295,0.19389184
6828,stable,0.037172038,0.031490285
6829,stable,0.03108175,0.011836145
6830,stable,0.0686606,0.2068964
6831,stable,0.04381894,0.041826304
6832,stable,0.047790892,0.036225673
6833,falling,0.042687748,0.031998917
6834,falling,0.040791597,0.04311217
6835,falling,0.03808681,0.014636868
6836,falling,0.033615652,0.018929228
6837,falling,0.037229877,0.031275593
6838,stable,0.03806019,0.019736264
6839,stable,0.044907205,0.029197369
6840,stable,0.048204545,0.032595716
6841,stable,0.049554978,0.021940885
6842,stable,0.054117046,0.01963013
6843,stable,0.05056993,0.030954044
6844,rising,0.06308995,0.083116084
6845,rising,0.0437629,0.023822108
6846,rising,0.048904482,0.044616915
6847,rising,0.049179427,0.02417996
6848,rising,0.04420333,0.04630242
6849,rising,0.05273428,0.049657185
6850,stable,0.07018555,0.19709897
6851,stable,0.039841272,0.020428395
6852,stable,0.042594764,0.03651673
6853,stable,0.07777942,0.2158443
6854,stable,0.075341195,0.22629355
6855,stable,0.072318055,0.14429832
6856,stable,0.08519137,0.19188753
6857,falling,0.05883777,0.04647214
6858,falling,0.052305095,0.025610976
6859,falling,0.05658383,0.03136752
6860,falling,0.06707047,0.08063773
6861,falling,0.056404296,0.013699579
6862,stable,0.06430821,0.03706986
6863,stable,0.06205,0.016216416
6864,stable,0.04973077,0.010906433
6865,stable,0.056991816,0.029302385
6866,stable,0.07020624,0.03446611
6867,stable,0.04258698,0.029973978
6868,rising,0.03728546,0.03307507
6869,rising,0.038054716,0.032038692
6870,rising,0.03431604,0.014540971
6871,rising,0.045164477,0.023781292
6872,rising,0.070517816,0.16800688
6873,rising,0.048889577,0.061771978
6874,stable,0.073890455,0.25666094
6875,stable,0.032259237,0.032258026
6876,stable,0.035569943,0.029277822
6877,stable,0.05290207,0.07619306
6878,stable,0.035755105,0.028348284
6879,stable,0.07049063,0.25282878
6880,falling,0.041990314,0.06608328
6881,falling,0.04605591,0.054619756
6882,falling,0.080431975,0.15129372
6883,falling,0.05000069,0.049917907
6884,falling,0.04044896,0.01520864
6885,stable,0.042756274,0.030230612
6886,stable,0.04378589,0.019240938
6887,stable,0.060935564,0.035199694
6888,stable,0.052468736,0.033655323
6889,stable,0.041362815,0.013614061
6890,stable,0.040197533,0.029381108
6891,stable,0.045523252,0.021374209
6892,rising,0.052253734,0.04357756
6893,rising,0.056264494,0.050803926
6894,rising,0.06581725,0.024546014
6895,rising,0.063338205,0.022891477
6896,rising,0.051494174,0.021686649
6897,rising,0.065856464,0.13331759
6898,stable,0.038586862,0.04561075
6899,stable,0.028891556,0.021340748
6900,stable,0.03045255,0.050526828
6901,stable,0.05848833,0.13211772
6902,stable,0.046082567,0.03210264
6903,stable,0.047642995,0.040932596
6904,stable,0.04157818,0.0352703
6905,falling,0.04751397,0.029902948
6906,falling,0.045331437,0.05317128
6907,falling,0.040129356,0.03431243
6908,falling,0.058045458,0.040063176
6909,falling,0.052726276,0.014375148
6910,falling,0.059486285,0.03368145
6911,stable,0.05435298,0.022282025
6912,stable,0.054545205,0.019670177
6913,stable,0.07820339,0.02399315
6914,stable,0.06640374,0.018396337
6915,stable,0.06674869,0.040571146
6916,rising,0.1065719,0.109483466
6917,rising,0.0999033,0.025943013
6918,rising,0.09695019,0.027907113
6919,rising,0.12834716,0.16382669
6920,rising,0.09482743,0.031972
6921,rising,0.12584975,0.095345885
6922,rising,0.13961653,0.22534575
6923,stable,0.09053851,0.04123135
6924,stable,0.10345335,0.072689086
6925,stable,0.10694416,0.25111946
6926,stable,0.06532016,0.027708994
6927,stable,0.07932419,0.07023718
6928,falling,0.097065814,0.24200186
6929,falling,0.06570169,0.07827157
6930,falling,0.077849306,0.07957615
6931,falling,0.09003898,0.1577916
6932,falling,0.0575022,0.051230267
6933,falling,0.062175166,0.050237022
6934,stable,0.053418215,0.05762859
6935,stable,0.040323872,0.04353082
6936,stable,0.030602416,0.016725736
6937,stable,0.048938014,0.071104005
6938,stable,0.06455894,0.08157809
6939,stable,0.0622699,0.04552388
6940,rising,0.06387736,0.04320752
6941,rising,0.08051571,0.094878085
6942,rising,0.087354966,0.13700199
6943,rising,0.076303855,0.10824568
6944,rising,0.107311934,0.15554924
6945,rising,0.09404923,0.15503897
6946,stable,0.07940878,0.12047305
6947,stable,0.09013123,0.15341617
6948,stable,0.13693911,0.36120826
6949,stable,0.09506933,0.20766939
6950,stable,0.06306418,0.12555166
6951,stable,0.10771612,0.3474995
6952,falling,0.07684736,0.15257496
6953,falling,0.09071812,0.27242994
6954,falling,0.044395294,0.07769415
6955,falling,0.03838827,0.06311765
6956,falling,0.042113345,0.05246186
6957,falling,0.040848747,0.04371508
6958,stable,0.04599201,0.060304392
6959,stable,0.039449207,0.06152856
6960,stable,0.027630866,0.048767257
6961,stable,0.033440985,0.042875517
6962,stable,0.033534314,0.057111688
6963,stable,0.033522956,0.058431882
6964,rising,0.044259973,0.0951916
6965,rising,0.036937036,0.06265109
6966,rising,0.059713338,0.14772038
6967,rising,0.03283628,0.036153316
6968,rising,0.035930384,0.055558532
6969,rising,0.05380402,0.13180338
6970,rising,0.033384617,0.03349876
6971,stable,0.024412233,0.05070469
6972,stable,0.059874043,0.17358479
6973,stable,0.0299347,0.028588153
6974,stable,0.07956406,0.28701127
6975,stable,0.052399497,0.18349521
6976,falling,0.039683636,0.07087009
6977,falling,0.028756918,0.03047075
6978,falling,0.038330957,0.07310549
6979,falling,0.026650038,0.017370256
6980,falling,0.039761,0.039676864
6981,falling,0.042649303,0.045214094
6982,stable,0.043911703,0.06508717
6983,stable,0.07189116,0.061278217
6984,stable,0.0701998,0.03969068
6985,stable,0.08065803,0.065948926
6986,stable,0.068757445,0.04931885
6987,stable,0.06400021,0.059968803
6988,stable,0.060708974,0.06924788
6989,rising,0.067323774,0.09468361
6990,rising,0.07311216,0.13697864
6991,rising,0.0560897,0.03569209
6992,rising,0.06918721,0.1609172
6993,rising,0.04209872,0.039378367
6994,rising,0.06542833,0.08711229
6995,stable,0.036951922,0.021902485
6996,stable,0.07563009,0.22926147
6997,stable,0.04799564,0.02805805
6998,stable,0.08944328,0.21711488
6999,stable,1.417401,0.263624
7000,falling,1.9877625,0.13063142
7001,falling,2.2922866,0.13945805
7002,falling,2.3878338,0.12407812
7003,falling,2.4544709,0.14776291
7004,falling,2.4650044,0.13609427
7005,falling,2.476711,0.1350583
7006,stable,2.4243371,0.13122796
7007,stable,2.4410248,0.12516557
7008,stable,2.5406358,0.1668062
7009,stable,2.413855,0.11918446
7010,stable,2.4601438,0.15498342
7011,spike,0.33831596,0.3058545
7012,spike,0.10416625,0.09544629
7013,spike,0.06439413,0.052441504
7014,spike,0.07935563,0.054484505
7015,spike,0.10358025,0.06631438
7016,spike,0.14885348,0.084896475
7017,spike,0.18606193,0.1107263
7018,spike,0.17609113,0.08518852
7019,spike,0.1979044,0.238913
7020,spike,0.15463747,0.29152483
7021,spike,0.101603374,0.07534808
7022,falling,0.14751896,0.2621166
7023,falling,0.109744065,0.079484604
7024,falling,0.13134642,0.20158349
7025,falling,0.110100955,0.20074861
7026,falling,0.11702767,0.19361128
7027,falling,0.090449765,0.05996792
7028,falling,0.047001224,0.046507806
7029,falling,0.040833347,0.035172552
7030,stable,0.031192077,0.025102055
7031,stable,0.037050962,0.04007994
7032,stable,0.0560418,0.051567547
7033,stable,0.053763572,0.03562154
7034,stable,0.04902141,0.035511315
7035,stable,0.0563163,0.06643252
7036,rising,0.05675924,0.056398433
7037,rising,0.06589475,0.0811264
7038,rising,0.056502882,0.063440055
7039,rising,0.044057377,0.041784327
7040,rising,0.07691157,0.18056047
7041,rising,0.07726484,0.22198062
7042,stable,0.049787827,0.03109592
7043,stable,0.083134644,0.26754144
7044,stable,0.035233047,0.019804139
7045,stable,0.06055541,0.1726357
7046,stable,0.033292737,0.043232914
7047,stable,0.04759395,0.09139118
7048,falling,0.0445397,0.06020764
7049,falling,0.057240963,0.19766705
7050,falling,0.024233794,0.018881075
7051,falling,0.028211702,0.031131988
7052,falling,0.035310518,0.055795934
7053,stable,0.031783484,0.026512878
7054,stable,0.02156997,0.020294823
7055,stable,0.02374376,0.011516099
7056,stable,0.024027048,0.014102963
7057,stable,0.026002312,0.035908278
7058,stable,0.03275449,0.061696675
7059,stable,0.032460243,0.053673957
7060,rising,0.031950947,0.032769844
7061,rising,0.031820886,0.02875053
7062,rising,0.054457054,0.11122825
7063,rising,0.044992242,0.04233874
7064,rising,0.037132423,0.023055552
7065,rising,0.04633002,0.056742348
7066,stable,0.07965676,0.24177216
7067,stable,0.025249701,0.024981538
7068,stable,0.036221724,0.069637164
7069,stable,0.05341983,0.10550851
7070,stable,0.028729325,0.035243526
7071,stable,0.03639998,0.053178445
7072,falling,0.03362046,0.04715754
7073,falling,0.026197817,0.02268056
7074,falling,0.025928782,0.026974756
7075,falling,0.020195542,0.039818283
7076,falling,0.037255608,0.029887028
7077,falling,0.03523562,0.020001031
7078,stable,0.03375731,0.017332872
7079,stable,0.06736816,0.014185677
7080,stable,0.0725847,0.023476267
7081,stable,0.072446965,0.025442027
7082,stable,0.07398479,0.0159496
7083,rising,0.069436654,0.009942288
7084,rising,0.07266352,0.016538074
7085,rising,0.08059009,0.023739325
7086,rising,0.07754867,0.012114082
7087,rising,0.09530786,0.040261194
7088,rising,0.061392017,0.020382587
7089,rising,0.06811111,0.021896498
7090,stable,0.07279377,0.029009167
7091,rising,0.043672647,0.037842054
7092,stable,0.045564756,0.043027755
7093,stable,0.039760027,0.010476929
7094,stable,0.04637986,0.069645256
7095,stable,0.052333526,0.013199344
7096,stable,0.07691092,0.142588
7097,falling,0.085646935,0.15071703
7098,falling,0.072798796,0.11573874
7099,falling,0.036507245,0.025264645
7100,falling,0.035638098,0.013939798
7101,stable,0.028163245,0.0127516985
7102,falling,0.0369632,0.06308271
7103,stable,0.028728979,0.009589747
7104,stable,0.033000812,0.031596135
7105,stable,0.030706542,0.07827362
7106,stable,0.021358171,0.008497102
7107,stable,0.017712785,0.012282374
7108,rising,0.017400654,0.0074481275
7109,rising,0.026943749,0.03360423
7110,rising,0.028985627,0.007987041
7111,rising,0.048964027,0.111584716
7112,rising,0.02608023,0.011281393
7113,rising,0.02427774,0.0058057215
7114,stable,0.024579858,0.015020693
7115,stable,0.039404456,0.05484547
7116,stable,0.057298623,0.14178403
7117,stable,0.032103624,0.0065112445
7118,stable,0.031795874,0.010327479
7119,stable,0.03343592,0.011494374
7120,falling,0.03024485,0.0092918575
7121,falling,0.054417577,0.14067891
7122,falling,0.017520977,0.0054858103
7123,falling,0.018556682,0.009359232
7124,falling,0.044644058,0.11968853
7125,falling,0.024085118,0.016183479
7126,stable,0.025584634,0.0119726835
7127,stable,0.017259192,0.037554115
7128,stable,0.013772488,0.0065810224
7129,stable,0.012125769,0.004303554
7130,stable,0.013143807,0.009402643
7131,stable,0.0138220405,0.010560293
7132,rising,0.011808108,0.0037775245
7133,rising,0.022894863,0.017550252
7134,rising,0.044418298,0.13049982
7135,rising,0.04854356,0.14976245
7136,rising,0.02515867,0.008126662
7137,rising,0.024951244,0.011760941
7138,stable,0.02321408,0.007260712
7139,stable,0.0259988,0.0042387852
7140,stable,0.028702868,0.0073608723
7141,stable,0.02464273,0.0044365404
7142,stable,0.024667835,0.003264557
7143,stable,0.025924146,0.004991482
7144,falling,0.037815597,0.06695246
7145,falling,0.02243861,0.005827937
7146,falling,0.024711188,0.012401136
7147,falling,0.030240221,0.008997395
7148,falling,0.02589993,0.0074405232
7149,falling,0.0255337,0.00604686
7150,stable,0.0300147,0.012970746
7151,stable,0.047878332,0.079462096
7152,stable,0.023398358,0.005192092
7153,stable,0.019432021,0.00369331
7154,stable,0.017981548,0.0058309026
7155,rising,0.018573876,0.003973632
7156,rising,0.021706296,0.004623329
7157,rising,0.025081052,0.008551364
7158,rising,0.027252516,0.009721327
7159,rising,0.01483889,0.00576169
7160,rising,0.040015094,0.11680077
7161,rising,0.015861284,0.00607646
7162,rising,0.019549955,0.009347438
7163,stable,0.018875558,0.006108336
7164,stable,0.019227229,0.013896591
7165,stable,0.0208913,0.006437872
7166,stable,0.021180363,0.005611526
7167,stable,0.0420515,0.11243067
7168,falling,0.020259107,0.0074864863
7169,falling,0.019967416,0.005784805
7170,falling,0.025195466,0.009678091
7171,falling,0.024856078,0.010016702
7172,falling,0.03341102,0.011905432
7173,falling,0.03112968,0.009881786
7174,stable,0.025640046,0.0052969255
7175,stable,0.029907234,0.0062815966
7176,stable,0.037878588,0.008280325
7177,stable,0.059689604,0.01765875
7178,stable,0.08185119,0.119629614
7179,stable,0.098978646,0.03349938
7180,rising,0.081681415,0.026393192
7181,rising,0.10088077,0.029943066
7182,rising,0.10867027,0.10220462
7183,rising,0.08382099,0.02559259
7184,rising,0.076034375,0.041396614
7185,rising,0.071815096,0.019672014
7186,stable,0.07728767,0.02529016
7187,stable,0.06455473,0.023959706
7188,stable,0.048403278,0.023207832
7189,stable,0.040588573,0.0077250213
7190,stable,0.058832422,0.11441811
7191,stable,0.040733594,0.0076780487
7192,falling,0.035123087,0.0047111004
7193,falling,0.042739093,0.012958992
7194,falling,0.03029002,0.0061331303
7195,falling,0.049405932,0.08925076
7196,falling,0.029815238,0.04719506
7197,falling,0.02897077,0.010124077
7198,stable,0.046965733,0.11614045
7199,stable,0.0337072,0.024466252
7200,stable,0.030155564,0.017543126
7201,stable,0.0586362,0.1504675
7202,stable,0.061674993,0.16767405
7203,stable,0.037281204,0.047417987
7204,stable,0.061565828,0.1479699
7205,rising,0.037291862,0.016702626
7206,rising,0.055676226,0.11291034
7207,rising,0.05391862,0.11055097
7208,rising,0.040955875,0.013340005
7209,rising,0.047212243,0.015310468
7210,stable,0.04373931,0.0114883585
7211,stable,0.041211974,0.014634479
7212,stable,0.04449567,0.018789638
7213,stable,0.05041906,0.048703592
7214,stable,0.04198954,0.024368905
7215,stable,0.050047584,0.07339951
7216,falling,0.05389229,0.08322134
7217,falling,0.072600536,0.099363394
7218,falling,0.052342884,0.01832517
7219,falling,0.051057715,0.013436299
7220,falling,2.05565,0.3336862
7221,stable,2.818168,0.44343814
7222,stable,3.201005,0.30013508
7223,stable,3.5202196,0.663903
7224,stable,3.534917,0.28154027
7225,stable,3.5764947,0.1891553
7226,stable,3.608198,0.278817
7227,stable,3.6935494,0.707164
7228,rising,3.748394,0.6753435
7229,rising,3.4911497,0.27977088
7230,rising,3.5273676,0.304223
7231,rising,3.6996622,0.45344684
7232,spike,0.59136194,0.5665769
7233,spike,0.1948869,0.18011196
7234,spike,0.09691641,0.08464461
7235,spike,0.076217376,0.06301205
7236,spike,0.07527501,0.06231547
7237,spike,0.066191,0.07372871
7238,spike,0.07449791,0.13429819
7239,spike,0.051425412,0.06940481
7240,spike,0.049994167,0.07944432
7241,spike,0.046937965,0.08452447
7242,spike,0.044438012,0.10082671
7243,spike,0.03719954,0.06587005
7244,falling,0.03540542,0.097417764
7245,falling,0.037325937,0.0999823
7246,falling,0.03870765,0.09684041
7247,falling,0.05604254,0.224314
7248,stable,0.07043857,0.21371861
7249,stable,0.078441724,0.22217838
7250,stable,0.046251956,0.04840233
7251,stable,0.04760727,0.044314284
7252,rising,0.08191368,0.1574831
7253,rising,0.047765628,0.037953656
7254,rising,0.040713966,0.031037979
7255,rising,0.045108754,0.03890936
7256,rising,0.040565744,0.027459232
7257,rising,0.059404932,0.06052253
7258,stable,0.051072158,0.069093786
7259,stable,0.038393043,0.014847799
7260,stable,0.027359629,0.017881839
7261,stable,0.040277433,0.015104457
7262,stable,0.046147697,0.023479704
7263,stable,0.05891436,0.022048984
7264,stable,0.047621343,0.021178573
7265,falling,0.057731908,0.02249559
7266,falling,0.0737857,0.04271915
7267,falling,0.09775326,0.19995865
7268,falling,0.07119249,0.043385755
7269,falling,0.07023395,0.051959734
7270,stable,0.06701564,0.043010484
7271,stable,0.060496967,0.031608507
7272,stable,0.10345594,0.12357972
7273,stable,0.07751054,0.022134291
7274,stable,0.09423124,0.035987712
7275,stable,0.058354568,0.039038636
7276,rising,0.092674896,0.22081117
7277,rising,0.057085883,0.028475557
7278,rising,0.07136015,0.09739898
7279,rising,0.05278397,0.0143110715
7280,rising,0.05336368,0.032956462
7281,rising,0.05868175,0.056101277
7282,rising,0.046522543,0.02021774
7283,stable,0.04596807,0.01770714
7284,stable,0.038350213,0.028037084
7285,stable,0.040939935,0.056997467
7286,stable,0.03915013,0.026763646
7287,stable,0.05366331,0.07790359
7288,falling,0.043512113,0.044475697
7289,falling,0.044530094,0.020709755
7290,falling,0.034008365,0.021146689
7291,falling,0.07378033,0.20082957
7292,falling,0.04527847,0.055856127
7293,falling,0.08907045,0.20968388
7294,stable,0.04778743,0.040452547
7295,stable,0.05822073,0.08654505
7296,stable,0.08950313,0.24112505
7297,stable,0.088894464,0.22921298
7298,stable,0.055488218,0.06504161
7299,stable,0.078386165,0.21475467
7300,stable,0.07231511,0.1863074
7301,rising,0.074246086,0.19466248
7302,rising,0.059597302,0.123835966
7303,rising,0.044606727,0.025764734
7304,rising,0.050119117,0.017916327
7305,stable,0.027617514,0.019793712
7306,stable,0.024380585,0.01449182
7307,stable,0.02438757,0.010619004
7308,stable,0.021573504,0.01435939
7309,stable,0.02888815,0.019940577
7310,stable,0.031251136,0.03193951
7311,stable,0.044334788,0.08356864
7312,falling,0.027101835,0.032052804
7313,falling,0.05139288,0.10054341
7314,falling,0.036187343,0.03941846
7315,falling,0.05323982,0.1284933
7316,stable,0.026568856,0.03386527
7317,falling,0.027309591,0.0296243
7318,stable,0.044459987,0.053683955
7319,stable,0.04050718,0.023492351
7320,stable,0.03639452,0.019927403
7321,stable,0.05571651,0.13782614
7322,stable,0.03245,0.028043263
7323,stable,0.06632713,0.20112838
7324,rising,0.03470353,0.012741562
7325,rising,0.02529683,0.02622289
7326,rising,0.023376942,0.033304874
7327,rising,0.025821889,0.038465004
7328,rising,0.021365566,0.010660753
7329,rising,0.024107713,0.016401235
7330,stable,0.025818825,0.022663759
7331,stable,0.035145,0.028221652
7332,stable,0.03322323,0.032920264
7333,stable,0.046820175,0.034062516
7334,stable,0.045957685,0.02763929
7335,stable,0.055460475,0.065011784
7336,falling,0.05278149,0.025373477
7337,falling,0.049150515,0.019991023
7338,falling,0.06913338,0.07517192
7339,falling,0.08832169,0.16780558
7340,falling,0.08859111,0.16670905
7341,falling,0.07223897,0.18612753
7342,stable,0.08544689,0.24101748
7343,stable,0.072156504,0.20990272
7344,stable,0.036072098,0.03166858
7345,stable,0.10834493,0.29028058
7346,stable,0.06942375,0.056509595
7347,stable,0.107233256,0.24200557
7348,rising,0.067471914,0.044387165
7349,rising,0.08280639,0.04274861
7350,rising,0.1054625,0.17546432
7351,rising,0.08137871,0.030497711
7352,rising,0.080241986,0.012966348
7353,rising,0.080051966,0.013870724
7354,rising,0.08406261,0.015230131
7355,stable,0.07488448,0.00914913
7356,stable,0.08364961,0.008678881
7357,stable,0.080753654,0.020098196
7358,stable,0.072595455,0.013482208
7359,falling,0.047573585,0.010180844
7360,falling,0.054644022,0.026240874
7361,falling,0.042537246,0.025797307
7362,falling,0.034256343,0.009378211
7363,falling,0.042034663,0.030303996
7364,falling,0.040117383,0.01955386
7365,falling,0.07553887,0.22344403
7366,stable,0.045156263,0.017835703
7367,stable,0.053366322,0.17448121
7368,stable,0.020671794,0.029278545
7369,stable,0.050284825,0.18668035
7370,stable,0.02705068,0.023016874
7371,stable,0.026151149,0.031934824
7372,rising,0.035821743,0.030910276
7373,rising,0.03756599,0.025525104
7374,rising,0.033045147,0.025521664
7375,rising,0.035119306,0.024739625
7376,rising,0.052428585,0.07970931
7377,rising,0.051455747,0.024693748
7378,stable,0.04428229,0.023359636
7379,stable,0.04320619,0.017919468
7380,stable,0.049731635,0.032335706
7381,stable,0.048104703,0.020292051
7382,stable,0.04379229,0.015514244
7383,stable,0.054627556,0.074781634
7384,falling,0.04924046,0.058862686
7385,falling,0.06507697,0.11468851
7386,falling,0.05045332,0.01977763
7387,falling,0.04836029,0.05190007
7388,falling,0.068764426,0.17841919
7389,stable,0.06326893,0.19751762
7390,stable,0.037828315,0.054862503
7391,stable,0.04420904,0.013734265
7392,stable,0.05865796,0.040273402
7393,stable,0.09022841,0.24300176
7394,stable,0.06257236,0.019776603
7395,stable,0.053017773,0.013411982
7396,stable,0.094798416,0.20564072
7397,rising,0.08877408,0.16318484
7398,rising,0.082281314,0.13122995
7399,rising,0.060697723,0.020313242
7400,rising,0.06559621,0.019289538
7401,rising,0.06291041,0.018128954
7402,stable,0.050426845,0.013167983
7403,stable,0.025402026,0.012999467
7404,stable,0.040920015,0.05589429
7405,stable,0.029765522,0.0138457
7406,stable,0.020392329,0.017145548
7407,stable,0.026228225,0.023937589
7408,falling,0.032334507,0.034401633
7409,falling,0.023011595,0.016201494
7410,falling,0.021841737,0.013629518
7411,falling,0.041364226,0.14147542
7412,falling,0.018429138,0.020849219
7413,falling,0.026481831,0.051057674
7414,stable,0.049802575,0.16595975
7415,stable,0.06554167,0.23880129
7416,stable,0.022923611,0.048779663
7417,stable,0.02669781,0.021935016
7418,stable,0.03079422,0.033937786
7419,stable,0.047536723,0.021204073
7420,rising,0.049479328,0.012986196
7421,rising,0.06276859,0.073504314
7422,rising,0.05199833,0.017182028
7423,rising,0.067372605,0.08250556
7424,rising,0.08862792,0.019945923
7425,rising,0.08709823,0.025517229
7426,stable,0.07786975,0.017037576
7427,stable,0.075737245,0.017962966
7428,stable,0.08346133,0.0143919885
7429,stable,0.07974479,0.052094113
7430,stable,0.07583412,0.024482545
7431,falling,0.055193815,0.013325192
7432,falling,0.058121987,0.016337227
7433,falling,0.09366769,0.09787707
7434,falling,0.09672553,0.025975747
7435,falling,0.09193483,0.034322247
7436,falling,0.053856805,0.010991926
7437,falling,0.052235436,0.017017512
7438,stable,0.05599407,0.025299406
7439,stable,0.057385556,0.019715084
7440,stable,0.06292082,0.013267959
7441,stable,0.059288222,0.016739558
7442,stable,0.06984413,0.011131566
7443,stable,0.07185676,0.115475796
7444,stable,0.058462325,0.014397075
7445,rising,0.065420866,0.087399274
7446,rising,0.04367071,0.008252501
7447,rising,0.07248483,0.10069613
7448,rising,0.055052686,0.039721474
7449,rising,0.04899167,0.016885085
7450,stable,0.05473472,0.011735019
7451,stable,0.062465567,0.10314367
7452,stable,0.048752688,0.009199649
7453,stable,0.06917944,0.08807191
7454,stable,0.05822683,0.1125812
7455,stable,0.059733886,0.11503544
7456,falling,0.056070607,0.11963924
7457,falling,0.03587158,0.011494543
7458,falling,0.06428129,0.14766373
7459,falling,0.021917524,0.021318773
7460,falling,0.049608562,0.112681985
7461,falling,0.063026346,0.11776137
7462,stable,0.039754808,0.0075211152
7463,stable,0.042606656,0.011919133
7464,stable,0.037518192,0.0073213032
7465,stable,0.03682367,0.010964136
7466,stable,0.051114336,0.05224981
7467,stable,0.043726124,0.006442617
7468,rising,0.04284209,0.008918308
7469,rising,0.044929273,0.011163791
7470,rising,0.06547839,0.081206076
7471,rising,0.050905462,0.006112855
7472,rising,0.043557934,0.032877967
7473,stable,0.05481641,0.027520342
7474,stable,0.037481904,0.008154028
7475,stable,0.053265918,0.096257485
7476,stable,0.051054187,0.08086662
7477,stable,0.048188202,0.009896234
7478,stable,0.048518457,0.014778445
7479,stable,0.057701603,0.009242312
7480,falling,0.064960845,0.012435138
7481,falling,0.070508726,0.01490199
7482,falling,0.080391064,0.018645536
7483,falling,0.08136257,0.018312978
7484,falling,0.07372662,0.015807413
7485,falling,0.079618916,0.017814258
7486,stable,0.074887834,0.017184637
7487,stable,0.07557671,0.014927448
7488,stable,0.075376295,0.011740762
7489,stable,0.12233965,0.09215119
7490,stable,0.071746245,0.018190276
7491,stable,0.039849233,0.016597811
7492,rising,0.041738454,0.064699866
7493,stable,0.037974164,0.089242175
7494,rising,0.019379811,0.0042716195
7495,rising,0.023552708,0.011187855
7496,rising,0.017479127,0.003200718
7497,stable,0.021300463,0.007028772
7498,stable,0.025289325,0.0759813
7499,stable,0.032986578,0.1009117
7500,stable,0.015032159,0.0053321617
7501,stable,0.016115475,0.0074145026
7502,stable,0.022548044,0.007815456
7503,stable,0.066745386,0.12155401
7504,stable,0.043025326,0.027258385
7505,falling,0.044631913,0.016501103
7506,falling,0.06071832,0.025471875
7507,falling,0.058269557,0.019945044
7508,falling,0.06436566,0.030278558
7509,falling,0.059300594,0.017160393
7510,stable,0.055052254,0.019630551
7511,stable,0.07747022,0.01809816
7512,stable,0.076307185,0.02161184
7513,stable,0.08594976,0.02403727
7514,stable,0.07249558,0.020347534
7515,stable,0.07809099,0.08993812
7516,rising,0.0724932,0.07065279
7517,rising,0.06199541,0.018962028
7518,rising,0.062683135,0.028754568
7519,rising,0.044410273,0.018834872
7520,rising,0.06901345,0.13501342
7521,rising,0.044373374,0.013460163
7522,stable,0.051309686,0.01973279
7523,stable,0.018872747,0.011492997
7524,stable,0.026483946,0.007100964
7525,stable,0.029838745,0.024815299
7526,stable,0.028808363,0.010993338
7527,stable,0.059178963,0.14609236
7528,falling,0.0406026,0.025399365
7529,falling,0.05501515,0.05794608
7530,falling,0.05311402,0.010098237
7531,falling,0.070588894,0.105546616
7532,falling,0.052355457,0.008963579
7533,falling,0.053854868,0.015448332
7534,stable,0.051604178,0.013859682
7535,stable,0.05718621,0.011773057
7536,stable,0.047204692,0.00822399
7537,stable,0.049243774,0.013901153
7538,stable,0.05319088,0.017198091
7539,stable,0.056993406,0.014223579
7540,rising,0.0740467,0.11456448
7541,rising,0.067713164,0.10389894
7542,rising,0.051143125,0.022213155
7543,rising,0.035740264,0.00847013
7544,rising,0.05007245,0.029288415
7545,rising,0.044323977,0.024977623
7546,stable,0.035928354,0.031238936
7547,stable,0.030684974,0.010090667
7548,stable,0.036190912,0.031004852
7549,stable,0.033199444,0.009714499
7550,stable,0.037310403,0.01462338
7551,stable,0.033703074,0.007244279
7552,stable,0.04294804,0.033366363
7553,falling,0.03886448,0.02303456
7554,falling,0.04723496,0.08663712
7555,falling,0.039860632,0.015825452
7556,falling,0.042860072,0.01633599
7557,falling,0.04258393,0.029212369
7558,stable,0.039808914,0.007805363
7559,stable,0.03838287,0.0110643655
7560,stable,0.04083059,0.01803186
7561,stable,0.031979915,0.0121556325
7562,stable,0.031746168,0.01616831
7563,stable,0.032930426,0.022714328
7564,rising,0.028487248,0.013646114
7565,rising,0.036200285,0.013377921
7566,rising,0.030536806,0.010745472
7567,rising,0.031099565,0.03249978
7568,rising,0.043200888,0.020897182
7569,rising,0.033056628,0.024622712
7570,stable,0.039252717,0.04998059
7571,stable,0.038681064,0.043295294
7572,stable,0.05543661,0.033948388
7573,stable,0.058881976,0.050295696
7574,stable,0.06346961,0.061588515
7575,stable,0.08930985,0.236377
7576,falling,0.087693214,0.21730341
7577,falling,0.049342077,0.039258983
7578,falling,0.05259975,0.05617526
7579,falling,0.049545716,0.029953413
7580,falling,0.04123427,0.07025372
7581,falling,0.045400374,0.07198309
7582,stable,0.033542633,0.012848659
7583,stable,0.045239992,0.018698089
7584,stable,0.03903281,0.025250508
7585,stable,0.045949776,0.035885926
7586,stable,0.04422189,0.0334715
7587,stable,0.065722324,0.037250694
7588,rising,0.06362233,0.030746339
7589,rising,0.07161309,0.06371877
7590,rising,0.08917542,0.02788915
7591,rising,0.11757687,0.0456048
7592,rising,0.13083787,0.09282529
7593,rising,0.12048626,0.060359627
7594,stable,0.13391647,0.08773857
7595,stable,0.11790134,0.100879416
7596,stable,0.1238527,0.18855605
7597,stable,0.1598804,0.3098638
7598,stable,0.16748728,0.31848162
7599,falling,0.075532965,0.032699224
7600,falling,0.11880081,0.2482491
7601,falling,0.084552996,0.04896352
7602,falling,0.0763429,0.16310564
7603,falling,0.029693129,0.04539318
7604,falling,0.038086068,0.0877242
7605,falling,0.02539209,0.027201815
7606,stable,0.023491327,0.020238634
7607,stable,0.026897915,0.026196651
7608,stable,0.027353462,0.030430602
7609,stable,0.034368727,0.061289515
7610,stable,0.03756777,0.037812915
7611,stable,0.035109483,0.04481688
7612,rising,0.035612922,0.021417249
7613,rising,0.030177396,0.007230722
7614,rising,0.040052965,0.03690116
7615,rising,0.032087427,0.02257374
7616,rising,0.04060725,0.023273297
7617,rising,0.054561377,0.088898085
7618,stable,0.050680455,0.08101528
7619,stable,0.050156765,0.08882133
7620,stable,0.045168977,0.027848125
7621,stable,0.054290824,0.07655297
7622,stable,0.087530605,0.2837656
7623,stable,0.02979676,0.024240317
7624,stable,0.05714776,0.06090789
7625,falling,0.07902644,0.09188823
7626,falling,0.0961692,0.19374113
7627,falling,0.05894633,0.053946633
7628,falling,0.05435957,0.09234888
7629,falling,0.03850507,0.030146277
7630,stable,0.05307253,0.050879717
7631,stable,0.03993026,0.024428947
7632,stable,0.051851366,0.050308734
7633,stable,0.068697944,0.0688096
7634,stable,0.06891211,0.048404995
7635,stable,0.0739883,0.06532921
7636,stable,0.04314891,0.045317467
7637,rising,0.05116174,0.06673837
7638,rising,0.03495301,0.020616788
7639,rising,0.045350146,0.08033494
7640,rising,0.04956471,0.057412356
7641,rising,0.07787291,0.22301643
7642,stable,0.072714634,0.22687583
7643,stable,0.07608893,0.17822543
7644,stable,0.04438024,0.04569513
7645,stable,0.040164124,0.045684535
7646,stable,0.044153858,0.070911705
7647,stable,0.092351414,0.2802285
7648,stable,0.05536447,0.029991835
7649,falling,0.08696489,0.23477352
7650,falling,0.0707128,0.093491614
7651,falling,0.056688562,0.05439844
7652,falling,0.061450925,0.05427137
7653,falling,0.05884036,0.06638692
7654,stable,0.057913497,0.06655956
7655,stable,0.048244637,0.05004353
7656,stable,0.055283252,0.029673941
7657,stable,0.06720403,0.06391068
7658,stable,0.05937951,0.048461046
7659,stable,0.07288105,0.0636034
7660,rising,0.07349226,0.084040165
7661,rising,0.08005471,0.06972362
7662,rising,0.09203497,0.17511849
7663,rising,0.07104358,0.07526919
7664,rising,0.09546335,0.07940921
7665,rising,0.13001056,0.15030594
7666,rising,0.09205844,0.09522932
7667,stable,0.09137905,0.16232444
7668,stable,0.12212225,0.33785728
7669,stable,0.11994956,0.34054884
7670,stable,0.08285343,0.060943883
7671,stable,0.068590514,0.050451376
7672,falling,0.09358585,0.28011677
7673,falling,0.056921903,0.09940483
7674,falling,0.051227797,0.041928697
7675,falling,0.07530946,0.1612774
7676,falling,0.052981183,0.08148695
7677,falling,0.0622354,0.10321946
7678,stable,0.044516988,0.036393844
7679,stable,0.04115731,0.03740863
7680,stable,0.053591177,0.072201386
7681,stable,0.05257369,0.054898217
7682,stable,0.038914505,0.053449534
7683,stable,0.06407493,0.076156706
7684,rising,0.051581774,0.049605098
7685,rising,0.07248154,0.067513496
7686,rising,0.10742698,0.19668974
7687,rising,0.07771863,0.08064016
7688,rising,0.06521289,0.06428609
7689,rising,0.12040828,0.274878
7690,stable,0.13495556,0.33396405
7691,stable,0.09679503,0.1429283
7692,stable,0.07988892,0.06800993
7693,stable,0.1198769,0.22476572
7694,stable,0.09194633,0.0674316
7695,falling,0.123531304,0.34100285
7696,stable,0.099765554,0.20865653
7697,falling,0.054080192,0.094314076
7698,falling,0.057076108,0.09129097
7699,falling,0.061147474,0.085311614
7700,falling,0.08403185,0.07906126
7701,falling,0.049802102,0.043629095
7702,stable,0.043020032,0.03951761
7703,stable,0.04095532,0.043750398
7704,stable,0.042897347,0.048465762
7705,stable,0.038591024,0.0426776
7706,stable,0.04608387,0.07365223
7707,stable,0.04629182,0.06544897
7708,rising,0.052600984,0.06491667
7709,rising,0.050449476,0.03149224
7710,rising,0.07717656,0.14513189
7711,rising,0.07313792,0.16875865
7712,rising,0.04038031,0.07979851
7713,rising,0.04251916,0.07633293
7714,stable,0.0459377,0.09783278
7715,stable,0.029960616,0.035209104
7716,stable,0.039585575,0.07357522
7717,stable,0.102175064,0.31103978
7718,stable,0.061708555,0.05850938
7719,stable,0.09177993,0.2490538
7720,falling,0.07969638,0.25739262
7721,falling,0.049388904,0.06855952
7722,falling,0.06490143,0.15544125
7723,falling,0.03871498,0.026576985
7724,falling,0.052860834,0.11520523
7725,falling,0.042636793,0.03210135
7726,stable,0.04824279,0.03197254
7727,stable,0.04845403,0.033439405
7728,stable,0.04661268,0.028670305
7729,stable,0.042089928,0.04067887
7730,stable,0.03556316,0.047801547
7731,rising,0.032124203,0.05630586
7732,rising,0.05546982,0.1117939
7733,rising,0.046144426,0.07144721
7734,rising,0.06790147,0.16888906
7735,rising,0.07285801,0.19138491
7736,rising,0.06876137,0.082214735
7737,stable,0.07213907,0.16088869
7738,rising,0.058550723,0.06377809
7739,stable,0.05331688,0.061879613
7740,stable,0.055730414,0.062451437
7741,stable,0.043480046,0.040027753
7742,stable,0.047586862,0.05881212
7743,stable,0.04172753,0.033684228
7744,falling,0.07580442,0.2476022
7745,falling,0.060096536,0.11661606
7746,falling,0.065632075,0.14378372
7747,falling,0.050453946,0.030806106
7748,falling,0.03952188,0.023222703
7749,falling,0.038550396,0.032033056
7750,stable,0.03740283,0.018790904
7751,stable,0.036884673,0.04983281
7752,stable,0.040975705,0.058319177
7753,stable,0.042364575,0.052813824
7754,stable,0.04148755,0.039164092
7755,rising,0.041506503,0.059753
7756,rising,0.050650354,0.035610043
7757,rising,1.0121288,0.03234544
7758,rising,1.3543245,0.114131324
7759,rising,1.5917301,0.1210618
7760,rising,1.8043247,0.08270828
7761,rising,1.851955,0.10532275
7762,stable,1.8749814,0.109779365
7763,stable,1.9113135,0.13303135
7764,stable,1.9594601,0.20794378
7765,stable,1.9679489,0.24270792
7766,stable,1.926649,0.2144001
7767,stable,1.9754944,0.1031378
7768,falling,2.06933,0.29340893
7769,spike,0.26867723,0.25609806
7770,spike,0.098253936,0.08338718
7771,spike,0.06531818,0.041075442
7772,spike,0.084365465,0.045966234
7773,spike,0.10989335,0.109218046
7774,spike,0.10341423,0.060354237
7775,spike,0.11294281,0.07430938
7776,spike,0.13006274,0.06970341
7777,spike,0.076248005,0.037361044
7778,spike,0.063169196,0.028201329
7779,spike,0.081851736,0.093208104
7780,stable,0.094219916,0.10481421
7781,stable,0.09006051,0.12215377
7782,stable,0.112559624,0.08454312
7783,stable,0.10522209,0.048609693
7784,rising,0.11240233,0.06013744
7785,stable,0.09141836,0.04507998
7786,stable,0.097361796,0.0670533
7787,stable,0.09245837,0.048052054
7788,stable,0.066425346,0.04471309
7789,stable,0.058369424,0.034707494
7790,stable,0.10064183,0.21557046
7791,stable,0.059088048,0.061745077
7792,falling,0.09191696,0.22929357
7793,falling,0.060306784,0.044855896
7794,falling,0.05494631,0.02138818
7795,falling,0.050546605,0.02149026
7796,falling,0.05515095,0.036928065
7797,falling,0.045232866,0.012549612
7798,stable,0.055102445,0.069987446
7799,stable,0.04384434,0.016785178
7800,stable,0.0514676,0.027324937
7801,stable,0.046207752,0.012101125
7802,stable,0.043869413,0.018657435
7803,stable,0.041592415,0.025652502
7804,rising,0.040497217,0.043983188
7805,rising,1.2975608,0.074975535
7806,rising,2.0126908,0.098579
7807,rising,2.3509028,0.22633977
7808,rising,2.5235746,0.2781124
7809,rising,2.6161482,0.24726021
7810,stable,2.6715593,0.18074208
7811,stable,2.6435633,0.30236974
7812,stable,2.647195,0.122178026
7813,stable,2.671655,0.221541
7814,stable,2.725026,0.32458618
7815,falling,2.7512214,0.1368375
7816,falling,2.7778025,0.124090925
7817,spike,0.3902178,0.38654298
7818,spike,0.08759771,0.09590487
7819,spike,0.091058604,0.07317162
7820,spike,0.100584716,0.063315265
7821,spike,0.13780293,0.09440969
7822,spike,0.12412141,0.06382144
7823,spike,0.16440973,0.11835519
7824,spike,0.12236039,0.049983695
7825,spike,0.08250876,0.038938478
7826,spike,0.08629475,0.05711576
7827,spike,0.109575234,0.10158273
7828,falling,0.08791138,0.03774882
7829,stable,0.12869531,0.11158079
7830,stable,0.08910286,0.05817749
7831,stable,0.08137206,0.041803617
7832,stable,0.11613425,0.16067468
7833,stable,0.076241806,0.036246736
7834,stable,0.07456448,0.021439897
7835,stable,0.08000756,0.037039448
7836,stable,0.08730096,0.033736452
7837,stable,0.088879295,0.17596275
7838,stable,0.049355876,0.035210133
7839,stable,0.043763798,0.024203641
7840,falling,0.07858692,0.11767679
7841,falling,0.05711825,0.018492289
7842,falling,0.051496137,0.014994409
7843,falling,0.061448146,0.021628562
7844,falling,0.052659933,0.012430247
7845,falling,0.056886055,0.012556033
7846,stable,0.061268162,0.01650014
7847,stable,0.072913684,0.08384834
7848,stable,0.05778692,0.015706377
7849,stable,0.08477731,0.108599365
7850,stable,0.076298356,0.115589306
7851,rising,0.06449809,0.015962696
7852,rising,0.066769265,0.10895756
7853,rising,0.0550513,0.022395808
7854,rising,0.047205687,0.016137248
7855,rising,0.05710129,0.09265948
7856,rising,0.04985465,0.026153143
7857,rising,0.04955345,0.017737791
7858,stable,0.067772664,0.17543401
7859,stable,0.03205048,0.0133709125
7860,stable,0.038407672,0.022208847
7861,stable,0.071415566,0.13369627
7862,stable,0.048186854,0.048575733
7863,stable,0.027927933,0.0033554726
7864,falling,0.038284414,0.018616436
7865,falling,0.06438113,0.1348409
7866,falling,0.03721455,0.009961108
7867,falling,0.036010638,0.0058709546
7868,falling,0.03933469,0.0078771105
7869,falling,0.039907455,0.006440011
7870,stable,0.062075872,0.011511683
7871,stable,0.05349906,0.0106441565
7872,stable,0.05239995,0.035125922
7873,stable,0.05591716,0.009707075
7874,stable,0.058484998,0.010621719
7875,stable,0.06445558,0.014367471
7876,stable,0.07010236,0.036355402
7877,rising,0.06913976,0.021383341
7878,rising,0.08783378,0.090792544
7879,rising,0.073750705,0.025664182
7880,rising,0.07522686,0.02033248
7881,stable,0.10327806,0.0883283
7882,rising,0.03968374,0.009673455
7883,stable,0.048530973,0.030278016
7884,stable,0.05321984,0.014141554
7885,stable,0.02374004,0.0077974047
7886,stable,0.033467438,0.013589173
7887,stable,0.033822633,0.03571907
7888,falling,0.024956128,0.010429947
7889,falling,0.030435333,0.0155277755
7890,falling,0.049820032,0.1176514
7891,falling,0.037854385,0.059002195
7892,stable,0.034609657,0.006477833
7893,falling,0.034243166,0.008756354
7894,stable,0.039458588,0.033751093
7895,stable,0.035427235,0.0064100428
7896,stable,0.04595008,0.036080204
7897,stable,0.049855422,0.05471829
7898,stable,0.058736227,0.10619888
7899,rising,0.04305643,0.015962595
7900,rising,0.058821205,0.10588373
7901,rising,0.048492674,0.010435318
7902,rising,0.065857686,0.14394258
7903,rising,0.057185665,0.0076454403
7904,rising,0.045550846,0.005501636
7905,rising,0.05468792,0.007927273
7906,stable,0.05333308,0.005031757
7907,stable,0.052155364,0.0039166315
7908,stable,0.0644812,0.05507112
7909,stable,0.053025372,0.004972728
7910,stable,0.061745275,0.008359577
7911,stable,0.08293765,0.12064116
7912,falling,0.06111758,0.009086053
7913,falling,0.06819218,0.104376085
7914,falling,0.07230415,0.025914129
7915,falling,0.048096456,0.017653909
7916,falling,0.041229375,0.013401904
7917,stable,0.043845974,0.0132301245
7918,stable,0.042829685,0.022439925
7919,stable,0.04742028,0.025031311
7920,stable,0.04219725,0.01642332
7921,stable,0.07930372,0.14162807
7922,stable,0.038933504,0.03510124
7923,stable,0.06639424,0.13912591
7924,rising,0.038205083,0.02573118
7925,rising,0.037013467,0.01471613
7926,rising,0.034167565,0.015857339
7927,rising,0.022295361,0.009359387
7928,rising,0.022278285,0.010219694
7929,rising,0.016528161,0.006187216
7930,stable,0.013436289,0.008937142
7931,stable,0.013722741,0.009456751
7932,stable,0.029642668,0.065527804
7933,stable,0.027805377,0.010984187
7934,stable,0.046011563,0.07353016
7935,stable,0.03619767,0.009166388
7936,falling,0.03595168,0.017132131
7937,falling,0.049277864,0.025253877
7938,falling,0.050868344,0.010919001
7939,falling,0.049239818,0.006263172
7940,falling,0.059915114,0.038784184
7941,falling,0.074199274,0.11933586
7942,stable,0.059254423,0.033020664
7943,stable,0.09907571,0.2107663
7944,stable,0.058650002,0.021410665
7945,stable,0.0866059,0.18015288
7946,stable,0.07763614,0.2037845
7947,stable,0.048554156,0.019474957
7948,rising,0.075305216,0.14673463
7949,rising,0.059143357,0.1328149
7950,rising,0.045264002,0.07106028
7951,rising,0.05536563,0.12687556
7952,rising,0.050824575,0.07048251
7953,rising,0.04056432,0.011732408
7954,rising,0.051626407,0.04721545
7955,stable,0.052001674,0.016100068
7956,stable,0.048546687,0.010508132
7957,stable,0.062447283,0.08982233
7958,stable,0.03671682,0.011791809
7959,stable,0.065169394,0.12442201
7960,falling,0.041253887,0.009662837
7961,falling,0.0769308,0.15832192
7962,falling,0.054846123,0.024943894
7963,falling,0.0551607,0.02270878
7964,falling,0.051386286,0.022156145
7965,falling,0.057948623,0.03456488
7966,falling,0.05702909,0.029777614
7967,stable,0.06381393,0.017503781
7968,stable,0.08076121,0.21265648
7969,stable,0.04414413,0.028131535
7970,stable,0.0428115,0.02491457
7971,rising,0.046347387,0.016978208
7972,rising,0.06917074,0.18089159
7973,rising,0.039221104,0.027124474
7974,rising,0.042118344,0.037867934
7975,rising,0.032151286,0.03611064
7976,rising,0.04415591,0.034314614
7977,rising,0.03698547,0.030669233
7978,rising,0.040445022,0.03147803
7979,stable,0.031035762,0.029167257
7980,stable,0.026444077,0.0134933945
7981,stable,0.030638801,0.016105952
7982,stable,0.030938713,0.02190132
7983,stable,0.03047947,0.019833326
7984,falling,0.04485892,0.02096606
7985,falling,0.04999224,0.02446458
7986,falling,0.0471937,0.012143189
7987,falling,0.078174524,0.017441332
7988,falling,0.0700295,0.04746545
7989,falling,0.089209445,0.14412373
7990,falling,0.06654866,0.02238865
7991,stable,0.068717964,0.04920183
7992,stable,0.07860009,0.06954744
7993,stable,0.08111687,0.15929659
7994,stable,0.059934475,0.030812642
7995,stable,0.071818136,0.039465524
7996,stable,0.07556169,0.18723373
7997,rising,0.07509067,0.16474965
7998,rising,0.070974104,0.14315344
7999,rising,0.06707394,0.10533997
8000,rising,0.061113868,0.028611127
8001,rising,0.0398868,0.023496829
8002,stable,0.036925495,0.032373283
8003,stable,0.037382822,0.031268988
8004,stable,0.035159033,0.03044952
8005,stable,0.037166364,0.042041145
8006,stable,0.044968706,0.055734627
8007,stable,0.040798254,0.043673836
8008,falling,0.049056094,0.05851381
8009,falling,0.056298636,0.049049858
8010,stable,0.054388702,0.09532931
8011,falling,0.055027895,0.07557144
8012,falling,0.05455873,0.08035849
8013,falling,0.07883976,0.22118397
8014,falling,0.053368695,0.07578692
8015,stable,0.09106984,0.26721928
8016,stable,0.09761688,0.2840715
8017,stable,0.09963813,0.2767473
8018,stable,0.055284988,0.03792821
8019,stable,0.09265573,0.2584896
8020,rising,0.10704374,0.25015354
8021,rising,0.08452766,0.08853777
8022,rising,0.08402268,0.1726557
8023,rising,0.06507703,0.052622665
8024,rising,0.08038233,0.10547903
8025,rising,0.05569232,0.028056702
8026,stable,0.059758272,0.029081473
8027,stable,0.052405834,0.038216587
8028,stable,0.04115508,0.025595931
8029,stable,0.051252786,0.048715383
8030,stable,0.04329611,0.05766103
8031,stable,0.047587905,0.04329762
8032,stable,0.0862311,0.07015795
8033,falling,0.0747395,0.083366334
8034,falling,0.07430874,0.052996594
8035,falling,0.07283852,0.06369214
8036,falling,0.10092973,0.23766808
8037,falling,0.087721154,0.12348872
8038,falling,0.078725934,0.11440975
8039,stable,0.05966162,0.036754057
8040,stable,0.085736044,0.09948836
8041,stable,0.075458065,0.06961404
8042,stable,0.0823492,0.04767441
8043,stable,0.08444001,0.10751808
8044,rising,0.055934157,0.019241264
8045,rising,0.059043124,0.0575607
8046,rising,0.051290788,0.018528633
8047,rising,0.059171185,0.10254798
8048,rising,0.055820283,0.0427556
8049,rising,0.06762985,0.023189234
8050,stable,0.077466585,0.021833003
8051,stable,0.08026652,0.033149473
8052,stable,0.06014322,0.014520082
8053,stable,0.07558899,0.025395984
8054,stable,0.07426182,0.033308364
8055,falling,0.07853591,0.07997908
8056,falling,0.06332912,0.039285135
8057,falling,0.06384101,0.026290866
8058,falling,0.076921396,0.14212798
8059,falling,0.062224288,0.04280794
8060,falling,0.0990462,0.19536178
8061,falling,0.040520765,0.07490429
8062,stable,0.04203789,0.07619388
8063,stable,0.075985394,0.25454155
8064,stable,0.027601998,0.01360798
8065,stable,0.035399746,0.036196835
8066,stable,0.041325297,0.046678405
8067,stable,0.045393746,0.03526765
8068,rising,0.04980397,0.03979209
8069,rising,0.07694142,0.17924267
8070,rising,0.040743522,0.022417072
8071,rising,0.056028415,0.060722567
8072,rising,0.04029331,0.03359972
8073,rising,0.040877078,0.031586718
8074,stable,0.041944485,0.014600076
8075,stable,0.039599665,0.006500468
8076,stable,0.048348494,0.051167652
8077,stable,0.043167643,0.026802473
8078,stable,0.040796973,0.052960057
8079,stable,0.030693853,0.014264543
8080,falling,0.04014806,0.043721545
8081,falling,0.049810015,0.05860486
8082,falling,0.038651418,0.04033414
8083,falling,0.031571783,0.035349797
8084,falling,0.040769733,0.08690494
8085,falling,0.04385687,0.09493105
8086,stable,0.03551664,0.03807167
8087,stable,0.029884683,0.021354368
8088,stable,0.03895108,0.05637874
8089,stable,0.032159314,0.027419616
8090,stable,0.032896064,0.064111724
8091,stable,0.02567046,0.038290676
8092,rising,0.023920236,0.036758836
8093,rising,0.05094438,0.17970091
8094,rising,0.047998358,0.14223137
8095,rising,0.045136996,0.13258572
8096,rising,0.032071013,0.017456084
8097,rising,0.023734126,0.032411028
8098,stable,0.03459462,0.023150478
8099,stable,0.032740016,0.016384477
8100,stable,0.036449213,0.017835455
8101,stable,0.04420626,0.029445827
8102,stable,0.04343111,0.017942507
8103,stable,0.06614127,0.07921737
8104,falling,0.06764421,0.1041242
8105,falling,0.05582991,0.03988302
8106,falling,0.06230279,0.038581785
8107,falling,0.062296137,0.039028168
8108,falling,0.048479166,0.022805048
8109,falling,0.05967257,0.037808575
8110,falling,0.069594465,0.14678493
8111,stable,0.05130774,0.034905046
8112,stable,0.06350563,0.060307335
8113,stable,0.058963574,0.02792437
8114,stable,0.05922689,0.0594448
8115,stable,0.08293,0.20531416
8116,rising,0.055192623,0.018345062
8117,rising,0.086356625,0.11746084
8118,rising,0.067206874,0.022367494
8119,rising,0.06361195,0.018835234
8120,rising,0.041691262,0.042583786
8121,rising,0.040547706,0.072438665
8122,stable,0.03675248,0.009286063
8123,stable,0.038663186,0.023738226
8124,stable,0.037385583,0.021871109
8125,stable,0.036671616,0.012333688
8126,stable,0.05877387,0.060046367
8127,stable,0.06914997,0.08646862
8128,falling,0.06283154,0.090860136
8129,falling,0.061850987,0.084419414
8130,falling,0.07139728,0.12539664
8131,falling,0.069053665,0.09362882
8132,stable,0.06720135,0.08098688
8133,falling,0.056635577,0.023256434
8134,stable,0.04317274,0.05722517
8135,stable,0.038194608,0.026102036
8136,stable,0.041887514,0.0336241
8137,stable,0.07683941,0.22229117
8138,stable,0.0389485,0.015997764
8139,rising,0.07555359,0.19449961
8140,rising,0.039129984,0.019603798
8141,rising,0.03492591,0.02810005
8142,rising,0.06876464,0.1224118
8143,rising,0.05113226,0.0160865
8144,rising,0.05925946,0.02727118
8145,rising,0.053027354,0.019409632
8146,stable,0.046446543,0.012910237
8147,stable,0.05861238,0.014417683
8148,stable,0.04798679,0.009330038
8149,stable,0.05841199,0.011035906
8150,stable,0.048868466,0.012798546
8151,stable,0.045181118,0.017997848
8152,falling,0.043212377,0.013769179
8153,falling,0.0422986,0.018722089
8154,falling,0.038042683,0.017190866
8155,falling,0.07597841,0.1298688
8156,falling,0.037342023,0.01255674
8157,stable,0.052346643,0.015625868
8158,falling,0.046946324,0.014803093
8159,stable,0.036250297,0.0068416665
8160,stable,0.045577135,0.056068216
8161,stable,0.06452319,0.10428566
8162,stable,0.05307226,0.024829531
8163,stable,0.049957436,0.01727023
8164,rising,0.05265249,0.017719122
8165,rising,0.06464476,0.023143928
8166,rising,0.051727653,0.055664994
8167,rising,0.05866241,0.097987674
8168,rising,0.04507933,0.010636811
8169,rising,0.04235996,0.009821031
8170,stable,0.038320825,0.00567485
8171,stable,0.037590872,0.0075639724
8172,stable,0.04473785,0.01171931
8173,stable,0.033809524,0.008476389
8174,stable,0.03207515,0.014980629
8175,stable,0.034811933,0.009290339
8176,falling,0.060055118,0.10741337
8177,falling,0.04241996,0.01848003
8178,falling,0.045075487,0.021760259
8179,falling,0.041572757,0.037910257
8180,falling,0.016471067,0.009485213
8181,falling,0.021238763,0.011462506
8182,stable,0.04836857,0.11423896
8183,stable,0.027695132,0.0132915145
8184,stable,0.030304678,0.013186951
8185,stable,0.052956942,0.14176951
8186,stable,0.031575933,0.010049536
8187,stable,0.028681068,0.011455197
8188,stable,0.054793317,0.11561638
8189,rising,0.032712407,0.013870249
8190,rising,0.03282805,0.008576473
8191,rising,0.040809385,0.011749997
8192,rising,0.04315069,0.011874585
8193,stable,0.031121993,0.0070116557
8194,stable,0.03304079,0.008669806
8195,stable,0.05274984,0.11074213
8196,stable,0.05007704,0.036052044
8197,stable,0.034822054,0.009806772
8198,stable,0.050729927,0.08621694
8199,stable,0.056252398,0.112621464
8200,falling,0.029275805,0.018817712
8201,falling,0.045422595,0.013912828
8202,falling,0.04241217,0.01884086
8203,falling,0.056484755,0.10768956
8204,falling,0.035252623,0.012615422
8205,falling,0.029436348,0.011319565
8206,stable,0.034376536,0.013692471
8207,stable,0.029054575,0.0134685
8208,stable,0.03782228,0.014159209
8209,stable,0.05686729,0.084118225
8210,stable,0.03437291,0.014184358
8211,stable,0.053134248,0.12713869
8212,stable,0.03386189,0.01104651
8213,rising,0.032139,0.017412225
8214,rising,0.03020066,0.0074423337
8215,rising,0.031929053,0.01334535
8216,rising,0.0340967,0.01007156
8217,stable,0.04246179,0.024919787
8218,stable,0.040458336,0.0049629956
8219,stable,0.057982307,0.09106295
8220,stable,0.030250186,0.0059089847
8221,stable,0.030083846,0.006655645
8222,stable,0.033895664,0.011319613
8223,stable,0.040698,0.01667056
8224,stable,0.043372788,0.018148225
8225,falling,0.047302354,0.05043128
8226,falling,0.045799114,0.032337926
8227,falling,0.049026746,0.019121025
8228,falling,0.040477768,0.018315429
8229,falling,0.034092654,0.012842176
8230,falling,0.052802816,0.09750303
8231,stable,0.037115727,0.012731921
8232,stable,0.052446757,0.07176627
8233,stable,0.049233116,0.049968112
8234,stable,0.04448351,0.01619115
8235,stable,0.039779916,0.019635051
8236,stable,0.049831614,0.022102954
8237,rising,0.08170796,0.11948869
8238,rising,0.06893815,0.028072022
8239,rising,0.05111314,0.020595051
8240,rising,0.059389655,0.02259036
8241,rising,0.04309627,0.0138507215
8242,stable,0.04465151,0.013691504
8243,stable,0.060638122,0.14743812
8244,stable,0.0700661,0.15006301
8245,stable,0.054521136,0.051919512
8246,stable,0.042529497,0.012854459
8247,stable,0.05491915,0.01950192
8248,falling,0.042055286,0.017045531
8249,falling,0.04496485,0.018126843
8250,falling,0.06358222,0.13323607
8251,falling,0.063318826,0.103041746
8252,falling,0.04060036,0.02439613
8253,falling,0.04467766,0.020079123
8254,stable,0.03753982,0.010903642
8255,stable,0.04232657,0.017460085
8256,stable,0.045992248,0.019184843
8257,stable,0.037567165,0.040746782
8258,stable,0.06709344,0.048357405
8259,stable,0.06315153,0.026540007
8260,rising,0.056535926,0.021447081
8261,rising,0.05188209,0.014699714
8262,rising,0.06489628,0.09151667
8263,rising,0.06313427,0.024030412
8264,rising,0.055883028,0.01195893
8265,rising,0.061409514,0.021868845
8266,stable,0.074633956,0.13729076
8267,stable,0.050782997,0.0112340255
8268,stable,0.07057127,0.123608574
8269,stable,0.056770902,0.01936797
8270,stable,0.045695387,0.01409053
8271,stable,0.06399848,0.18684487
8272,falling,0.049955346,0.05280402
8273,falling,0.05615426,0.03276229
8274,falling,0.052368514,0.02004289
8275,falling,0.04612096,0.007116074
8276,falling,0.04326178,0.00704265
8277,falling,0.043991137,0.007821423
8278,stable,0.06673605,0.12285914
8279,stable,0.057790764,0.009055353
8280,stable,0.060316797,0.008153307
8281,stable,0.06426558,0.010334039
8282,stable,0.060225144,0.00689633
8283,stable,0.07042639,0.011006727
8284,rising,0.071010046,0.12596664
8285,rising,0.060131405,0.025342904
8286,rising,0.07550992,0.03542044
8287,rising,0.09597251,0.031059988
8288,rising,0.07857277,0.025243001
8289,rising,0.09982119,0.047134154
8290,stable,0.10146832,0.03541914
8291,stable,0.12766202,0.24333325
8292,stable,0.08989251,0.024295349
8293,stable,0.1456638,0.2659565
8294,stable,0.13262707,0.1712003
8295,falling,0.10736033,0.15142822
8296,falling,0.10234238,0.048005804
8297,falling,0.104092024,0.049113385
8298,falling,0.125353,0.13908015
8299,falling,0.09206026,0.019820625
8300,falling,0.09996117,0.07154922
8301,falling,0.08542319,0.038050074
8302,stable,0.074759535,0.039029658
8303,stable,0.071527794,0.019861337
8304,stable,0.07264404,0.038637973
8305,stable,0.080596246,0.030250499
8306,stable,0.06686618,0.033794194
8307,stable,0.0706387,0.07448999
8308,rising,0.06046162,0.024263592
8309,stable,0.061833512,0.017038148
8310,rising,0.037296567,0.039745674
8311,rising,0.048949942,0.088143766
8312,rising,0.05131472,0.10183676
8313,rising,0.029658917,0.05185537
8314,stable,0.030673536,0.03366347
8315,stable,0.038407747,0.08097963
8316,stable,0.026898494,0.048697945
8317,stable,0.07884465,0.26907694
8318,stable,0.038676254,0.056505244
8319,stable,0.029040877,0.022757769
8320,stable,0.04042452,0.042176597
8321,falling,0.05234099,0.045937855
8322,falling,0.04941471,0.026407376
8323,falling,0.049065027,0.019634143
8324,falling,0.071185045,0.093845055
8325,falling,0.054123394,0.023752416
8326,stable,0.05543978,0.02795784
8327,stable,0.05395196,0.039236736
8328,stable,0.059818387,0.036317077
8329,stable,0.044592567,0.034084506
8330,stable,0.047329593,0.031309612
8331,stable,0.054444544,0.065640375
8332,rising,0.05287727,0.017292093
8333,rising,0.03447094,0.029506747
8334,rising,0.0641299,0.14111263
8335,rising,0.042987566,0.0430795
8336,rising,0.040485773,0.048478656
8337,stable,0.07033963,0.20718522
8338,stable,0.040154345,0.032204695
8339,stable,0.0912871,0.2963417
8340,stable,0.06967338,0.13386215
8341,stable,0.08914604,0.2861823
8342,stable,0.04847254,0.045039687
8343,falling,0.04843349,0.05884371
8344,falling,0.07562212,0.26170024
8345,falling,0.040332444,0.094598874
8346,falling,1.2805983,0.037671193
8347,falling,1.8905699,0.051362857
8348,falling,2.083236,0.0951213
8349,falling,2.2835758,0.09805568
8350,stable,2.3360682,0.11778007
8351,stable,2.400627,0.11746373
8352,stable,2.4501262,0.28895646
8353,stable,2.4154613,0.10722718
8354,stable,2.3435447,0.13187097
8355,stable,2.377361,0.12908065
8356,rising,2.437098,0.3553119
8357,rising,2.449056,0.35563013
8358,spike,0.3145267,0.25229123
8359,spike,0.10697005,0.073747955
8360,spike,0.113513544,0.08170668
8361,spike,0.19268133,0.2529891
8362,spike,0.15213487,0.081460945
8363,spike,0.204744,0.2668605
8364,spike,0.1755177,0.107191235
8365,spike,0.11510663,0.05208431
8366,spike,0.05191111,0.03920187
8367,spike,0.042474277,0.037716534
8368,spike,0.026777301,0.024126703
8369,falling,0.06579328,0.20344925
8370,falling,0.044225466,0.12330753
8371,falling,0.046638563,0.13581389
8372,falling,0.04452127,0.115398146
8373,falling,0.050188147,0.062996216
8374,falling,0.05041392,0.022786988
8375,stable,0.06480421,0.039880723
8376,stable,0.057424836,0.017173437
8377,stable,0.059763797,0.03437368
8378,stable,0.094330594,0.05061235
8379,stable,0.0946891,0.064260125
8380,rising,0.090048686,0.046590995
8381,rising,0.12686099,0.048661366
8382,rising,0.1347893,0.085234605
8383,rising,0.09937155,0.038551774
8384,rising,0.1094607,0.088500805
8385,rising,0.09657861,0.22667298
8386,stable,0.0508396,0.05835226
8387,stable,0.05042092,0.0617069
8388,stable,0.09289059,0.2766532
8389,stable,0.060243897,0.06185536
8390,stable,0.035337854,0.021706987
8391,stable,0.041158173,0.03890938
8392,falling,0.041773923,0.04052775
8393,falling,0.045302458,0.029948287
8394,falling,0.049110796,0.055610072
8395,falling,0.047904238,0.053308167
8396,falling,0.04083148,0.03029806
8397,falling,0.039918546,0.031229971
8398,stable,0.050455704,0.045406714
8399,stable,0.06230551,0.04397969
8400,stable,0.05524943,0.02258847
8401,stable,0.053505342,0.056736626
8402,stable,0.05439547,0.04401848
8403,stable,0.06839775,0.04570077
8404,rising,0.06434234,0.10381624
8405,rising,0.057701748,0.12952492
8406,rising,0.04920294,0.07811175
8407,rising,1.7128816,0.04742167
8408,rising,2.480007,0.14430442
8409,rising,2.9503865,0.12612246
8410,stable,3.2186685,0.14683235
8411,stable,3.3416328,0.2818064
8412,stable,3.3480475,0.24138115
8413,stable,3.4270139,0.1869934
8414,stable,3.3918633,0.21951954
8415,stable,3.4776742,0.2303981
8416,falling,3.447829,0.39983892
8417,falling,3.4588304,0.17307568
8418,falling,3.4427495,0.15771842
8419,spike,0.43855745,0.4377035
8420,spike,0.15070772,0.14325717
8421,spike,0.112633705,0.07060217
8422,spike,0.15809183,0.09612229
8423,spike,0.18355617,0.13083628
8424,spike,0.1305484,0.0813976
8425,spike,0.11939754,0.060079478
8426,spike,0.13280189,0.05833105
8427,spike,0.08966777,0.07494581
8428,spike,0.0687088,0.05934846
8429,spike,0.11107349,0.18350552
8430,falling,0.11678419,0.13636976
8431,stable,0.13121544,0.21350993
8432,stable,0.11077605,0.1220811
8433,stable,0.10569034,0.10863248
8434,stable,0.114435986,0.12432305
8435,stable,0.17230408,0.2629337
8436,stable,0.21281914,0.3575277
8437,stable,0.22222735,0.35030732
8438,stable,0.22762673,0.31521812
8439,stable,0.23743872,0.36884922
8440,falling,0.22490884,0.3301427
8441,falling,0.19465576,0.28554174
8442,falling,0.13332397,0.19108948
8443,falling,0.1095484,0.15410867
8444,falling,0.11641357,0.14820917
8445,falling,0.10103864,0.12177314
8446,stable,0.08432984,0.09833229
8447,stable,0.05631701,0.075981334
8448,stable,0.03903639,0.05359614
8449,stable,0.035484187,0.034529753
8450,stable,0.033789907,0.04592195
8451,rising,0.038422916,0.06986599
8452,rising,0.03846037,0.08994303
8453,rising,0.027365077,0.021222843
8454,rising,0.027501175,0.027320016
8455,rising,0.04264404,0.07817775
8456,rising,0.075054675,0.111750096
8457,stable,0.099042006,0.12656374
8458,stable,0.0849683,0.073144585
8459,stable,0.08354713,0.0686211
8460,stable,0.103354745,0.12025854
8461,stable,0.16963093,0.34694508
8462,stable,0.14497434,0.14147608
8463,falling,0.13971409,0.15017128
8464,falling,0.1547002,0.15132873
8465,falling,0.18019794,0.25046375
8466,falling,0.14460562,0.10400447
8467,falling,0.17202964,0.21479358
8468,falling,0.095825225,0.062326696
8469,falling,0.054430798,0.026680736
8470,stable,0.045746062,0.025826277
8471,stable,0.05227351,0.024186192
8472,stable,0.052413993,0.04090782
8473,stable,0.05121424,0.035781775
8474,stable,0.04568469,0.029651362
8475,stable,0.04356296,0.020278646
8476,rising,0.049701758,0.032171227
8477,rising,0.03007379,0.010627731
8478,rising,0.043986734,0.022994727
8479,rising,0.04374503,0.012781358
8480,rising,0.02605002,0.022380343
8481,rising,0.025604365,0.0360599
8482,stable,0.027517807,0.027357986
8483,stable,0.06480625,0.23672697
8484,stable,0.05429466,0.14620474
8485,stable,0.07130517,0.24852054
8486,stable,0.032838408,0.019177506
8487,stable,0.06184047,0.15284774
8488,falling,0.07379889,0.16413258
8489,falling,0.06900953,0.13390645
8490,falling,0.036099695,0.0056048264
8491,falling,0.036664613,0.0068803355
8492,falling,0.056203093,0.12434105
8493,falling,0.054748334,0.08594967
8494,falling,0.0358722,0.010735711
8495,stable,0.03841589,0.013773387
8496,stable,0.044597816,0.020863257
8497,stable,0.04602913,0.027857916
8498,stable,0.03999157,0.020582112
8499,stable,0.045515895,0.023316564
8500,rising,0.028569844,0.0067118714
8501,rising,0.03946146,0.077316806
8502,rising,0.03470161,0.03382628
8503,rising,0.041962616,0.06947187
8504,rising,0.03259565,0.021237887
8505,rising,0.038830437,0.050021283
8506,rising,0.040953007,0.030137341
8507,stable,0.07807664,0.23232478
8508,stable,0.03612499,0.08994692
8509,stable,0.057503965,0.18100336
8510,stable,0.037160948,0.07445688
8511,falling,0.027419508,0.015534106
8512,falling,0.03506774,0.046390545
8513,falling,0.04484438,0.028218552
8514,falling,0.05158074,0.049249824
8515,falling,0.0637006,0.0775585
8516,falling,0.047341492,0.035996664
8517,falling,0.04747482,0.024007503
8518,falling,0.04675592,0.046228338
8519,stable,0.04999481,0.020109413
8520,stable,0.055403892,0.021642348
8521,stable,0.06095247,0.028800713
8522,stable,0.06368443,0.042734064
8523,stable,0.06254177,0.03573494
8524,rising,0.07777441,0.0831341
8525,rising,0.052156463,0.0189621
8526,rising,0.075134546,0.121410854
8527,rising,0.07898836,0.14460544
8528,rising,0.07906524,0.16755217
8529,rising,0.08733549,0.17017186
8530,stable,0.06309664,0.033950657
8531,stable,0.075822756,0.16475376
8532,stable,0.05576332,0.04441618
8533,stable,0.058169577,0.13817003
8534,stable,0.039526936,0.026806192
8535,stable,0.0547968,0.0936088
8536,falling,0.044705745,0.022684844
8537,falling,0.045229774,0.027158951
8538,falling,0.060851548,0.16778588
8539,falling,0.031222003,0.016487567
8540,falling,0.040005516,0.062219758
8541,falling,0.02924509,0.014289795
8542,falling,0.025440931,0.006518121
8543,stable,0.03704169,0.05433683
8544,stable,0.026690602,0.013526837
8545,stable,0.022760924,0.008778711
8546,stable,0.022011152,0.011478927
8547,rising,0.04957171,0.07735499
8548,rising,0.031106109,0.006358752
8549,rising,0.04107189,0.04776524
8550,rising,0.042943235,0.075557016
8551,rising,0.048331663,0.008829998
8552,rising,0.050305326,0.014034216
8553,rising,0.04696507,0.016625728
8554,rising,0.049358256,0.021878988
8555,stable,0.07622952,0.18202883
8556,stable,0.04810558,0.012103276
8557,stable,0.62165374,0.03930277
8558,stable,0.7809265,0.065543644
8559,stable,0.96220505,0.20006587
8560,falling,1.0582134,0.08940368
8561,falling,1.0997758,0.14818637
8562,falling,1.2035406,0.13625863
8563,falling,1.1843826,0.09953423
8564,falling,1.2470076,0.22969823
8565,falling,1.1795831,0.11283769
8566,stable,1.2056746,0.15594961
8567,stable,1.174577,0.08350725
8568,stable,1.1559154,0.06360717
8569,spike,0.14051244,0.123448156
8570,spike,0.09142532,0.056088842
8571,spike,0.045026705,0.019404529
8572,spike,0.08288362,0.17037553
8573,spike,0.040488843,0.0072618285
8574,spike,0.044366643,0.01037648
8575,spike,0.057925887,0.056060497
8576,spike,0.05420207,0.010064562
8577,spike,0.036602333,0.012541075
8578,spike,0.03925719,0.0175094
8579,spike,0.038243804,0.0149698835
8580,falling,0.048344504,0.014346247
8581,stable,0.06328904,0.06394838
8582,falling,0.0756271,0.11483238
8583,falling,0.05936,0.029974494
8584,falling,0.09550252,0.040008612
8585,falling,0.08768733,0.043200385
8586,falling,0.09805037,0.110749826
8587,falling,0.059887532,0.02730335
8588,falling,0.056253843,0.03649141
8589,falling,0.047702935,0.023052951
8590,stable,0.054812297,0.054581795
8591,stable,0.04751059,0.017296856
8592,stable,0.041803382,0.0077653476
8593,stable,0.040678218,0.0075240443
8594,stable,0.051252764,0.010252313
8595,stable,0.037734013,0.015847115
8596,rising,0.024327684,0.0139825875
8597,rising,0.020989541,0.0054035704
8598,rising,0.051744375,0.14626417
8599,rising,0.028549803,0.015387798
8600,rising,0.02735008,0.004574813
8601,rising,0.03134835,0.007838364
8602,stable,0.039295282,0.049817104
8603,stable,0.030017124,0.0042873546
8604,stable,0.057089508,0.13363501
8605,stable,0.03207708,0.0073478394
8606,stable,0.04056953,0.008355172
8607,stable,0.039867386,0.010856306
8608,falling,0.06474282,0.13448136
8609,falling,0.03620704,0.007369402
8610,falling,0.042666633,0.008680482
8611,falling,0.04068387,0.034077395
8612,falling,0.051399074,0.09682091
8613,falling,0.0465544,0.008366135
8614,stable,0.062329598,0.0463315
8615,stable,0.057764802,0.016772639
8616,stable,0.053475305,0.01658442
8617,stable,0.06332184,0.006553998
8618,stable,0.05100971,0.011225762
8619,stable,0.051203962,0.010549008
8620,rising,0.04553819,0.017354792
8621,rising,0.05958532,0.05026459
8622,rising,0.048967827,0.008548745
8623,rising,0.05554074,0.03027338
8624,rising,0.058937084,0.012849312
8625,rising,0.06545156,0.0056199385
8626,stable,0.06617399,0.012495521
8627,stable,0.07253684,0.023669586
8628,stable,0.072474755,0.041299272
8629,stable,0.053232733,0.01151019
8630,stable,0.054301634,0.013642846
8631,falling,0.07549449,0.08075201
8632,falling,0.056632653,0.042239636
8633,falling,0.044516064,0.012790153
8634,falling,0.038113777,0.01151904
8635,falling,0.03716303,0.029555848
8636,falling,0.031291,0.0073157293
8637,stable,0.03633251,0.01925524
8638,stable,0.055819128,0.14015016
8639,stable,0.021792764,0.020283055
8640,stable,0.02941341,0.025066115
8641,stable,0.04576657,0.07290748
8642,stable,0.06181354,0.14986394
8643,stable,0.034051195,0.014374677
8644,rising,0.042286657,0.013431204
8645,rising,0.066640735,0.14743102
8646,rising,0.039258968,0.009588614
8647,rising,0.03970142,0.015348402
8648,rising,0.04090836,0.01450562
8649,rising,0.05312828,0.063353956
8650,stable,0.036124423,0.012492942
8651,stable,0.046907857,0.01914922
8652,stable,0.023184437,0.00613972
8653,stable,0.025132474,0.01145941
8654,stable,0.04564493,0.09535396
8655,stable,0.026441317,0.009664123
8656,stable,0.027370656,0.008334534
8657,falling,0.040544536,0.08294254
8658,falling,0.036049534,0.011645248
8659,falling,0.044329535,0.023058543
8660,falling,0.07417111,0.19131897
8661,falling,0.04617774,0.015919311
8662,falling,0.061190628,0.033243455
8663,stable,0.057759862,0.017789382
8664,stable,0.07149085,0.08773464
8665,stable,0.08617701,0.20498192
8666,stable,0.061435357,0.044474576
8667,stable,0.06971186,0.03278898
8668,rising,0.059095673,0.05967566
8669,rising,0.059721645,0.03535268
8670,rising,0.04880984,0.029487655
8671,rising,0.061560996,0.10337538
8672,rising,0.040375028,0.014031565
8673,rising,0.04915597,0.035873502
8674,rising,0.024302306,0.018042019
8675,stable,0.023731166,0.018801149
8676,stable,0.02231012,0.007595883
8677,stable,0.024466002,0.020018935
8678,stable,0.042005703,0.0789842
8679,stable,0.037446354,0.02324606
8680,falling,0.030063463,0.024580425
8681,falling,0.046791375,0.12849268
8682,falling,0.025612503,0.03053145
8683,falling,0.033642326,0.033988327
8684,falling,0.031244405,0.029808583
8685,falling,0.05681684,0.13083115
8686,stable,0.054578654,0.04130904
8687,stable,0.05650821,0.041770052
8688,stable,0.059104096,0.043693352
8689,stable,0.05690795,0.06761192
8690,stable,0.07080749,0.016733019
8691,stable,0.06267672,0.013642501
8692,rising,0.07229424,0.020780059
8693,rising,0.09339407,0.11075432
8694,rising,0.077854894,0.017271347
8695,rising,0.074999884,0.0829612
8696,rising,0.077046804,0.096600294
8697,rising,0.05685248,0.009721032
8698,stable,0.061483614,0.012666868
8699,stable,0.048746023,0.015755307
8700,stable,0.060076676,0.026774488
8701,stable,0.061410565,0.027578777
8702,stable,0.04996701,0.062124096
8703,falling,0.06714564,0.07630543
8704,falling,0.058191437,0.08916486
8705,falling,0.040610526,0.024025481
8706,falling,0.036148246,0.023095664
8707,falling,0.037066773,0.03757914
8708,falling,0.032995638,0.044549767
8709,stable,0.030537339,0.025499457
8710,stable,0.027956583,0.027487256
8711,stable,0.026938569,0.029050367
8712,stable,0.03374147,0.03535249
8713,stable,0.026856888,0.03648241
8714,stable,0.026694901,0.026005346
8715,rising,0.07207532,0.24946228
8716,stable,0.036682274,0.027288819
8717,rising,0.056223705,0.16935529
8718,rising,0.04225564,0.0602609
8719,rising,0.033207145,0.01694833
8720,rising,0.033837784,0.011653138
8721,stable,0.04509647,0.073943675
8722,stable,0.031120438,0.013437847
8723,stable,0.030981662,0.00944537
8724,stable,0.06768152,0.010390095
8725,stable,0.06788567,0.015179654
8726,stable,0.05203207,0.019610943
8727,stable,0.05192768,0.015936349
8728,falling,0.067028254,0.05173874
8729,falling,0.05695997,0.02138637
8730,falling,0.05343257,0.011673965
8731,falling,0.055811882,0.028874867
8732,falling,0.100389004,0.1678996
8733,falling,0.07582555,0.02487607
8734,stable,0.1143588,0.20679067
8735,stable,0.11272391,0.21772349
8736,stable,0.07766268,0.047852367
8737,stable,0.08701728,0.068950266
8738,stable,0.0990201,0.11888691
8739,rising,0.11237368,0.23745066
8740,rising,0.10689608,0.22468102
8741,rising,0.07460682,0.07101606
8742,rising,0.084508084,0.109003104
8743,rising,0.11244961,0.14091718
8744,rising,0.04225379,0.03875437
8745,rising,0.045645595,0.0795352
8746,stable,0.0461233,0.03289055
8747,stable,0.043879386,0.038474876
8748,stable,0.03721042,0.042090256
8749,stable,0.027159322,0.027272211
8750,stable,0.03417329,0.054362237
8751,stable,0.032935504,0.05851117
8752,falling,0.061047915,0.12718421
8753,falling,0.03571903,0.030743813
8754,falling,0.03535522,0.045806296
8755,falling,0.08100451,0.21076185
8756,falling,0.04663902,0.04638369
8757,falling,0.044999264,0.043950856
8758,stable,0.042420793,0.0333066
8759,stable,0.03839422,0.054195806
8760,stable,0.048603963,0.04409647
8761,stable,0.09550012,0.27050814
8762,stable,0.042946804,0.038018394
8763,stable,0.08845498,0.26983288
8764,rising,0.065647386,0.2155047
8765,rising,0.032520823,0.02405676
8766,rising,0.042033564,0.042328864
8767,rising,0.039355054,0.026311416
8768,rising,0.04454821,0.10819791
8769,stable,0.038287878,0.022027178
8770,stable,0.034250673,0.018432068
8771,stable,0.048321728,0.022672212
8772,stable,0.05307951,0.047774125
8773,stable,0.0577032,0.031319678
8774,stable,0.05260655,0.024333544
8775,falling,0.059130557,0.03191938
8776,falling,0.069219686,0.029936882
8777,falling,0.07210159,0.02539635
8778,falling,0.0630331,0.0366332
8779,falling,0.07767523,0.034837335
8780,falling,0.072765395,0.03843892
8781,falling,0.05505502,0.013299826
8782,stable,0.05925343,0.016659252
8783,stable,0.040916596,0.013515395
8784,stable,0.062342774,0.09255291
8785,stable,0.06982102,0.1375034
8786,stable,0.056239065,0.02970867
8787,stable,0.06147168,0.10629954
8788,stable,0.08349368,0.19400576
8789,rising,0.054768633,0.03692513
8790,rising,0.07756023,0.12898397
8791,rising,0.07262767,0.09206612
8792,rising,0.0648555,0.038835943
8793,stable,0.059023507,0.019760434
8794,stable,0.063789435,0.017070826
8795,stable,0.07602318,0.02803607
8796,stable,0.06598838,0.023276076
8797,stable,0.06826331,0.030768344
8798,stable,0.06751703,0.031198135
8799,stable,0.0660495,0.029208671
8800,falling,0.06344623,0.024746351
8801,falling,0.080669515,0.10479904
8802,falling,0.062427033,0.06604571
8803,falling,0.07777362,0.1410348
8804,falling,0.064348064,0.04137142
8805,falling,0.08835486,0.18613048
8806,stable,0.06595484,0.06353407
8807,stable,0.0699365,0.064069405
8808,stable,0.046281807,0.03764714
8809,stable,0.0473273,0.03282799
8810,stable,0.054369595,0.059746318
8811,rising,0.08767617,0.23948541
8812,stable,0.08611103,0.22489119
8813,rising,0.055182766,0.04802545
8814,rising,0.05767797,0.047382668
8815,rising,0.07220541,0.11562482
8816,rising,0.061458986,0.038601093
8817,rising,0.043054383,0.026743839
8818,stable,0.045149397,0.021355305
8819,stable,0.04411139,0.019298524
8820,stable,0.051295176,0.012615405
8821,stable,0.053876508,0.05770948
8822,stable,0.04465984,0.018046105
8823,stable,0.04532587,0.019955432
8824,falling,0.0551257,0.02072117
8825,falling,0.033268258,0.02182216
8826,falling,0.041396033,0.024847817
8827,falling,0.044321593,0.052114252
8828,falling,0.038324617,0.02346619
8829,falling,0.047492318,0.03201925
8830,falling,0.04386333,0.05877489
8831,stable,0.08304195,0.2731523
8832,stable,0.07068135,0.19421446
8833,stable,0.045312807,0.02011035
8834,stable,0.047167778,0.023482557
8835,stable,0.050255902,0.03229494
8836,rising,0.039282706,0.028651798
8837,rising,0.039544385,0.032265734
8838,rising,0.043022145,0.031129213
8839,rising,0.03462219,0.033161446
8840,rising,0.04343941,0.08347563
8841,rising,0.051409967,0.055353343
8842,stable,0.038648505,0.009857713
8843,stable,0.050956413,0.018230245
8844,stable,0.049329042,0.011783124
8845,stable,0.04999809,0.022788968
8846,stable,0.055706743,0.055924255
8847,stable,0.051581256,0.03235966
8848,falling,0.05982593,0.012755434
8849,falling,0.082976334,0.100381516
8850,falling,0.081374854,0.015981283
8851,falling,0.08361134,0.017922152
8852,falling,0.10745685,0.112515904
8853,stable,0.13453859,0.14826994
8854,falling,0.081650205,0.029221285
8855,stable,0.11181398,0.18692075
8856,stable,0.086996935,0.07688118
8857,stable,0.11893494,0.19563372
8858,stable,0.073680766,0.016492456
8859,stable,0.08827648,0.024212891
8860,stable,0.06538733,0.051322345
8861,rising,0.06492183,0.050677355
8862,rising,0.06376557,0.12486355
8863,rising,0.04787229,0.022655647
8864,stable,0.025381418,0.009278111
8865,rising,0.026783433,0.006036957
8866,rising,0.02707829,0.012230766
8867,stable,0.036515094,0.0497568
8868,stable,0.03427699,0.055125985
8869,stable,0.044111088,0.06836213
8870,stable,0.032137778,0.008336969
8871,stable,0.03101302,0.015760344
8872,falling,0.04539578,0.08225143
8873,falling,0.03787973,0.020052994
8874,falling,0.040869735,0.025632251
8875,falling,0.0506243,0.023882132
8876,falling,0.054492943,0.02530816
8877,falling,0.054822855,0.018997837
8878,stable,0.08489647,0.16494867
8879,stable,0.08401455,0.17185697
8880,stable,0.05733742,0.021138519
8881,stable,0.08438763,0.014066262
8882,stable,0.11123987,0.16061771
8883,rising,0.11429279,0.15994637
8884,stable,0.105266586,0.15833443
8885,rising,0.08313401,0.022367401
8886,rising,0.08577825,0.014073214
8887,rising,0.10116761,0.014615251
8888,rising,0.11824234,0.03490795
8889,stable,0.08126911,0.013322856
8890,stable,0.083487965,0.01175273
8891,stable,0.09947338,0.04662159
8892,stable,0.067634396,0.011456411
8893,stable,0.057171274,0.0056511736
8894,stable,0.062772945,0.042786345
8895,stable,0.06962313,0.10203476
8896,stable,0.070918955,0.011707931
8897,falling,0.09143495,0.094181605
8898,falling,0.09720982,0.042782824
8899,falling,0.07448578,0.07400106
8900,falling,0.08882525,0.107666075
8901,falling,0.0631737,0.010152255
8902,stable,0.07234036,0.05854018
8903,stable,0.09312975,0.124653645
8904,stable,0.0984405,0.06983112
8905,stable,0.06743531,0.018637508
8906,stable,0.073154636,0.02409165
8907,stable,0.07475216,0.0147796525
8908,rising,0.07151031,0.12576085
8909,stable,0.0388323,0.009799426
8910,rising,0.044400457,0.012868347
8911,rising,0.04314856,0.0127143655
8912,rising,0.040831015,0.008439879
8913,stable,0.04259171,0.02424062
8914,stable,0.049433295,0.009451321
8915,stable,0.05832521,0.019989556
8916,stable,0.07746206,0.119754784
8917,stable,0.046151817,0.008964987
8918,stable,0.078320846,0.1277311
8919,stable,0.06736221,0.021662192
8920,stable,0.07179692,0.029233838
8921,falling,0.06988503,0.022303825
8922,falling,0.05166893,0.02010145
8923,falling,0.07314782,0.021381112
8924,falling,0.070765935,0.06713839
8925,falling,0.054218676,0.016472677
8926,falling,0.050111447,0.011702867
8927,stable,0.048963454,0.008070096
8928,stable,0.085373886,0.098435394
8929,stable,0.086637996,0.10152243
8930,stable,0.072774045,0.023667177
8931,stable,0.0779736,0.09636333
8932,rising,0.08233937,0.021763915
8933,rising,0.08569344,0.028856592
8934,rising,0.08718228,0.020664176
8935,rising,0.06684515,0.013308297
8936,rising,0.06995805,0.046079036
8937,rising,0.08652064,0.019131871
8938,rising,0.09613139,0.02600534
8939,stable,0.10310819,0.11615487
8940,stable,0.05458296,0.0053823283
8941,stable,0.07222905,0.10490964
8942,stable,0.08653132,0.147664
8943,stable,0.06309324,0.021525405
8944,falling,0.071610205,0.12891214
8945,falling,0.06681868,0.06611852
8946,falling,0.0860593,0.14174128
8947,falling,0.056640945,0.008773196
8948,falling,0.06329655,0.01411147
8949,falling,0.06936537,0.007785693
8950,stable,0.07456004,0.010275601
8951,stable,0.06917555,0.0052983263
8952,stable,0.07857151,0.013569603
8953,stable,0.07951112,0.016372632
8954,stable,0.07825545,0.0130097475
8955,rising,0.0805718,0.015223268
8956,rising,0.0845675,0.020942735
8957,rising,0.0885974,0.09997139
8958,rising,0.077051036,0.017459482
8959,rising,0.07458978,0.018092705
8960,rising,0.07911737,0.12758654
8961,rising,0.030909428,0.00902932
8962,stable,0.036267895,0.009249676
8963,stable,0.027572058,0.0075447466
8964,stable,0.024139576,0.0051123966
8965,stable,0.025092158,0.004983293
8966,stable,0.030478166,0.0043178494
8967,stable,0.035619497,0.027108893
8968,falling,0.04658886,0.07022451
8969,falling,0.03142809,0.0120445285
8970,falling,0.056920096,0.1337109
8971,falling,0.03891854,0.06702005
8972,falling,0.037626527,0.0040951
8973,stable,0.054148395,0.07677215
8974,falling,0.041832168,0.0073518655
8975,stable,0.03931264,0.01766197
8976,stable,0.03902973,0.011307827
8977,stable,0.05057471,0.0090205
8978,stable,0.057853717,0.08985882
8979,stable,0.06782055,0.11188128
8980,rising,0.052956037,0.011897782
8981,rising,0.050540462,0.009728267
8982,rising,0.04735545,0.0066550686
8983,rising,0.084055685,0.13459855
8984,rising,0.062369455,0.061105184
8985,rising,0.048625305,0.012435889
8986,stable,0.053853318,0.023178056
8987,stable,0.055229466,0.015302669
8988,stable,0.09812632,0.12333542
8989,stable,0.08251568,0.17832111
8990,stable,0.06315618,0.012344819
8991,stable,0.06708763,0.024082735
8992,falling,0.06344614,0.022953913
8993,falling,0.08426806,0.07929496
8994,falling,0.07633204,0.024179649
8995,falling,0.06022545,0.013839215
8996,falling,0.0716616,0.053372312
8997,falling,0.06679935,0.03518448
8998,stable,0.079533234,0.07273277
8999,stable,0.068156525,0.009421596
9000,stable,0.08595751,0.03974319
9001,stable,0.0574451,0.014669672
9002,stable,0.03572784,0.01123587
9003,stable,0.024119645,0.01422886
9004,rising,0.023690118,0.0061672996
9005,rising,0.0443109,0.08556484
9006,rising,0.043275893,0.099769406
9007,rising,0.028581502,0.011643365
9008,rising,0.03215038,0.02706835
9009,rising,0.041014645,0.022812001
9010,stable,0.060157944,0.14829285
9011,stable,0.041125145,0.016872814
9012,stable,0.09797502,0.20829783
9013,stable,0.06241766,0.020185173
9014,stable,0.082737155,0.1253815
9015,stable,0.07401982,0.024950767
9016,stable,0.10204026,0.17673546
9017,falling,0.0909602,0.05863268
9018,falling,0.088285215,0.11728109
9019,falling,0.081949614,0.03431626
9020,falling,0.09908386,0.039763823
9021,falling,0.07082613,0.03321344
9022,stable,0.06100107,0.014860939
9023,stable,0.07735814,0.044269685
9024,stable,0.05346183,0.03277224
9025,stable,0.048949644,0.019789228
9026,stable,0.06142146,0.033755466
9027,stable,0.062263783,0.056635056
9028,rising,0.057508036,0.039868265
9029,rising,0.07360251,0.08020044
9030,rising,0.08353782,0.067320496
9031,rising,0.07218891,0.028222354
9032,rising,0.08152429,0.07397718
9033,rising,0.100176096,0.24304183
9034,stable,0.08814622,0.14104001
9035,stable,0.06879642,0.03495009
9036,stable,0.13002644,0.28968975
9037,stable,0.07616625,0.07563822
9038,stable,0.06971006,0.051569972
9039,stable,0.05668301,0.035994273
9040,falling,0.046363376,0.025439534
9041,falling,0.045497384,0.05478255
9042,falling,0.049820818,0.061540183
9043,falling,0.041420322,0.034345713
9044,falling,0.04422507,0.063470334
9045,falling,0.041776065,0.027392553
9046,falling,0.026444247,0.02051559
9047,stable,0.023773452,0.009641581
9048,stable,0.04199076,0.05113527
9049,stable,0.04261511,0.040753476
9050,stable,0.04599397,0.06612384
9051,stable,0.035993833,0.050775938
9052,rising,0.033521105,0.027916482
9053,rising,0.041418307,0.08101807
9054,rising,0.038264897,0.044580474
9055,rising,0.022855302,0.020445846
9056,rising,1.068936,0.0567682
9057,rising,1.5784189,0.06415438
9058,stable,1.7092807,0.070051484
9059,stable,1.8341918,0.08994057
9060,stable,1.9281831,0.14901711
9061,stable,1.9574364,0.16669658
9062,stable,1.9062886,0.2001104
9063,stable,1.9337285,0.15249978
9064,falling,1.8904784,0.12893681
9065,falling,1.8993031,0.1113516
9066,falling,1.9737493,0.12182707
9067,falling,1.8687147,0.25398877
9068,spike,0.2335346,0.21366212
9069,spike,0.10446773,0.041042026
9070,spike,0.8102327,0.094500035
9071,spike,1.2015266,0.20390332
9072,spike,1.3102317,0.1600196
9073,spike,1.4017031,0.19340822
9074,spike,1.4452062,0.21931122
9075,spike,1.41748,0.18147328
9076,spike,1.4937943,0.287324
9077,spike,1.5708144,0.244342
9078,spike,1.5877842,0.27091646
9079,stable,1.6929106,0.25222674
9080,stable,1.6794839,0.27156428
9081,stable,1.6407902,0.22597995
9082,spike,0.2602191,0.25681743
9083,spike,0.2119348,0.154937
9084,spike,0.20938657,0.16108176
9085,spike,0.24104549,0.20776497
9086,spike,0.23255934,0.17453499
9087,spike,0.20950113,0.18860297
9088,spike,0.20081955,0.18967555
9089,spike,0.17068581,0.13762785
9090,spike,0.16004334,0.14707775
9091,spike,0.12510167,0.15143664
9092,spike,0.106792204,0.125654
9093,falling,0.0974241,0.092101365
9094,falling,0.10569096,0.099555984
9095,falling,0.07413016,0.0871076
9096,stable,0.08149227,0.11637661
9097,stable,0.085237056,0.10501972
9098,stable,0.09287863,0.110863425
9099,stable,0.07695532,0.11091802
9100,stable,0.06269997,0.08913941
9101,rising,0.07468235,0.13702577
9102,rising,0.06253645,0.08364773
9103,rising,0.08643124,0.18228267
9104,rising,0.059916098,0.069520466
9105,stable,0.045477726,0.02616165
9106,rising,0.080804534,0.24590708
9107,stable,0.09393778,0.27258193
9108,stable,0.09252937,0.2753079
9109,stable,0.09431753,0.2816752
9110,stable,0.046218768,0.047146894
9111,stable,0.053469248,0.088250086
9112,falling,0.050630946,0.061686922
9113,falling,0.044952538,0.056190524
9114,falling,0.045773365,0.054346412
9115,falling,0.07354857,0.12966722
9116,falling,0.052346926,0.0686025
9117,falling,0.054971833,0.05362011
9118,stable,0.05349809,0.07080257
9119,stable,0.044010103,0.04852755
9120,stable,0.039521314,0.033321373
9121,stable,0.06129438,0.04504716
9122,stable,0.07642714,0.05293865
9123,stable,0.07263366,0.091528244
9124,rising,0.06794761,0.05672181
9125,rising,0.076162346,0.04934809
9126,rising,0.07703097,0.055232782
9127,rising,0.094816685,0.08778426
9128,rising,0.1105574,0.22135735
9129,rising,0.08927543,0.103303224
9130,rising,0.07854107,0.08675214
9131,stable,0.08637115,0.19512467
9132,stable,0.11972681,0.28447047
9133,stable,0.10782532,0.31718335
9134,stable,0.11021883,0.27435037
9135,stable,0.085609764,0.09829833
9136,stable,0.08531539,0.053521752
9137,falling,0.12555256,0.276888
9138,falling,0.08427592,0.0975208
9139,falling,0.10808578,0.17289396
9140,falling,0.08134244,0.053443737
9141,falling,0.09259532,0.07609044
9142,stable,1.5836198,0.056104865
9143,stable,2.346526,0.09145801
9144,stable,2.842057,0.0953198
9145,stable,2.973282,0.18296275
9146,stable,3.0682657,0.22488782
9147,stable,3.040513,0.13866717
9148,rising,3.1042054,0.17119642
9149,rising,3.1670084,0.17679481
9150,rising,2.9925654,0.26328
9151,rising,2.8764107,0.18511446
9152,rising,3.0374486,0.17172973
9153,rising,3.0278616,0.21775484
9154,spike,0.43911564,0.34264874
9155,spike,0.19001421,0.12419318
9156,spike,0.24959742,0.23193114
9157,spike,0.23531397,0.23606555
9158,spike,0.20635949,0.12229748
9159,spike,0.16953081,0.09068385
9160,spike,0.15186118,0.061807018
9161,spike,0.11912639,0.21925624
9162,spike,0.06738039,0.018603923
9163,spike,0.06628245,0.02911282
9164,spike,0.09415462,0.060672875
9165,falling,0.077296786,0.030634757
9166,falling,0.09192083,0.034200955
9167,falling,0.12442099,0.04614152
9168,stable,0.1344955,0.05432369
9169,stable,0.18068154,0.10107285
9170,stable,0.20601158,0.11118253
9171,stable,0.21531238,0.10682417
9172,rising,0.23271939,0.1509186
9173,rising,0.2197726,0.16380914
9174,rising,0.23178074,0.19161214
9175,rising,0.23526815,0.19005184
9176,rising,0.20898838,0.21041133
9177,stable,0.15078698,0.14316931
9178,stable,0.12519535,0.12141312
9179,stable,0.07695956,0.086622976
9180,stable,0.107005194,0.28826421
9181,stable,0.09193003,0.28339446
9182,stable,0.045725122,0.03138029
9183,stable,0.04711342,0.024822215
9184,falling,0.09369607,0.24687782
9185,falling,0.05375402,0.051394217
9186,falling,0.029225353,0.020097446
9187,falling,0.027868152,0.037169404
9188,falling,0.026367372,0.020381592
9189,stable,0.029628431,0.0123794
9190,stable,0.062233493,0.038873132
9191,stable,0.061879877,0.024223346
9192,stable,0.06264372,0.044124756
9193,stable,0.06458293,0.039188452
9194,stable,0.057475362,0.01928454
9195,stable,0.054599784,0.028517334
9196,rising,0.058143552,0.03174903
9197,rising,0.07793289,0.13288772
9198,rising,0.07483833,0.08296405
9199,rising,0.08407399,0.08395407
9200,rising,0.07822855,0.045638528
9201,rising,0.063360795,0.053413913
9202,rising,0.07696127,0.12361904
9203,stable,0.07032182,0.09872941
9204,stable,0.054830234,0.0559819
9205,stable,0.066345066,0.039623983
9206,stable,0.071963035,0.032986935
9207,falling,0.072490074,0.052115273
9208,falling,0.09842397,0.23596145
9209,falling,0.06843056,0.033622928
9210,falling,0.0638094,0.026477326
9211,falling,0.07858423,0.117251985
9212,falling,0.067828804,0.09764068
9213,falling,0.06894255,0.08155016
9214,stable,0.061185792,0.04417116
9215,stable,0.061912246,0.049204938
9216,stable,0.04687475,0.022011539
9217,stable,0.059408892,0.049174223
9218,stable,0.03179647,0.03262697
9219,stable,0.030954756,0.03462199
9220,rising,0.040874846,0.095007025
9221,rising,0.034923084,0.035445828
9222,rising,0.06542426,0.17076585
9223,rising,0.037840135,0.04456902
9224,rising,0.079314105,0.22964278
9225,rising,0.054296494,0.05688685
9226,stable,0.058919795,0.06538759
9227,stable,0.06021269,0.08803157
9228,stable,0.08789412,0.2207754
9229,stable,0.056282412,0.029314572
9230,stable,0.051902268,0.027084507
9231,falling,0.04027142,0.023741148
9232,falling,0.078179054,0.20847261
9233,falling,0.044864833,0.04107514
9234,falling,0.06886408,0.13213466
9235,falling,0.04484048,0.031678542
9236,falling,0.045090802,0.02155261
9237,falling,0.026380576,0.023511875
9238,stable,0.032014947,0.028623281
9239,stable,0.026748365,0.010328973
9240,stable,0.030818397,0.013620483
9241,stable,0.030868834,0.03611399
9242,stable,0.0320825,0.025692191
9243,stable,0.034701418,0.033157557
9244,rising,0.03862713,0.041129094
9245,rising,0.03032847,0.01359168
9246,rising,0.04295167,0.03623289
9247,rising,0.035361756,0.019798774
9248,rising,0.04377182,0.10272288
9249,rising,0.052768067,0.19784488
9250,rising,0.04385076,0.1640776
9251,stable,0.024044162,0.05094795
9252,stable,0.014982716,0.029530471
9253,stable,0.015085013,0.02574017
9254,stable,0.049619988,0.19198309
9255,stable,0.0136563415,0.011368361
9256,stable,0.014861911,0.008108805
9257,falling,0.032265462,0.087236635
9258,falling,0.017288152,0.016420655
9259,falling,0.02113269,0.025830261
9260,falling,0.040618088,0.06949257
9261,falling,0.032420702,0.010194351
9262,stable,0.03948552,0.0146576585
9263,stable,0.037587617,0.009350757
9264,stable,0.04314321,0.019708976
9265,stable,0.06435389,0.03441692
9266,stable,0.06712697,0.0092292875
9267,stable,0.0670094,0.012480895
9268,rising,0.07312396,0.019840049
9269,rising,0.071478695,0.0090437485
9270,rising,0.07768951,0.021476494
9271,rising,0.08370677,0.04133654
9272,rising,0.07184012,0.03665468
9273,rising,0.061906304,0.035492767
9274,stable,0.06129664,0.03469168
9275,stable,0.073873706,0.015987143
9276,stable,0.07350096,0.0170891
9277,stable,0.035690468,0.015074418
9278,stable,0.036618732,0.0316308
9279,stable,0.0361546,0.03163382
9280,falling,0.033756655,0.01166868
9281,falling,0.028781723,0.019506741
9282,falling,0.02579189,0.011162517
9283,falling,0.03577473,0.06362316
9284,falling,0.0288871,0.016900558
9285,stable,0.04245762,0.0952002
9286,stable,0.02240247,0.007682296
9287,stable,0.035122994,0.087600686
9288,stable,0.0139469085,0.010057209
9289,stable,0.023603873,0.07535654
9290,stable,0.021318356,0.057745464
9291,stable,0.036961954,0.07085017
9292,rising,0.027788693,0.015910583
9293,rising,0.027042031,0.011074668
9294,rising,0.03413005,0.061373495
9295,rising,0.023551885,0.011254405
9296,rising,0.035243664,0.066431
9297,rising,0.023743708,0.014234829
9298,stable,0.049722422,0.15820022
9299,stable,0.035319306,0.052802693
9300,stable,0.026105797,0.01596373
9301,stable,0.03383686,0.061943408
9302,stable,0.04988663,0.12657052
9303,stable,0.07801759,0.18078761
9304,stable,0.04370643,0.01199407
9305,falling,0.08283555,0.15299559
9306,falling,0.07177296,0.084660366
9307,falling,0.067778826,0.055155717
9308,falling,0.073911905,0.0128051415
9309,falling,0.067725345,0.0102102375
9310,stable,0.08340618,0.015265091
9311,stable,0.072426066,0.009018777
9312,stable,0.072107635,0.008859266
9313,stable,0.07376298,0.018936293
9314,stable,0.09464712,0.13148057
9315,rising,0.056401193,0.009113717
9316,rising,0.05297221,0.018579468
9317,rising,0.0654137,0.10916347
9318,rising,0.053279713,0.023563728
9319,rising,0.047887407,0.017752545
9320,rising,0.03560477,0.0071803513
9321,rising,0.050776944,0.014192195
9322,stable,0.03373282,0.00871986
9323,stable,0.036900416,0.012549497
9324,stable,0.03588855,0.0144961
9325,stable,0.044160966,0.01668054
9326,stable,0.05157384,0.022465914
9327,stable,0.04561804,0.018263243
9328,stable,0.037272643,0.020171318
9329,falling,0.05370914,0.021217829
9330,falling,0.046092723,0.023397835
9331,falling,0.022210293,0.014548724
9332,falling,0.04262145,0.021055724
9333,falling,0.041464843,0.012301653
9334,stable,0.041690733,0.010819303
9335,stable,0.048764113,0.038310718
9336,stable,0.050252844,0.063038014
9337,stable,0.05851808,0.025117874
9338,stable,0.06642265,0.059001572
9339,stable,0.0626167,0.009163509
9340,rising,0.08882312,0.15687379
9341,rising,0.088209055,0.11863338
9342,rising,0.08343836,0.12039074
9343,rising,0.079576455,0.09499827
9344,rising,0.06342373,0.016405214
9345,stable,0.04592453,0.011556089
9346,stable,0.07394149,0.10317749
9347,stable,0.04495271,0.007432049
9348,stable,0.05227553,0.0075773303
9349,stable,0.06387017,0.018669961
9350,stable,0.055887304,0.029694187
9351,stable,0.042311095,0.010081788
9352,falling,0.045646053,0.012176748
9353,falling,0.040733676,0.0064969887
9354,falling,0.048394706,0.012659251
9355,falling,0.058600847,0.010949129
9356,falling,0.062255617,0.010398228
9357,falling,0.05242551,0.008840696
9358,stable,0.046865523,0.014021394
9359,stable,0.046704568,0.007967152
9360,stable,0.050088104,0.023641896
9361,stable,0.045617323,0.014336064
9362,stable,0.037512396,0.020688418
9363,stable,0.057599302,0.14467955
9364,rising,0.039039508,0.022730464
9365,rising,0.061467096,0.14105427
9366,rising,0.06351797,0.020583244
9367,rising,0.038474526,0.005637311
9368,rising,0.043925274,0.068198405
9369,rising,0.043826703,0.07248
9370,stable,0.032072548,0.0055251503
9371,stable,0.032736145,0.011073925
9372,stable,0.02978847,0.005225871
9373,stable,0.02601675,0.0030793734
9374,stable,0.026973283,0.006750467
9375,stable,0.030426443,0.0056197816
9376,stable,0.03240597,0.011760696
9377,falling,0.031468973,0.010926631
9378,falling,0.016909854,0.006683091
9379,falling,0.046447255,0.14811903
9380,falling,1.6258912,0.0633604
9381,falling,2.4712355,0.3285091
9382,falling,2.7745774,0.16167188
9383,stable,2.9016225,0.13976803
9384,stable,2.9583144,0.1473314
9385,stable,3.0359223,0.14047466
9386,stable,3.1907096,0.6459876
9387,stable,3.0134811,0.23407139
9388,rising,3.1706202,0.5886691
9389,rising,3.11357,0.23674724
9390,rising,3.0632463,0.14871971
9391,rising,2.9468875,0.1618514
9392,spike,0.44941363,0.37673584
9393,spike,0.14908566,0.13169934
9394,spike,0.1017005,0.06928803
9395,spike,0.11719381,0.05657026
9396,spike,0.13863745,0.10626566
9397,spike,0.13405453,0.05892256
9398,spike,0.14090608,0.079304785
9399,spike,0.1362626,0.13875066
9400,spike,0.12249334,0.09964697
9401,spike,0.12778153,0.113362804
9402,spike,0.14068931,0.06358611
9403,falling,0.14204909,0.13547833
9404,falling,0.13032463,0.098023385
9405,falling,0.08479596,0.111094594
9406,falling,0.08565114,0.20248623
9407,stable,0.06764458,0.100077584
9408,stable,0.06724024,0.07799955
9409,stable,0.05869525,0.032840192
9410,stable,0.10567904,0.21584561
9411,stable,0.06658496,0.033068545
9412,rising,0.09042897,0.1444764
9413,rising,0.06424146,0.029961813
9414,rising,0.06122028,0.021672161
9415,rising,0.06431636,0.028293362
9416,rising,0.075235955,0.042687375
9417,stable,0.06816495,0.102569304
9418,stable,0.058643106,0.024390645
9419,stable,0.068535656,0.05459958
9420,stable,0.05193104,0.02697283
9421,stable,0.047470026,0.017109577
9422,stable,0.051805142,0.06628233
9423,stable,0.04358493,0.028444035
9424,falling,0.04547763,0.032671265
9425,falling,0.052363005,0.048458137
9426,falling,0.04749365,0.036136117
9427,falling,0.04447926,0.03796836
9428,falling,0.06942721,0.17521271
9429,falling,0.07160256,0.16983743
9430,stable,0.05449734,0.05904865
9431,stable,0.04253702,0.055017974
9432,stable,0.034921546,0.038108792
9433,stable,0.03682589,0.063057266
9434,stable,0.02599931,0.026006207
9435,stable,0.030408928,0.018007336
9436,rising,0.062620595,0.17415525
9437,rising,0.03359424,0.012680823
9438,rising,0.05268165,0.053988576
9439,rising,0.052946523,0.016343407
9440,rising,0.054971054,0.043451075
9441,rising,0.05635036,0.012835907
9442,stable,0.051418934,0.009858678
9443,stable,0.058934677,0.02117741
9444,stable,0.06814504,0.024542764
9445,stable,0.07153953,0.05268864
9446,stable,0.061058085,0.021324897
9447,falling,0.069591366,0.07942181
9448,stable,0.068722196,0.10191115
9449,falling,0.075654425,0.12360316
9450,falling,0.060894273,0.04429816
9451,falling,0.06282482,0.019680696
9452,falling,0.047147203,0.020170635
9453,falling,0.06268666,0.13732377
9454,falling,0.048866346,0.05861153
9455,stable,0.092957355,0.27616346
9456,stable,0.08408212,0.23513456
9457,stable,0.057822186,0.06793683
9458,stable,0.049036898,0.036118347
9459,stable,0.049150463,0.03906672
9460,rising,0.08291678,0.20260155
9461,rising,0.04818654,0.03357075
9462,rising,0.045012012,0.045036275
9463,rising,0.045342352,0.034519013
9464,rising,0.052027423,0.06961901
9465,rising,0.034785714,0.01312207
9466,stable,0.036454175,0.022495266
9467,stable,0.03122593,0.011621016
9468,stable,0.032248624,0.027380856
9469,stable,0.016966794,0.025791721
9470,stable,0.024596307,0.026105408
9471,stable,0.026414258,0.023189781
9472,falling,0.030883841,0.034617804
9473,falling,0.047287647,0.09310018
9474,falling,0.058183424,0.09793941
9475,falling,0.038701586,0.015710482
9476,falling,0.07175067,0.074910894
9477,falling,0.061004527,0.04965746
9478,stable,0.06548983,0.045162823
9479,stable,0.10726908,0.23997808
9480,stable,0.09962157,0.22034617
9481,stable,0.06821651,0.038098563
9482,stable,0.06110104,0.030450003
9483,stable,0.09549062,0.23146208
9484,rising,0.062124122,0.040521167
9485,rising,0.060538504,0.064435616
9486,rising,0.069433786,0.031369008
9487,rising,0.062065806,0.04658489
9488,rising,0.051495112,0.07950636
9489,rising,0.046876993,0.031863652
9490,stable,0.054275833,0.09230273
9491,stable,0.033923257,0.025689818
9492,stable,0.033273533,0.012900964
9493,stable,0.051548306,0.049663134
9494,stable,0.05224633,0.049645368
9495,stable,0.052022092,0.038074262
9496,falling,0.05691365,0.050925765
9497,falling,0.068075016,0.123574756
9498,falling,0.050218526,0.05489395
9499,falling,0.07090943,0.15745088
9500,falling,0.0533155,0.030712437
9501,falling,0.056108728,0.018090926
9502,falling,0.060488272,0.040202457
9503,stable,0.05391374,0.020086728
9504,stable,0.049487207,0.023798466
9505,stable,0.05524645,0.014825929
9506,stable,0.039395504,0.021374466
9507,stable,0.057271164,0.08169946
9508,rising,0.08193247,0.19464768
9509,rising,0.07663324,0.17305541
9510,rising,0.06886685,0.119105384
9511,rising,0.059022382,0.041465428
9512,rising,0.06658078,0.066032656
9513,rising,0.044278376,0.0076096524
9514,stable,1.2687871,0.06407384
9515,stable,1.9467107,0.11052116
9516,stable,2.331674,0.21941441
9517,stable,2.544577,0.2474105
9518,stable,2.6430714,0.33028105
9519,falling,4.1410537,0.3655492
9520,falling,5.119079,0.38057792
9521,falling,5.293456,0.43457314
9522,falling,5.4856825,0.59547395
9523,falling,5.3810077,0.40582034
9524,falling,5.6768622,0.39784178
9525,falling,5.673535,0.4195752
9526,spike,2.8313262,0.86178285
9527,spike,2.3305829,0.47300747
9528,spike,2.2177532,0.33067906
9529,spike,2.3676863,1.0098639
9530,spike,2.1553094,0.46198046
9531,spike,0.59793204,0.46424466
9532,spike,0.17263946,0.24941888
9533,spike,0.14975174,0.47175997
9534,spike,0.11542358,0.32233214
9535,spike,0.04140239,0.059954397
9536,spike,0.06886111,0.16475098
9537,spike,0.04495803,0.052061126
9538,spike,0.04743048,0.06551291
9539,spike,0.06579551,0.071505554
9540,spike,0.106010884,0.09924901
9541,spike,0.103554234,0.09933856
9542,falling,0.11183353,0.09686251
9543,falling,0.10444919,0.10438449
9544,falling,0.0966216,0.103277266
9545,falling,0.094311066,0.08100762
9546,falling,0.08671658,0.08443075
9547,falling,0.106524855,0.19144951
9548,falling,0.06981556,0.044930067
9549,falling,0.09120474,0.057524998
9550,falling,0.066545464,0.04175683
9551,stable,0.097266994,0.2718788
9552,stable,0.053943593,0.08749325
9553,stable,0.04628528,0.05180158
9554,stable,0.043396816,0.045902036
9555,rising,0.063535415,0.10273081
9556,rising,0.11317218,0.25298652
9557,rising,0.06486092,0.07884878
9558,rising,0.06869422,0.08832743
9559,rising,0.06884218,0.0722659
9560,rising,0.0627261,0.05612569
9561,rising,0.061018825,0.034226336
9562,stable,0.060362205,0.03617446
9563,stable,0.08407728,0.04451896
9564,stable,1.3341961,0.095370196
9565,stable,1.9022424,0.13406579
9566,stable,2.2074132,0.10807966
9567,stable,2.272301,0.25317052
9568,falling,2.2780719,0.14405403
9569,falling,2.384576,0.3417161
9570,falling,2.4663925,0.47661656
9571,falling,2.4861572,0.22591583
9572,falling,2.4154487,0.18477081
9573,falling,2.5384488,0.44012624
9574,stable,2.557704,0.23257364
9575,stable,2.7644773,0.477458
9576,spike,0.39418986,0.4103313
9577,spike,0.21500652,0.5507997
9578,spike,0.13606678,0.41259798
9579,spike,0.059077807,0.057760455
9580,spike,0.04700448,0.03803746
9581,spike,0.07338684,0.23733653
9582,spike,0.052255545,0.077670336
9583,spike,0.05163274,0.024641123
9584,spike,0.047836866,0.025714189
9585,spike,0.04638545,0.05262383
9586,spike,0.05540598,0.05954475
9587,falling,0.07629306,0.051571444
9588,falling,0.08001317,0.057325557
9589,falling,0.103966966,0.11275823
9590,falling,0.107665166,0.11751975
9591,falling,0.10096443,0.12250182
9592,falling,0.08751543,0.09791549
9593,falling,0.092438415,0.09106801
9594,falling,0.07405259,0.06952812
9595,falling,0.099314675,0.14205594
9596,falling,0.08958091,0.036525212
9597,falling,0.09276981,0.031579286
9598,falling,0.07219776,0.035080533
9599,stable,0.09302513,0.15533274
9600,stable,0.0758253,0.101297334
9601,stable,0.061862823,0.017892683
9602,stable,0.065061584,0.028384317
9603,stable,0.06800021,0.05707996
9604,rising,0.060299907,0.02635961
9605,rising,0.07925483,0.11676081
9606,rising,0.068640605,0.026477851
9607,rising,0.088261604,0.026656313
9608,stable,0.031447213,0.018940406
9609,rising,0.032761957,0.011366309
9610,rising,0.030401552,0.009723213
9611,stable,0.03747498,0.008933535
9612,stable,0.0685535,0.01895024
9613,stable,0.07079008,0.019355679
9614,stable,0.07648427,0.018045487
9615,falling,0.08306796,0.104654856
9616,falling,0.08175623,0.059912223
9617,falling,0.07681704,0.047790095
9618,falling,0.09697937,0.13680299
9619,falling,0.093286656,0.11159167
9620,falling,0.07567595,0.016865324
9621,falling,0.08290383,0.031983417
9622,stable,0.08959575,0.020014865
9623,stable,0.0577506,0.017621683
9624,stable,0.04991817,0.01999477
9625,stable,0.07464548,0.10908382
9626,stable,0.08567617,0.14595631
9627,rising,0.08616932,0.1650951
9628,rising,0.099685684,0.13721757
9629,rising,0.07925737,0.02333607
9630,rising,0.07192399,0.020351617
9631,rising,0.059376147,0.01965449
9632,rising,0.07085814,0.026825625
9633,stable,0.057307485,0.014817503
9634,stable,0.05987484,0.017105084
9635,stable,0.08010581,0.08952307
9636,stable,0.086098954,0.054854818
9637,stable,0.060393132,0.008974185
9638,stable,0.05927153,0.09664085
9639,stable,0.04627041,0.010619373
9640,falling,0.038508587,0.011105199
9641,falling,0.060704947,0.09759813
9642,falling,0.05762311,0.11420548
9643,falling,0.036497578,0.008652778
9644,falling,0.037455045,0.0077169063
9645,falling,0.037248876,0.008021408
9646,stable,0.049453128,0.013736623
9647,stable,0.024787238,0.00950949
9648,stable,0.023666749,0.0063140877
9649,stable,0.02748109,0.0088173365
9650,stable,0.028950283,0.013932433
9651,rising,0.06717928,0.13470581
9652,rising,0.04676452,0.019850971
9653,rising,0.058184344,0.019902837
9654,rising,0.05616007,0.026590522
9655,rising,0.088149756,0.1314778
9656,rising,0.050395954,0.026425596
9657,stable,0.076352336,0.024724128
9658,stable,0.07104566,0.022782499
9659,stable,0.10370397,0.13204187
9660,stable,0.07383962,0.018921744
9661,stable,0.058628622,0.014169986
9662,stable,0.06699499,0.025630027
9663,falling,0.07998154,0.028604297
9664,falling,0.08792184,0.03092517
9665,falling,0.08531951,0.086345635
9666,falling,0.084843375,0.031037617
9667,falling,0.09393467,0.0525238
9668,falling,0.08984344,0.031392705
9669,falling,0.0648983,0.018234959
9670,stable,0.07235457,0.01975936
9671,stable,0.07456868,0.015694516
9672,stable,0.07106434,0.016203044
9673,stable,0.08191298,0.017170649
9674,stable,0.06670491,0.011268976
9675,stable,0.049897358,0.011653522
9676,rising,0.05451473,0.016139412
9677,rising,0.068703696,0.008633727
9678,rising,0.0674411,0.0070522632
9679,rising,0.0685921,0.021986974
9680,rising,0.06234209,0.008023313
9681,stable,0.06450731,0.0092612095
9682,rising,0.05817177,0.013529118
9683,stable,0.056805212,0.022712853
9684,stable,0.051950403,0.0026964657
9685,stable,0.068744294,0.016816553
9686,stable,0.06753322,0.019523188
9687,stable,0.103219144,0.13954443
9688,falling,0.09167955,0.022011442
9689,stable,0.06303406,0.022455458
9690,falling,0.08284273,0.10983289
9691,falling,0.07857989,0.09891885
9692,falling,0.05875201,0.017186651
9693,falling,0.063777134,0.025323894
9694,stable,0.06878267,0.028773231
9695,stable,0.04796686,0.01260726
9696,stable,0.04673842,0.011625007
9697,stable,0.03922764,0.007304333
9698,stable,0.0405218,0.009283718
9699,stable,0.039196685,0.00960491
9700,stable,0.048348796,0.056844227
9701,rising,0.037815593,0.0052638217
9702,rising,0.07647457,0.012571926
9703,rising,0.09147739,0.09181336
9704,rising,0.10660651,0.16031049
9705,rising,0.102016054,0.1627167
9706,rising,0.07792845,0.017017452
9707,stable,0.075254455,0.027665395
9708,stable,0.12546791,0.19171007
9709,stable,0.08895637,0.031533208
9710,stable,0.09749404,0.028075852
9711,stable,0.10314392,0.036912836
9712,falling,0.0936753,0.025766056
9713,falling,0.1265337,0.18463646
9714,falling,0.07808077,0.1277063
9715,falling,0.06369673,0.07100142
9716,falling,0.049722377,0.016496327
9717,falling,0.06573103,0.021437202
9718,stable,0.052560084,0.012878492
9719,stable,0.071219884,0.014992641
9720,stable,0.08604685,0.024488088
9721,stable,0.07908342,0.022262927
9722,stable,0.09470309,0.024313593
9723,stable,0.078473926,0.03300541
9724,rising,0.10725488,0.092319675
9725,rising,0.10022697,0.09428122
9726,rising,0.113540515,0.10381608
9727,rising,0.07451403,0.04171771
9728,rising,0.0874922,0.064937115
9729,rising,0.065069474,0.06289503
9730,stable,0.057696376,0.03301273
9731,stable,0.033444885,0.041741453
9732,stable,0.020004282,0.010724545
9733,stable,0.029229734,0.012966037
9734,stable,0.04198397,0.012071282
9735,stable,0.07508992,0.19426633
9736,falling,0.05843829,0.08489246
9737,falling,0.06442874,0.15962066
9738,falling,0.042103563,0.03935771
9739,falling,0.035173927,0.014731244
9740,falling,0.043945547,0.021760115
9741,falling,0.03928981,0.018908156
9742,stable,0.05632375,0.036057193
9743,stable,0.056934495,0.048209902
9744,stable,0.076967455,0.023839433
9745,stable,0.05375063,0.037519895
9746,stable,0.06404166,0.04794303
9747,stable,0.07357665,0.04887816
9748,stable,0.07207869,0.05941421
9749,rising,0.084302545,0.107902914
9750,rising,0.08638265,0.06254295
9751,rising,0.08896325,0.04588155
9752,rising,0.081174366,0.03933479
9753,rising,0.088338666,0.06207075
9754,stable,0.07798662,0.089217685
9755,stable,0.067740336,0.039918058
9756,stable,0.07950836,0.17625545
9757,stable,0.04678173,0.030817661
9758,stable,0.038947675,0.033773497
9759,stable,0.052068707,0.096962824
9760,falling,0.05783099,0.072697885
9761,falling,0.08305956,0.2126799
9762,falling,0.050299995,0.060814172
9763,falling,0.040581252,0.053679597
9764,falling,0.032882854,0.040923852
9765,falling,0.026402779,0.027120268
9766,stable,0.046979487,0.029081218
9767,stable,0.04835413,0.01711498
9768,stable,0.051565688,0.034051783
9769,stable,0.068017714,0.060368918
9770,stable,0.06370392,0.05149149
9771,stable,0.061621424,0.054985683
9772,stable,0.054128803,0.034422997
9773,rising,0.06378081,0.061066613
9774,rising,0.07847957,0.13730645
9775,rising,0.06372334,0.07365667
9776,rising,0.06303479,0.035418026
9777,rising,0.06784635,0.057154614
9778,rising,0.109497495,0.26486287
9779,stable,0.086872235,0.3051815
9780,stable,0.08818468,0.3195784
9781,stable,0.038848374,0.09427629
9782,stable,0.03770659,0.078828976
9783,stable,0.04374459,0.06083874
9784,falling,0.03930007,0.04178255
9785,falling,0.05132119,0.08407877
9786,falling,0.072650194,0.1715795
9787,falling,0.044166733,0.050164506
9788,falling,0.049366523,0.122333065
9789,falling,0.039677396,0.07062831
9790,stable,0.035122175,0.034817845
9791,stable,0.029426547,0.014894499
9792,stable,0.035517763,0.027973108
9793,stable,0.039274685,0.044725522
9794,stable,0.044023633,0.058895413
9795,stable,0.030492207,0.03794154
9796,rising,0.02938453,0.04102709
9797,rising,0.042829666,0.043090735
9798,rising,0.06024724,0.15833503
9799,rising,0.052234776,0.04732566
9800,rising,0.059608925,0.11523546
9801,rising,0.07322802,0.25633147
9802,stable,0.09346761,0.2713379
9803,stable,0.0772654,0.20547844
9804,stable,0.05176671,0.057831924
9805,stable,0.0453535,0.037130322
9806,stable,0.10045907,0.3326552
9807,stable,0.075200096,0.10077855
9808,falling,0.056179777,0.036816437
9809,falling,0.04755821,0.047727983
9810,falling,0.060089108,0.069858536
9811,falling,0.07494802,0.16149037
9812,falling,0.055882707,0.054524563
9813,falling,0.051659178,0.037439007
9814,falling,0.03928031,0.03767553
9815,stable,0.034976747,0.02447607
9816,stable,0.05472457,0.03956259
9817,stable,0.07213219,0.05492749
9818,stable,0.09046354,0.062127743
9819,stable,0.08831826,0.08897424
9820,rising,0.08079117,0.08398568
9821,rising,0.10470502,0.108391546
9822,rising,0.06610428,0.035222556
9823,rising,0.08894606,0.13982147
9824,rising,0.077867374,0.068854116
9825,rising,0.07468556,0.04713922
9826,stable,0.08485598,0.09142286
9827,stable,0.099035464,0.095241174
9828,stable,0.073187724,0.09266532
9829,stable,0.062390078,0.0442358
9830,stable,0.061166164,0.03441697
9831,falling,0.10487522,0.2798192
9832,falling,0.068757914,0.094975196
9833,stable,0.07024961,0.10052514
9834,falling,0.067649506,0.05606254
9835,falling,0.069543,0.10690132
9836,falling,0.056315713,0.047476575
9837,falling,0.063136145,0.110638
9838,falling,0.045978364,0.080401406
9839,stable,0.034689352,0.02587147
9840,stable,0.044517238,0.0435617
9841,stable,0.033642855,0.03393173
9842,stable,0.04372647,0.055676464
9843,stable,0.041227754,0.05795735
9844,stable,0.04899651,0.09208496
9845,rising,0.036909923,0.0249503
9846,rising,0.07849169,0.17581497
9847,rising,0.051757507,0.04260531
9848,rising,0.06375646,0.06345483
9849,rising,0.05509387,0.043777045
9850,stable,0.1038099,0.305018
9851,stable,0.07681303,0.11737507
9852,stable,0.10361648,0.3399551
9853,stable,0.040111158,0.043131366
9854,stable,0.047176216,0.07034058
9855,stable,0.04915392,0.055148046
9856,falling,0.08756578,0.22121926
9857,falling,0.078990094,0.09621706
9858,falling,0.047044754,0.0813534
9859,falling,0.048175972,0.06364722
9860,falling,0.05550249,0.05475372
9861,falling,0.043149214,0.03268005
9862,falling,0.04258286,0.030774737
9863,stable,0.045893516,0.014206991
9864,stable,0.048022103,0.027427426
9865,stable,0.05102764,0.038644776
9866,stable,0.04965794,0.04380578
9867,stable,0.049890973,0.021005258
9868,rising,0.05732937,0.08837314
9869,rising,0.057397548,0.077009685
9870,rising,0.06832112,0.14244935
9871,rising,0.05486166,0.02001474
9872,rising,0.08559975,0.23153971
9873,rising,0.08240994,0.22614977
9874,rising,0.06929595,0.089878306
9875,stable,0.044948243,0.10862621
9876,stable,0.07890518,0.30188856
9877,stable,0.03479809,0.050471365
9878,stable,0.0820729,0.3000135
9879,stable,0.024591157,0.033396907
9880,stable,0.06741751,0.21836121
9881,falling,0.04221662,0.10095348
9882,falling,0.05812115,0.17536546
9883,falling,0.030910112,0.026770836
9884,falling,0.043825846,0.06570861
9885,falling,0.035005175,0.03707041
9886,stable,0.034017663,0.021880912
9887,stable,0.06442683,0.04171656
9888,stable,0.061462726,0.04196654
9889,stable,0.071274154,0.04733066
9890,stable,0.07563825,0.04959257
9891,stable,0.08307752,0.0749308
9892,stable,0.06625034,0.062470566
9893,rising,0.07028188,0.090512015
9894,rising,0.06359026,0.118901886
9895,rising,0.07808434,0.085556924
9896,rising,0.0783943,0.10222732
9897,rising,0.09969236,0.22675368
9898,stable,0.08200741,0.054680377
9899,stable,0.08059356,0.08692247
9900,stable,0.11655704,0.25503802
9901,stable,0.07735484,0.04518726
9902,stable,0.11183662,0.25091717
9903,stable,0.07565155,0.054167364
9904,falling,0.07913265,0.06877174
9905,falling,0.091789685,0.11842569
9906,falling,0.08199534,0.06603905
9907,falling,0.05547853,0.03628579
9908,falling,0.057424672,0.108796045
9909,falling,0.057238076,0.08345675
9910,stable,0.050531752,0.025078898
9911,stable,0.033704333,0.028874654
9912,stable,0.025153255,0.03807899
9913,stable,0.02384617,0.023313025
9914,stable,0.041251488,0.040981453
9915,stable,0.052498855,0.085832216
9916,rising,0.039985914,0.05354806
9917,rising,0.033037852,0.018692207
9918,rising,0.035426036,0.022247592
9919,rising,0.06815376,0.17863035
9920,rising,0.049760684,0.07771316
9921,stable,0.052168887,0.053257458
9922,rising,0.05296828,0.06411242
9923,stable,0.070717,0.12417539
9924,stable,0.09645231,0.2207543
9925,stable,0.051026687,0.031851586
9926,stable,0.03277255,0.037450112
9927,stable,0.076038934,0.2527556
9928,falling,0.029124258,0.03346996
9929,falling,0.029687477,0.035344206
9930,falling,0.029847005,0.012156546
9931,falling,0.035961587,0.030985953
9932,falling,0.039854553,0.011694107
9933,falling,0.051753275,0.05122506
9934,stable,0.0347145,0.012914127
9935,stable,0.03490917,0.01121045
9936,stable,0.044232737,0.01614442
9937,stable,0.033850703,0.019248813
9938,stable,0.042286117,0.05835836
9939,rising,0.03961717,0.032707404
9940,rising,0.038283568,0.028384266
9941,rising,0.03554113,0.020359319
9942,rising,0.0427384,0.042440582
9943,rising,0.04701816,0.023261147
9944,rising,0.06670966,0.18193388
9945,stable,0.040045355,0.041003015
9946,rising,0.058298044,0.15343024
9947,stable,0.032820433,0.011887769
9948,stable,0.03690777,0.034593698
9949,stable,0.049959656,0.055916063
9950,stable,0.047728725,0.025338588
9951,stable,0.076445945,0.17394799
9952,falling,0.082080364,0.21493234
9953,falling,0.071632355,0.15268347
9954,falling,0.06766982,0.14258106
9955,falling,0.040364336,0.01928881
9956,falling,0.049228862,0.054451257
9957,falling,0.04294644,0.046640255
9958,stable,0.036199212,0.005771778
9959,stable,0.04568221,0.019721424
9960,stable,0.03126601,0.02517021
9961,stable,0.032519724,0.022455487
9962,stable,0.020859249,0.01765582
9963,rising,0.021507224,0.02838165
9964,rising,0.034463566,0.09033069
9965,rising,0.022370636,0.016854515
9966,rising,0.025120158,0.012146439
9967,rising,0.019594071,0.018697321
9968,rising,0.05429145,0.16794007
9969,rising,0.050373666,0.14367983
9970,stable,0.031327512,0.032988615
9971,stable,0.030842517,0.040892277
9972,stable,0.02615448,0.032611202
9973,stable,0.025198441,0.012618796
9974,stable,0.08079273,0.21669841
9975,stable,0.039124887,0.011411477
9976,falling,0.044233076,0.022124426
9977,falling,0.044421952,0.02240779
9978,falling,0.04232307,0.022477439
9979,falling,0.044212066,0.022777323
9980,falling,0.043885097,0.011810482
9981,falling,0.048785772,0.008282563
9982,stable,0.050104205,0.006311379
9983,stable,0.045119863,0.0064345608
9984,stable,0.05934887,0.020422017
9985,stable,0.060142055,0.013328271
9986,stable,0.07530688,0.023448884
9987,stable,0.063060455,0.013599546
9988,stable,0.08575971,0.10390992
9989,rising,0.06985315,0.014861719
9990,rising,0.097967185,0.1268801
9991,rising,0.081687406,0.021259895
9992,rising,0.10353494,0.16884571
9993,rising,0.08167859,0.19536828
9994,rising,0.042277437,0.024137266
9995,stable,0.043850385,0.007842647
9996,stable,0.045454517,0.024023028
9997,stable,0.039733946,0.01792226
9998,stable,0.034009684,0.017932393
9999,stable,0.0293101,0.014966001
10000,falling,0.057784304,0.17629346
10001,falling,0.041449644,0.083380945
10002,falling,0.034719277,0.076296575
10003,falling,0.03700385,0.05705419
10004,falling,0.03062533,0.006591573
10005,falling,0.031644218,0.0059852926
10006,stable,0.030428577,0.004548403
10007,stable,0.028626991,0.010889703
10008,stable,0.030684173,0.022352582
10009,stable,0.036472525,0.0588239
10010,stable,0.0481657,0.007337416
10011,rising,0.061767373,0.016116748
10012,rising,0.061228447,0.032528587
10013,rising,0.05110453,0.010859136
10014,rising,0.0637061,0.013452764
10015,rising,0.06928316,0.02428422
10016,rising,0.084673315,0.13897948
10017,rising,0.07319542,0.013652698
10018,stable,0.0759698,0.006830204
10019,stable,0.07971134,0.009815235
10020,stable,0.09158852,0.01100851
10021,stable,0.08704923,0.017560896
10022,stable,0.06152811,0.010833817
10023,stable,0.08051629,0.015493154
10024,falling,0.0715076,0.010695725
10025,falling,0.08176265,0.018347124
10026,falling,0.07929793,0.017358484
10027,falling,0.09839732,0.024860054
10028,falling,0.1174659,0.031249208
10029,stable,0.07210269,0.074354574
10030,stable,0.04487518,0.005700205
10031,stable,0.058368627,0.08956432
10032,stable,0.059910726,0.083811484
10033,stable,0.044409774,0.0061906707
10034,stable,0.05786329,0.08537447
10035,rising,0.036253676,0.004257017
10036,rising,0.052665092,0.08555476
10037,rising,0.05776515,0.09952723
10038,rising,0.039087724,0.008501352
10039,rising,0.063389584,0.008664643
10040,rising,0.066230595,0.021807084
10041,stable,0.057666223,0.016296435
10042,stable,0.07590095,0.08395167
10043,stable,0.063389085,0.015119323
10044,stable,0.08348744,0.10797999
10045,stable,0.056309942,0.011745162
10046,stable,0.06147774,0.010203194
10047,stable,0.058318656,0.010670657
10048,falling,0.06285688,0.026900956
10049,stable,0.07835012,0.124032274
10050,falling,0.055517998,0.0113152545
10051,falling,0.061114848,0.014878355
10052,falling,0.057169452,0.0218825
10053,falling,0.046224594,0.009548267
10054,stable,0.054904137,0.06937712
10055,stable,0.044546627,0.0073096934
10056,stable,0.06015082,0.110100746
10057,stable,0.039998315,0.0027682893
10058,stable,0.057453915,0.09852848
10059,stable,0.052770864,0.005906099
10060,stable,0.05988304,0.011930521
10061,rising,0.0675879,0.07085768
10062,rising,0.05166544,0.008854382
10063,rising,0.05370592,0.010389012
10064,rising,0.043006234,0.01898269
10065,rising,0.037975714,0.006766413
10066,stable,0.035189513,0.006600175
10067,stable,0.03756871,0.00952388
10068,stable,0.04719878,0.009243114
10069,stable,0.04672058,0.01190394
10070,stable,0.06071999,0.010294294
10071,stable,0.05347995,0.018859219
10072,falling,0.053308412,0.0118713025
10073,falling,0.058561858,0.020738741
10074,falling,0.06885522,0.04929688
10075,falling,0.057435077,0.0120207025
10076,falling,0.06712476,0.08351487
10077,falling,0.056756027,0.017951535
10078,stable,0.07075662,0.023925867
10079,stable,0.060591694,0.017571094
10080,stable,0.039801087,0.02076426
10081,stable,0.03120808,0.020769339
10082,stable,0.055543695,0.14958291
10083,stable,0.039954767,0.020198267
10084,rising,0.05207371,0.11408758
10085,rising,0.032474898,0.01213707
10086,rising,0.02423008,0.0077364002
10087,rising,0.044411603,0.11095944
10088,rising,0.04459852,0.023631763
10089,rising,0.038090106,0.012278759
10090,stable,0.036243908,0.011791186
10091,stable,0.037700724,0.014913814
10092,stable,0.04307383,0.02262881
10093,stable,1.2779197,0.07501652
10094,stable,1.9692321,0.16678923
10095,stable,2.285207,0.14862497
10096,falling,2.4967155,0.17304552
10097,falling,2.6100047,0.18346249
10098,falling,2.7040465,0.18531509
10099,falling,2.7210171,0.21303476
10100,stable,2.6638112,0.39940354
10101,falling,2.5844963,0.22251455
10102,stable,2.6174915,0.23325254
10103,stable,2.6322277,0.25016052
10104,stable,2.5942736,0.3829916
10105,spike,0.5174959,0.7171879
10106,spike,0.14956911,0.1804101
10107,spike,0.14190683,0.3724076
10108,spike,0.061877,0.0793683
10109,spike,0.044501998,0.030077362
10110,spike,0.07648529,0.14803624
10111,spike,0.053539533,0.024948902
10112,spike,0.0631872,0.023879528
10113,spike,0.027388304,0.0161385
10114,spike,0.038608316,0.030823784
10115,spike,0.045663483,0.033909652
10116,falling,0.0629818,0.040852133
10117,falling,0.07004954,0.048800487
10118,falling,0.066430494,0.051620204
10119,falling,0.07161044,0.06952176
10120,falling,0.07581007,0.052583624
10121,falling,0.09592533,0.118007064
10122,falling,0.07187985,0.055400424
10123,falling,0.06247284,0.039479762
10124,falling,0.06402168,0.038335323
10125,falling,0.086593084,0.15078393
10126,stable,0.052071523,0.019972967
10127,stable,0.062035453,0.021946885
10128,stable,0.033940863,0.019812163
10129,stable,0.030408258,0.015979266
10130,stable,0.04371005,0.049203526
10131,stable,0.06536379,0.19273485
10132,stable,0.07284292,0.072390355
10133,rising,0.08137942,0.14552869
10134,rising,0.082236305,0.14362359
10135,rising,0.06186461,0.05587256
10136,rising,0.053619932,0.030314522
10137,rising,0.066566125,0.04567636
10138,stable,0.05664104,0.034380954
10139,stable,0.045337778,0.028053887
10140,stable,0.047919866,0.015702093
10141,stable,0.04597767,0.02623642
10142,stable,0.05249881,0.049421147
10143,stable,0.04712431,0.019387782
10144,stable,0.048199568,0.01780233
10145,falling,0.05345742,0.023523638
10146,falling,0.07604809,0.12185246
10147,falling,0.07794689,0.14923574
10148,falling,0.06621264,0.050944943
10149,stable,0.063192934,0.02133685
10150,falling,0.0634463,0.04142599
10151,stable,0.06592286,0.0480897
10152,stable,0.065798156,0.056194913
10153,stable,0.05851946,0.023800477
10154,stable,0.06361986,0.05531469
10155,stable,0.06951834,0.087480895
10156,stable,0.053890605,0.03021179
10157,rising,0.038718898,0.034754287
10158,rising,0.04256783,0.030031668
10159,rising,0.057707254,0.12487998
10160,rising,0.048768353,0.04750726
10161,rising,0.05444715,0.04229791
10162,stable,0.044803396,0.012838053
10163,stable,0.041209716,0.020026853
10164,stable,0.039030064,0.022429781
10165,stable,0.038018797,0.01966396
10166,stable,0.043656074,0.061316874
10167,stable,0.042614713,0.033359855
10168,falling,0.050875828,0.082926944
10169,falling,0.055967294,0.09780791
10170,falling,0.048797652,0.036497593
10171,falling,0.04579965,0.029093165
10172,falling,0.046362802,0.04927551
10173,stable,0.036444973,0.030143846
10174,stable,0.043790486,0.040280506
10175,stable,0.03773156,0.06318801
10176,stable,0.070708126,0.22168536
10177,stable,0.048080448,0.1044966
10178,stable,0.0704288,0.21043892
10179,stable,0.04541073,0.042060316
10180,rising,0.039883748,0.02992769
10181,rising,0.06476708,0.099394225
10182,rising,0.071049206,0.18038854
10183,rising,0.038932513,0.10530046
10184,rising,0.05038115,0.13890567
10185,rising,0.03001398,0.066915624
10186,rising,0.03973939,0.024846962
10187,stable,0.04555678,0.047936507
10188,stable,0.034406412,0.0229395
10189,stable,0.040550664,0.025393033
10190,stable,0.04794616,0.05890943
10191,stable,0.03821231,0.031772673
10192,stable,0.04803,0.0466385
10193,falling,0.05566882,0.05546011
10194,falling,0.053280268,0.027194064
10195,falling,0.077183604,0.1739478
10196,falling,0.053589538,0.034882803
10197,falling,0.049444675,0.021166528
10198,falling,0.0739896,0.21163356
10199,stable,0.048601307,0.04175983
10200,stable,0.08212396,0.20963234
10201,stable,0.06658736,0.08865178
10202,stable,0.09761633,0.3099556
10203,stable,0.09167297,0.2672039
10204,rising,0.05961953,0.04536251
10205,rising,0.03627089,0.028766442
10206,rising,0.049053766,0.088303395
10207,rising,0.052360114,0.10980821
10208,rising,0.048740987,0.08278639
10209,rising,0.036576834,0.022607239
10210,rising,0.033215486,0.015725339
10211,stable,0.043718114,0.035361286
10212,stable,0.028897373,0.026967743
10213,stable,0.021529825,0.018629203
10214,stable,0.031355705,0.058951546
10215,stable,0.037881393,0.047768082
10216,falling,0.03506137,0.052748386
10217,falling,0.041639015,0.044774167
10218,falling,0.039647628,0.05088436
10219,falling,0.0510366,0.014112561
10220,falling,0.06496669,0.04208199
10221,falling,0.06038225,0.03737634
10222,stable,0.0988621,0.21463962
10223,stable,0.069369696,0.061359733
10224,stable,0.06720309,0.0521668
10225,stable,0.06630925,0.04240196
10226,stable,0.059832923,0.023135083
10227,stable,0.06519261,0.05784968
10228,rising,0.062005993,0.023750596
10229,rising,0.094299324,0.16472727
10230,rising,0.06598713,0.13177252
10231,rising,0.030602628,0.019868221
10232,rising,0.02570151,0.03758077
10233,rising,0.034459632,0.060052875
10234,stable,0.025440963,0.0204128
10235,stable,0.028080616,0.027570546
10236,stable,0.025814192,0.028332267
10237,stable,0.022028632,0.0420253
10238,stable,0.029694509,0.03220811
10239,stable,0.035391852,0.032891437
10240,falling,0.046341296,0.077290595
10241,falling,0.04558352,0.102731
10242,falling,0.038883116,0.01798994
10243,falling,0.042256296,0.04078601
10244,falling,0.06853985,0.17388812
10245,stable,0.05339829,0.061229303
10246,stable,0.044654287,0.023444716
10247,stable,0.06938361,0.19749542
10248,stable,0.035413545,0.013751468
10249,stable,0.074052885,0.22710378
10250,stable,0.06183784,0.1925326
10251,stable,0.040897388,0.08055521
10252,rising,0.043223083,0.09286383
10253,rising,0.057663295,0.1758428
10254,rising,0.03971218,0.025985464
10255,rising,0.039791666,0.08231143
10256,rising,0.024350008,0.011259872
10257,rising,0.030351365,0.023704745
10258,stable,0.026281267,0.011534626
10259,stable,0.023453431,0.011380964
10260,stable,0.03257204,0.05072781
10261,stable,0.025045631,0.015878545
10262,stable,0.02660452,0.020760173
10263,stable,0.035970945,0.077049874
10264,falling,0.042891,0.10607801
10265,falling,0.047475137,0.13046435
10266,falling,0.030675871,0.0153731955
10267,falling,0.061777882,0.17354405
10268,falling,0.03993994,0.05448904
10269,falling,0.03518869,0.052779038
10270,stable,0.026642932,0.025208825
10271,stable,0.068382934,0.22140276
10272,stable,0.053638317,0.15211315
10273,stable,0.03240664,0.033781737
10274,stable,0.07111282,0.2363233
10275,rising,0.06432612,0.21721192
10276,rising,0.02978173,0.035914354
10277,rising,0.058328755,0.16296612
10278,rising,0.026052332,0.024472306
10279,rising,0.042425964,0.117756024
10280,rising,0.024737004,0.010192511
10281,rising,0.027740443,0.014920518
10282,stable,0.031081032,0.020803124
10283,stable,0.033456136,0.025698952
10284,stable,0.04687011,0.016928688
10285,stable,0.05315103,0.016250115
10286,stable,0.07386818,0.056073222
10287,stable,0.08280402,0.07348307
10288,falling,0.06565282,0.019665968
10289,falling,0.07209533,0.02344667
10290,falling,0.07152922,0.021422872
10291,falling,0.095616795,0.13588496
10292,falling,0.07073517,0.03303093
10293,falling,0.10399447,0.14548199
10294,falling,0.07271695,0.03606186
10295,stable,0.077819124,0.019248037
10296,stable,0.05641212,0.017883927
10297,stable,0.06300615,0.018297587
10298,stable,0.05628374,0.014348716
10299,stable,0.09424755,0.15754308
10300,rising,0.090666756,0.1287456
10301,rising,0.086200334,0.024202427
10302,rising,0.084776804,0.020915665
10303,rising,0.0830125,0.04760877
10304,rising,0.051670756,0.023731742
10305,stable,0.06469992,0.10464699
10306,stable,0.04846113,0.004378517
10307,stable,0.053516254,0.011123031
10308,stable,0.064844154,0.064898364
10309,stable,0.05326093,0.038147923
10310,stable,0.04989203,0.013439222
10311,stable,0.053644195,0.03157278
10312,falling,0.06047182,0.013970317
10313,falling,0.038894612,0.013719245
10314,falling,0.042545546,0.030701376
10315,falling,0.048845846,0.016309403
10316,falling,0.079067804,0.16358836
10317,falling,0.047939736,0.019393511
10318,stable,0.045849122,0.02513108
10319,stable,0.045908075,0.030102152
10320,stable,0.04872072,0.02124534
10321,stable,0.05928119,0.018964501
10322,stable,0.05257519,0.011746769
10323,stable,0.08679103,0.16386615
10324,rising,0.06394128,0.021485092
10325,rising,0.059488174,0.011495787
10326,rising,0.06534484,0.017799119
10327,rising,0.082475714,0.09983988
10328,rising,0.06280747,0.01352056
10329,stable,0.06048233,0.01064843
10330,stable,0.051272403,0.0054744347
10331,stable,0.054862842,0.01206473
10332,stable,0.05946002,0.066128515
10333,stable,0.047202043,0.008737173
10334,stable,0.0602805,0.01588235
10335,stable,0.05064622,0.014992172
10336,stable,0.072606675,0.028312346
10337,falling,0.049074218,0.017573
10338,falling,0.043303147,0.023623664
10339,falling,0.047019586,0.12465823
10340,falling,0.025106937,0.009536485
10341,falling,0.034130197,0.013409722
10342,stable,0.05030527,0.059650797
10343,stable,0.047358993,0.015892873
10344,stable,0.050291725,0.018100351
10345,stable,0.046909165,0.019371167
10346,stable,0.06942522,0.14177254
10347,stable,0.042285275,0.014420486
10348,rising,0.05607113,0.10299354
10349,rising,0.045060445,0.019817516
10350,rising,0.034602497,0.011646035
10351,rising,0.059305232,0.096089326
10352,rising,0.06650287,0.08593678
10353,stable,0.03900299,0.10106226
10354,stable,0.85061455,0.057001404
10355,stable,1.2027545,0.06257875
10356,stable,1.3105594,0.086438596
10357,stable,1.33088,0.09269388
10358,stable,1.3647861,0.100983515
10359,stable,1.3235122,0.085024126
10360,falling,1.3298119,0.10728762
10361,falling,1.3123214,0.09400857
10362,falling,1.3405602,0.07899538
10363,falling,1.4185466,0.1346609
10364,falling,1.4052263,0.08234052
10365,stable,1.3972161,0.10149232
10366,spike,0.23170294,0.18521765
10367,spike,0.13732551,0.051496185
10368,spike,0.12407964,0.17456189
10369,spike,0.10330863,0.16171926
10370,spike,0.07798377,0.020157773
10371,spike,0.07601143,0.15281221
10372,spike,0.065626584,0.042795952
10373,spike,0.08579133,0.1473639
10374,spike,0.049132887,0.0440373
10375,spike,0.06942556,0.052704815
10376,spike,0.0822382,0.04992205
10377,stable,0.11861535,0.10210841
10378,stable,0.12658955,0.07508264
10379,stable,0.1862862,0.16768044
10380,stable,0.20952219,0.13737978
10381,stable,0.24947979,0.18010302
10382,stable,0.24399135,0.1527655
10383,falling,0.31076908,0.17877962
10384,falling,0.33761495,0.20981066
10385,falling,0.36460406,0.20913124
10386,falling,0.2946306,0.17634189
10387,falling,0.20672819,0.14073503
10388,falling,0.16432756,0.12943879
10389,falling,0.16113931,0.12255544
10390,stable,0.120917596,0.10096143
10391,stable,0.07632578,0.057018224
10392,stable,0.07399213,0.07138448
10393,stable,0.061273396,0.02726458
10394,stable,0.06545531,0.02748947
10395,stable,0.024101073,0.0151169365
10396,stable,0.045761958,0.119805776
10397,rising,0.022968465,0.009568187
10398,rising,0.017229242,0.006424011
10399,rising,0.04245061,0.1211309
10400,rising,0.024790587,0.008222282
10401,rising,0.022455035,0.010172751
10402,rising,0.022256669,0.015279793
10403,stable,0.021758797,0.010594338
10404,stable,0.04802018,0.13546404
10405,stable,0.039084774,0.07799321
10406,stable,0.028135667,0.007169767
10407,stable,0.035094265,0.01765657
10408,falling,0.053011253,0.11040314
10409,falling,0.035197683,0.02541273
10410,falling,0.057040874,0.111375555
10411,falling,0.050158087,0.056711685
10412,falling,0.04885369,0.042068988
10413,falling,0.04666831,0.04355541
10414,stable,0.028456548,0.0087605985
10415,stable,0.027698563,0.0055867233
10416,stable,0.03163382,0.012569365
10417,stable,0.06285788,0.08985939
10418,stable,0.057512406,0.08104171
10419,stable,0.04571041,0.01902802
10420,rising,0.05787039,0.09812669
10421,rising,0.063935235,0.11974163
10422,rising,0.0399074,0.027633552
10423,rising,0.042277765,0.015210688
10424,rising,0.06349026,0.053167023
10425,rising,0.07184536,0.04861753
10426,stable,0.05931102,0.01647653
10427,stable,0.06356783,0.08190711
10428,stable,0.07572187,0.18921311
10429,stable,0.037263438,0.0061752517
10430,stable,0.06712755,0.15163602
10431,stable,0.038836956,0.01855224
10432,falling,0.038014267,0.014928079
10433,falling,0.07761008,0.15372999
10434,falling,0.06821004,0.102969676
10435,falling,0.046410132,0.01820452
10436,falling,0.04745216,0.04132582
10437,falling,0.035381682,0.0073674484
10438,stable,0.031611785,0.013732773
10439,stable,0.03556092,0.00860562
10440,stable,0.05458839,0.015941884
10441,stable,0.06555004,0.043306824
10442,stable,0.053480994,0.074308544
10443,stable,0.04734478,0.022765515
10444,rising,0.051376805,0.03311289
10445,rising,0.0340783,0.009562347
10446,rising,0.033440787,0.007941825
10447,rising,0.035217974,0.015246503
10448,rising,0.032742485,0.011461749
10449,stable,0.03394578,0.017371709
10450,stable,0.039599616,0.03582347
10451,stable,0.038821056,0.032985523
10452,stable,0.037465513,0.12582783
10453,stable,0.020986315,0.033265438
10454,stable,0.030674687,0.042929117
10455,stable,0.051788192,0.05497883
10456,falling,0.07426569,0.052873593
10457,falling,0.06533763,0.02601916
10458,falling,0.065560475,0.035677675
10459,falling,0.08092389,0.088223636
10460,falling,0.07188782,0.023177413
10461,stable,0.0689879,0.022372989
10462,falling,0.08473692,0.05846279
10463,stable,0.05743947,0.025478244
10464,stable,0.06871199,0.04548883
10465,stable,0.060030416,0.020457534
10466,stable,0.047914676,0.031475168
10467,stable,0.035604008,0.019500244
10468,stable,0.046677455,0.047092963
10469,rising,0.038263537,0.016579797
10470,rising,0.04538052,0.03339455
10471,rising,0.04348019,0.024615945
10472,rising,0.04938246,0.105549514
10473,rising,0.045944378,0.035656173
10474,rising,0.059174262,0.033513557
10475,stable,0.057549894,0.027775146
10476,stable,0.0598338,0.044147007
10477,stable,0.053583637,0.024871983
10478,stable,0.06242384,0.049625795
10479,stable,0.05521519,0.04540202
10480,falling,0.07452784,0.17121708
10481,falling,0.07684912,0.17259331
10482,falling,0.0768161,0.14457607
10483,falling,0.059506994,0.098711014
10484,falling,0.060012355,0.104144156
10485,falling,0.05073684,0.03295514
10486,falling,0.031447373,0.025750015
10487,stable,0.04045192,0.053066336
10488,stable,0.034518536,0.037931226
10489,stable,0.030729068,0.022505878
10490,stable,0.04990213,0.049434897
10491,stable,0.060598563,0.056804646
10492,rising,0.05270211,0.054647375
10493,rising,0.06515691,0.11978142
10494,rising,0.034786984,0.01894756
10495,rising,0.03796863,0.040384818
10496,rising,0.08376372,0.21105522
10497,rising,0.050659064,0.060922213
10498,stable,0.047917195,0.08912836
10499,stable,0.08338334,0.2882789
10500,stable,0.0530128,0.0562695
10501,stable,0.044276696,0.05590248
10502,stable,0.08477164,0.28490847
10503,stable,0.06671058,0.18597521
10504,falling,0.040111817,0.059756145
10505,falling,0.06346805,0.04875016
10506,falling,0.06995412,0.076265536
10507,falling,0.0724904,0.11788416
10508,falling,0.07427826,0.12151202
10509,stable,0.063110344,0.048341583
10510,falling,0.056896847,0.033120915
10511,stable,0.059742294,0.03865899
10512,stable,0.052738685,0.02948593
10513,stable,0.05523793,0.045400552
10514,stable,0.060985807,0.0542627
10515,stable,0.071456075,0.082483165
10516,rising,0.078292854,0.049722996
10517,stable,0.059537448,0.07633926
10518,rising,0.045689765,0.021447882
10519,rising,0.045164265,0.02587065
10520,rising,0.08633966,0.21750121
10521,rising,0.036789928,0.05132533
10522,stable,0.037906818,0.050012123
10523,stable,0.03985303,0.044472113
10524,stable,0.08543835,0.30052316
10525,stable,0.047130417,0.088752955
10526,stable,0.07384429,0.22944935
10527,falling,0.073787645,0.26288962
10528,stable,0.031121904,0.012817959
10529,falling,0.066019036,0.20586498
10530,falling,0.03393568,0.047389545
10531,falling,0.056824278,0.10591024
10532,falling,0.04320203,0.04331688
10533,falling,0.04630696,0.057916224
10534,stable,0.046790462,0.05152395
10535,stable,0.04191329,0.025552858
10536,stable,0.048686083,0.019520782
10537,stable,0.06049407,0.057250272
10538,stable,0.06376268,0.052330762
10539,stable,0.047332473,0.06602992
10540,stable,0.03172832,0.033212055
10541,rising,0.03246003,0.04999068
10542,rising,0.06233759,0.15319084
10543,rising,0.039124385,0.051838018
10544,rising,0.0346892,0.04819552
10545,rising,0.04723793,0.106613256
10546,stable,0.08128641,0.28219754
10547,stable,0.035363976,0.08453469
10548,stable,0.025867037,0.03327299
10549,stable,0.07370278,0.29478648
10550,stable,0.04045986,0.108517885
10551,stable,0.0495003,0.15857702
10552,falling,0.04811365,0.068556994
10553,falling,0.044765215,0.032497775
10554,falling,0.05587559,0.14362945
10555,falling,0.037195157,0.033479944
10556,falling,0.042058706,0.07126883
10557,falling,0.040482022,0.038841434
10558,stable,0.040339354,0.013736033
10559,stable,0.056367926,0.050439924
10560,stable,0.052790646,0.027392587
10561,stable,0.056570727,0.0446219
10562,stable,0.0548009,0.05156797
10563,stable,0.050285216,0.057903573
10564,stable,0.03931947,0.04734729
10565,rising,0.042420156,0.033282716
10566,rising,0.045320187,0.041057277
10567,rising,0.043565217,0.038274314
10568,rising,0.058515463,0.111418165
10569,stable,0.07423329,0.15252112
10570,stable,0.052824806,0.042676527
10571,stable,0.060240034,0.11098651
10572,stable,0.058643598,0.052017182
10573,stable,0.053040877,0.05820097
10574,stable,0.07546499,0.056505267
10575,stable,0.11906212,0.29059184
10576,falling,0.07448527,0.02957428
10577,falling,0.08887259,0.14242364
10578,falling,0.07384982,0.046578225
10579,falling,0.10122726,0.1524428
10580,falling,0.06968757,0.028725952
10581,falling,0.0576817,0.023081604
10582,stable,0.06101609,0.025766129
10583,stable,0.061856475,0.019562403
10584,stable,0.06210034,0.040634077
10585,stable,0.057435274,0.03254829
10586,stable,0.045438293,0.035612684
10587,stable,0.035552464,0.024921704
10588,rising,0.051614523,0.09964171
10589,rising,0.03912907,0.020991443
10590,rising,0.04166352,0.035131164
10591,rising,0.065649085,0.034359265
10592,rising,0.076362826,0.06249111
10593,rising,0.08184853,0.085786365
10594,stable,0.111552306,0.22657171
10595,stable,0.10632224,0.28212142
10596,stable,0.117762126,0.3249889
10597,stable,0.0667878,0.049056802
10598,stable,0.08051476,0.056807116
10599,stable,0.06602103,0.037964866
10600,falling,0.064185165,0.087522686
10601,falling,0.08731153,0.20416301
10602,falling,0.07295465,0.16903518
10603,falling,0.05898625,0.14048095
10604,falling,0.050638866,0.038460758
10605,falling,0.05300058,0.02996661
10606,stable,0.05388993,0.02227773
10607,stable,0.057124957,0.037727427
10608,stable,0.069949776,0.087796226
10609,stable,0.05866628,0.030904122
10610,stable,0.07033293,0.038892094
10611,stable,0.067787506,0.06070977
10612,rising,0.059778634,0.034104448
10613,rising,0.07555385,0.08814389
10614,rising,0.06625556,0.102429226
10615,rising,0.084629655,0.17244147
10616,rising,0.066729546,0.07347675
10617,rising,0.073924996,0.104004346
10618,stable,0.08569754,0.22315565
10619,stable,0.10855006,0.30522162
10620,stable,0.08045021,0.1799504
10621,stable,0.05107874,0.033979338
10622,stable,0.06959296,0.08586597
10623,stable,0.053087838,0.038471367
10624,falling,0.045768037,0.04397694
10625,falling,0.04458917,0.065345794
10626,falling,0.039236844,0.026423903
10627,falling,0.069543645,0.15080644
10628,falling,0.03635058,0.05875834
10629,falling,0.031489823,0.04287184
10630,stable,0.033404514,0.026193338
10631,stable,0.04059375,0.04343394
10632,stable,0.037569713,0.034501027
10633,stable,0.04030421,0.034513824
10634,stable,0.047115408,0.038027253
10635,stable,0.044963863,0.050148696
10636,rising,0.046143126,0.027266763
10637,rising,0.050506856,0.07278696
10638,rising,0.04194321,0.030970631
10639,rising,0.03771574,0.027391378
10640,rising,0.07258064,0.14998196
10641,stable,0.08260779,0.18592459
10642,stable,0.060285013,0.029303763
10643,stable,0.05054385,0.06904412
10644,stable,0.048962116,0.034404248
10645,stable,0.040882494,0.045702334
10646,stable,0.044790268,0.05588928
10647,stable,0.07877238,0.18036863
10648,stable,0.06140337,0.058998447
10649,falling,0.06074393,0.060856722
10650,falling,0.059018098,0.027814912
10651,falling,0.079179905,0.1415924
10652,stable,0.08424962,0.11854335
10653,falling,0.056837376,0.034362696
10654,falling,0.041240647,0.05768304
10655,stable,0.02969469,0.003255391
10656,stable,0.033673264,0.02828329
10657,stable,0.038230382,0.03142037
10658,stable,0.033119608,0.041885305
10659,stable,0.020140506,0.027778605
10660,rising,0.01715072,0.005899564
10661,rising,0.033041514,0.10755329
10662,rising,0.032724988,0.0929127
10663,rising,0.024041945,0.045773953
10664,rising,0.022224711,0.025719728
10665,rising,0.04503376,0.16252345
10666,rising,0.027780117,0.06872905
10667,stable,0.026017407,0.052610613
10668,stable,0.02108724,0.026804669
10669,stable,0.023393076,0.038546547
10670,stable,0.024110256,0.026115987
10671,stable,0.0378829,0.06381893
10672,falling,0.046825096,0.024566928
10673,falling,0.052546084,0.063486814
10674,falling,0.06133394,0.015652368
10675,falling,0.07246244,0.024527926
10676,falling,0.08293519,0.08944349
10677,falling,0.072750136,0.045601524
10678,stable,0.07894622,0.026279544
10679,stable,0.08167619,0.010203663
10680,stable,0.09348472,0.038531665
10681,stable,0.094905935,0.05779823
10682,stable,0.094147295,0.041564897
10683,stable,0.081867866,0.021827064
10684,stable,0.09744229,0.025178956
10685,rising,0.07294182,0.020086933
10686,rising,0.07175095,0.12558636
10687,rising,0.07084378,0.030310871
10688,rising,0.05343656,0.059241682
10689,rising,0.07536642,0.20497166
10690,stable,0.03690914,0.05404937
10691,stable,0.02626655,0.030350743
10692,stable,0.02928243,0.034900587
10693,stable,0.06840112,0.2399426
10694,stable,0.025822278,0.0124982335
10695,stable,0.057296865,0.06388724
10696,falling,0.04723517,0.018709177
10697,falling,0.056039497,0.029391034
10698,falling,0.057587367,0.023827037
10699,falling,0.0610013,0.027632697
10700,falling,0.059502468,0.014217086
10701,falling,0.07139877,0.026170257
10702,stable,0.056041885,0.01759602
10703,stable,0.06440854,0.080105126
10704,stable,0.0514011,0.010445927
10705,stable,0.062468424,0.07471816
10706,stable,0.050396502,0.013667843
10707,rising,0.022835467,0.011919426
10708,rising,0.030419301,0.006766569
10709,rising,0.027486917,0.008214382
10710,rising,0.041572973,0.100034215
10711,rising,0.025957616,0.013226513
10712,rising,0.044322867,0.099784225
10713,rising,0.038015816,0.01614627
10714,stable,0.035357993,0.012666073
10715,stable,0.03127065,0.014008823
10716,stable,0.040582497,0.022617413
10717,stable,0.035857532,0.013884661
10718,stable,0.038950834,0.011346051
10719,stable,0.038780425,0.01869283
10720,falling,0.03823082,0.027163237
10721,falling,0.032870095,0.012460184
10722,falling,0.04615778,0.08464167
10723,falling,0.05216611,0.08930553
10724,falling,0.04386598,0.028819919
10725,stable,0.048299253,0.08327775
10726,stable,0.051165473,0.0075522736
10727,stable,0.05561349,0.011944708
10728,stable,0.077139,0.08165257
10729,stable,0.060297024,0.016737413
10730,stable,0.05815071,0.0051047574
10731,stable,0.053584863,0.007016045
10732,rising,0.062162098,0.005956736
10733,rising,0.06292084,0.010148364
10734,rising,0.058702473,0.0050535435
10735,rising,0.07701216,0.01983639
10736,rising,0.08341912,0.11200756
10737,rising,0.060888615,0.009999385
10738,stable,0.046755448,0.012684929
10739,stable,0.051906623,0.042402387
10740,stable,0.040022638,0.016795581
10741,stable,0.05809957,0.12881404
10742,stable,0.03750122,0.0045921765
10743,stable,0.03717216,0.0050823814
10744,falling,0.041376624,0.03234776
10745,falling,0.050305422,0.1098974
10746,falling,0.04473664,0.058419965
10747,falling,0.032888267,0.06809403
10748,falling,0.018859046,0.009317854
10749,stable,0.020004757,0.013142851
10750,stable,0.01925126,0.010552846
10751,stable,0.0328783,0.06689639
10752,stable,0.00925102,0.008743446
10753,stable,0.011176873,0.009397141
10754,stable,0.04388416,0.06355297
10755,rising,0.058686614,0.033753823
10756,rising,0.056224126,0.02492076
10757,rising,0.052928012,0.013286192
10758,rising,0.082176015,0.12144235
10759,rising,0.0628378,0.012831143
10760,rising,0.058386736,0.01473191
10761,rising,0.080261745,0.09743544
10762,rising,0.07016383,0.012528868
10763,stable,0.072182804,0.014494744
10764,stable,0.07797365,0.009892544
10765,stable,0.0778953,0.013432197
10766,stable,0.052479908,0.013362091
10767,stable,0.060976133,0.016787203
10768,falling,0.049374238,0.019527871
10769,falling,0.074895285,0.037638433
10770,falling,0.06713962,0.027415827
10771,falling,0.049423877,0.018874245
10772,falling,0.065378994,0.0534113
10773,falling,0.04499972,0.013013646
10774,stable,0.025467223,0.0087746205
10775,stable,0.04031171,0.009523725
10776,stable,0.034918237,0.00858198
10777,stable,0.036693085,0.010737421
10778,stable,0.034279723,0.0101070935
10779,rising,0.039441872,0.006728783
10780,rising,0.03153395,0.006367122
10781,rising,0.03489775,0.013022897
10782,rising,0.030783525,0.009411421
10783,rising,0.035624143,0.010383993
10784,rising,0.050525185,0.10328291
10785,stable,0.031991385,0.01137521
10786,stable,0.03665757,0.0294679
10787,stable,0.03460177,0.012807537
10788,stable,0.03481507,0.016421044
10789,stable,0.031406723,0.014404225
10790,stable,0.04433303,0.08099554
10791,stable,0.03435692,0.005158042
10792,falling,0.075863406,0.15037608
10793,falling,0.046168186,0.0069402154
10794,falling,0.05380674,0.015350669
10795,falling,0.08578779,0.14821367
10796,falling,0.04735451,0.011454162
10797,falling,0.052049313,0.03472582
10798,stable,0.051311538,0.0154860625
10799,stable,0.073534064,0.09103556
10800,stable,0.049800258,0.017202763
10801,stable,0.048477735,0.033887725
10802,stable,0.0739858,0.19107962
10803,rising,0.06256834,0.16622812
10804,rising,0.042865954,0.022250567
10805,rising,0.051929977,0.02225336
10806,rising,0.05759139,0.073821545
10807,rising,0.056207128,0.06610978
10808,rising,0.07432398,0.10207511
10809,rising,0.054788906,0.008791002
10810,rising,0.06440458,0.009964331
10811,stable,0.06439771,0.0122952815
10812,stable,0.06694809,0.010929418
10813,stable,0.068135604,0.013311895
10814,stable,0.087427944,0.09751357
10815,falling,0.077512346,0.015925659
10816,stable,0.07871533,0.019536447
10817,falling,0.119554006,0.108300455
10818,falling,0.07228181,0.018630639
10819,falling,0.081936665,0.024404135
10820,falling,0.04788776,0.009571141
10821,falling,0.07923177,0.16107816
10822,stable,0.04080771,0.02084373
10823,stable,0.045357585,0.032161333
10824,stable,0.072878435,0.18326324
10825,stable,0.040529203,0.016353307
10826,stable,0.07057745,0.17607692
10827,stable,0.0314615,0.010625492
10828,stable,0.035966866,0.016903441
10829,rising,0.047966417,0.061326403
10830,rising,0.036874294,0.0065377066
10831,rising,0.039380927,0.010322529
10832,rising,0.03603785,0.014988649
10833,rising,0.03694272,0.009076646
10834,rising,0.0578841,0.015225854
10835,stable,0.05959179,0.016535155
10836,stable,0.056233827,0.012975867
10837,stable,0.06353319,0.054448046
10838,stable,0.053813156,0.017832883
10839,stable,0.06753044,0.080404684
10840,falling,0.06495187,0.03201905
10841,falling,0.070886694,0.05850296
10842,falling,0.04913748,0.0371134
10843,falling,0.065034196,0.10387039
10844,falling,0.066823594,0.14135572
10845,falling,0.066497,0.17750913
10846,stable,0.057744704,0.20720893
10847,stable,0.029062841,0.040427405
10848,stable,0.028920533,0.034548618
10849,stable,0.0200987,0.013020331
10850,stable,0.04041422,0.05821083
10851,rising,0.06794333,0.20664507
10852,rising,0.044681646,0.06471044
10853,rising,0.044461753,0.026751231
10854,rising,0.059620734,0.13574138
10855,rising,0.04123279,0.023945445
10856,rising,0.044106092,0.015704202
10857,stable,0.04157475,0.01430138
10858,stable,0.04574779,0.022736974
10859,stable,0.046406966,0.030478202
10860,stable,0.04482301,0.024718497
10861,stable,0.04841693,0.028628504
10862,stable,0.040273137,0.031578567
10863,stable,0.04310102,0.033458795
10864,falling,1.5283297,0.055685174
10865,falling,2.5195787,0.15980786
10866,falling,3.034714,0.55856913
10867,falling,3.1650674,0.1821096
10868,falling,3.3341863,0.63529795
10869,falling,3.4293716,0.44125637
10870,stable,3.3186216,0.33766443
10871,stable,3.4929948,0.85701096
10872,stable,3.4664497,0.8718295
10873,stable,3.3110077,0.23585804
10874,stable,3.4040544,0.5740354
10875,stable,3.435969,0.25125563
10876,spike,0.95651585,0.9481505
10877,spike,0.28677702,0.31230137
10878,spike,0.11220545,0.12224461
10879,spike,0.08085622,0.087269254
10880,spike,0.08037854,0.07152382
10881,spike,0.07951486,0.034644738
10882,spike,0.09858788,0.039251227
10883,spike,0.09956561,0.040574376
10884,spike,0.084689856,0.035273887
10885,spike,0.074254416,0.026029296
10886,spike,0.06831969,0.035740156
10887,falling,0.06642857,0.048100676
10888,falling,0.059078258,0.02336842
10889,falling,0.07385253,0.055854194
10890,falling,0.074287005,0.055926993
10891,falling,0.076428965,0.05906269
10892,falling,0.07334431,0.055091668
10893,falling,0.05542241,0.030236607
10894,stable,0.05607776,0.035619214
10895,stable,0.052917663,0.05746716
10896,stable,0.06716904,0.07101591
10897,stable,0.055941403,0.0328994
10898,stable,0.051367857,0.033940338
10899,rising,0.059713013,0.05997549
10900,rising,0.09912322,0.24104929
10901,rising,0.10823313,0.20514598
10902,rising,0.065436535,0.032424614
10903,rising,0.055446986,0.031928673
10904,rising,0.06964978,0.03519867
10905,rising,0.062118925,0.032525577
10906,rising,0.05941783,0.027813844
10907,stable,0.055440467,0.02050968
10908,stable,0.055874657,0.034207318
10909,stable,0.05912066,0.031517696
10910,stable,0.07745436,0.07888605
10911,stable,0.06994715,0.033744488
10912,stable,0.09062113,0.04751445
10913,falling,0.079006575,0.03726595
10914,falling,0.0813105,0.04098769
10915,falling,0.09508063,0.027547557
10916,falling,0.08286719,0.070718005
10917,falling,0.09322034,0.070045814
10918,stable,0.12851368,0.2324921
10919,stable,0.09647427,0.06914455
10920,stable,0.08152429,0.044534035
10921,stable,0.08312898,0.024444783
10922,stable,0.08426269,0.08381666
10923,stable,0.12330907,0.26073533
10924,rising,0.1063674,0.09618741
10925,rising,0.098782495,0.24970432
10926,rising,0.051382236,0.048628807
10927,rising,0.053162403,0.048542462
10928,rising,0.06512981,0.09507679
10929,rising,0.05013502,0.025885096
10930,stable,0.048149455,0.016443143
10931,stable,0.047338326,0.034775753
10932,stable,0.04379412,0.026017202
10933,stable,0.056111477,0.03637084
10934,stable,0.053578917,0.03468904
10935,stable,0.054869402,0.035766825
10936,falling,0.06865894,0.08886531
10937,falling,0.08031627,0.06665928
10938,falling,0.08364916,0.16532958
10939,falling,0.055684328,0.041344937
10940,falling,0.074760765,0.17175846
10941,falling,0.09314203,0.2727441
10942,stable,0.05779383,0.1008548
10943,stable,0.05213082,0.058049925
10944,stable,0.05079011,0.051440865
10945,stable,0.057307925,0.14202626
10946,stable,0.08391141,0.29089674
10947,rising,0.040440097,0.045997158
10948,rising,0.06875747,0.21489987
10949,rising,0.027632833,0.028935248
10950,rising,0.02961699,0.042878803
10951,rising,0.022796726,0.03408374
10952,rising,0.02585433,0.033401493
10953,rising,0.02674869,0.033590313
10954,stable,0.024622995,0.02118706
10955,stable,0.027487846,0.026379036
10956,stable,0.03323341,0.031626206
10957,stable,0.038944077,0.046250314
10958,stable,0.035195865,0.04130312
10959,stable,0.028756255,0.035409015
10960,falling,0.028844357,0.01770817
10961,falling,0.03380053,0.019634781
10962,falling,0.031551458,0.03420805
10963,falling,0.058487944,0.16401926
10964,falling,0.04514734,0.02718655
10965,falling,0.041574713,0.043005046
10966,stable,0.05159878,0.0996496
10967,stable,0.05021904,0.08686615
10968,stable,0.04001169,0.04204846
10969,stable,0.047388945,0.044150904
10970,stable,0.056439355,0.063164346
10971,rising,0.09024529,0.26021552
10972,rising,0.058538564,0.10002673
10973,rising,0.05676922,0.06482998
10974,rising,0.063788824,0.072066955
10975,rising,0.07765629,0.105490394
10976,rising,0.05564279,0.054144587
10977,rising,0.056471962,0.05253916
10978,stable,0.06401828,0.031589355
10979,stable,0.056084428,0.017706651
10980,stable,0.062163077,0.02452871
10981,stable,0.067846686,0.030421829
10982,stable,0.0694249,0.02651111
10983,falling,0.069020204,0.071827136
10984,falling,0.056208357,0.024272682
10985,falling,0.06533028,0.032751694
10986,falling,0.06377277,0.0274435
10987,falling,0.07893154,0.15694445
10988,falling,0.063477375,0.041234873
10989,falling,0.042723916,0.026612738
10990,falling,0.033067547,0.07061489
10991,stable,0.037746772,0.066819474
10992,stable,0.041139364,0.06146252
10993,stable,0.028440151,0.016786724
10994,stable,0.069346026,0.24392429
10995,stable,0.03259502,0.033475175
10996,rising,0.0354405,0.036709815
10997,stable,0.029622024,0.022992842
10998,rising,0.031754162,0.037544437
10999,rising,0.038389627,0.019536696
11000,rising,0.036670282,0.022120683
11001,rising,0.04520899,0.020721255
11002,stable,0.043464303,0.013341313
11003,stable,0.051268212,0.018877303
11004,stable,0.054246172,0.022920845
11005,stable,0.05764715,0.030641824
11006,stable,0.05738536,0.03291918
11007,stable,0.05660813,0.024907818
11008,stable,0.06888615,0.021133043
11009,falling,0.06838675,0.019704562
11010,falling,0.069279976,0.026321024
11011,falling,0.062745586,0.05044209
11012,falling,0.059058495,0.02697259
11013,falling,0.059202265,0.035491444
11014,stable,0.06516529,0.056254398
11015,stable,0.05632461,0.021581847
11016,stable,0.080817975,0.012835351
11017,stable,0.10221579,0.15238085
11018,stable,0.109507106,0.20832264
11019,stable,0.074427225,0.011871762
11020,stable,0.08568596,0.05804876
11021,rising,0.071427986,0.030242838
11022,rising,0.092600614,0.12501068
11023,rising,0.06862739,0.021505054
11024,rising,0.074958235,0.020540414
11025,rising,0.06775465,0.014154528
11026,stable,0.07403644,0.013977127
11027,stable,0.0726844,0.016347878
11028,stable,0.055692527,0.014845555
11029,stable,1.1657251,0.054094434
11030,stable,1.6561099,0.09244501
11031,stable,1.869076,0.14622451
11032,falling,1.9169025,0.15626922
11033,falling,1.972046,0.118916266
11034,falling,2.0281763,0.39388138
11035,falling,2.0018759,0.20455381
11036,falling,2.0540187,0.18168472
11037,falling,2.067196,0.25085348
11038,stable,2.0541952,0.41632605
11039,stable,2.1112967,0.21125717
11040,stable,2.1965547,0.14899088
11041,spike,0.3497819,0.6050806
11042,spike,0.16547821,0.432231
11043,spike,0.057406876,0.05546365
11044,spike,0.09608362,0.29363877
11045,spike,0.07526105,0.20504016
11046,spike,0.06863452,0.22731249
11047,spike,0.042987503,0.09429181
11048,spike,0.062807575,0.13524829
11049,spike,0.03263122,0.028110117
11050,spike,0.033942435,0.025577566
11051,spike,0.040827937,0.03033599
11052,falling,0.059173636,0.04857954
11053,falling,0.06745343,0.044350535
11054,falling,0.08025093,0.07421184
11055,falling,0.075314865,0.062086713
11056,falling,0.07380231,0.074778154
11057,falling,0.088865384,0.10937187
11058,falling,0.09349154,0.07793921
11059,falling,0.103567116,0.08233639
11060,falling,0.07144937,0.043557752
11061,falling,0.08863233,0.037488557
11062,stable,0.10318577,0.03823647
11063,stable,0.1027227,0.030995794
11064,stable,0.09670779,0.039406966
11065,stable,0.06365642,0.023039157
11066,stable,0.051055983,0.019594807
11067,stable,0.060116537,0.0267391
11068,rising,0.068594344,0.028099151
11069,rising,0.066170834,0.023642085
11070,rising,0.075655885,0.06950194
11071,rising,0.06807306,0.029371655
11072,rising,0.07171358,0.023998953
11073,stable,0.06374758,0.021267887
11074,stable,0.070868716,0.018485753
11075,stable,0.06650953,0.02534854
11076,stable,0.05829629,0.01294976
11077,stable,0.07545393,0.027178086
11078,stable,0.07820555,0.023080926
11079,falling,0.076374985,0.027289238
11080,falling,0.07027774,0.036446463
11081,falling,0.09577121,0.11223061
11082,falling,0.07541332,0.042162254
11083,falling,0.07975116,0.15685321
11084,falling,0.04771972,0.022321042
11085,falling,0.046666887,0.016117333
11086,falling,0.05655007,0.064372696
11087,stable,0.04958305,0.009688708
11088,stable,0.059278764,0.090431124
11089,stable,0.04350485,0.013687324
11090,stable,0.04251157,0.0067778705
11091,rising,0.041612495,0.017016366
11092,rising,0.0364664,0.0149096595
11093,rising,0.039218385,0.014761478
11094,rising,0.040598545,0.01943956
11095,rising,0.055562615,0.015718404
11096,rising,0.067288466,0.023478592
11097,rising,0.05709025,0.031687114
11098,stable,0.047729466,0.019721737
11099,stable,0.051676247,0.061403763
11100,stable,0.038871806,0.007592097
11101,stable,0.05593415,0.08197522
11102,stable,0.05156185,0.0052899723
11103,falling,0.08469805,0.14220867
11104,falling,0.061336596,0.009583764
11105,falling,0.09392862,0.12324114
11106,falling,0.07565764,0.014765456
11107,falling,0.0672826,0.010978585
11108,falling,0.06972417,0.02073975
11109,falling,0.06579121,0.007886588
11110,stable,0.070487395,0.010944954
11111,stable,0.054411396,0.006248359
11112,stable,0.07090211,0.06392077
11113,stable,0.05595578,0.010415125
11114,stable,0.067999095,0.014054887
11115,stable,0.041424155,0.013446173
11116,rising,0.06573781,0.09729538
11117,rising,0.04054852,0.063216805
11118,rising,0.026802476,0.0071733827
11119,rising,0.023980416,0.004559984
11120,rising,0.027859109,0.008093777
11121,rising,0.029646985,0.00979025
11122,stable,0.037383053,0.008385155
11123,stable,0.06675653,0.14727628
11124,stable,0.043973364,0.045065593
11125,stable,0.041792367,0.011780438
11126,stable,0.05899483,0.019726945
11127,falling,0.05495094,0.11382417
11128,falling,0.04016083,0.016069043
11129,falling,0.057119343,0.025699863
11130,falling,0.074113816,0.124423765
11131,falling,0.08833806,0.03159972
11132,falling,0.08429126,0.017345129
11133,falling,0.07689159,0.028354391
11134,falling,0.0668601,0.017960805
11135,stable,0.06872021,0.019561518
11136,stable,0.07648278,0.0603856
11137,stable,0.055546034,0.016059805
11138,stable,0.06498985,0.021262784
11139,stable,0.062596306,0.01470839
11140,rising,0.06089254,0.03457391
11141,rising,0.06058314,0.09146162
11142,rising,0.0756871,0.11421971
11143,rising,0.022739714,0.011642548
11144,rising,0.031207314,0.02444818
11145,rising,0.023619998,0.012980262
11146,stable,0.019351177,0.01893683
11147,stable,0.031278703,0.02990606
11148,stable,0.026205845,0.026315477
11149,stable,0.030145144,0.038272973
11150,stable,0.027680693,0.037041336
11151,stable,0.023646053,0.020357873
11152,falling,0.057843972,0.20641492
11153,falling,0.032631416,0.033893816
11154,falling,0.032713924,0.019949473
11155,falling,0.033258636,0.01089339
11156,falling,0.048541274,0.040696613
11157,falling,0.064841144,0.10044308
11158,stable,0.056500446,0.012869634
11159,stable,0.059270583,0.009805351
11160,stable,0.056778137,0.04217291
11161,stable,0.060557265,0.06982018
11162,stable,0.060428288,0.07246584
11163,stable,0.057379305,0.015746208
11164,rising,0.63432485,0.03372851
11165,rising,1.1327537,0.07869529
11166,rising,1.3156775,0.086800046
11167,rising,1.422717,0.09134018
11168,rising,1.4616418,0.10005632
11169,rising,1.4314,0.07776716
11170,rising,1.4036485,0.099131726
11171,stable,1.457228,0.086713426
11172,stable,1.4776944,0.11009163
11173,stable,1.5136855,0.08373339
11174,stable,1.4731605,0.052469615
11175,falling,1.5728748,0.056832667
11176,spike,0.37284425,0.19697459
11177,spike,1.2393858,0.19117835
11178,spike,1.6370356,0.28642532
11179,spike,1.7814175,0.43325055
11180,spike,1.8066941,0.10297288
11181,spike,1.7740377,0.086888395
11182,spike,1.7298425,0.059169408
11183,spike,2.238292,0.151947
11184,spike,2.4579263,0.24269642
11185,spike,2.6759307,0.49026376
11186,spike,2.641481,0.13877502
11187,stable,2.8135555,0.5096403
11188,stable,2.8365872,0.20733997
11189,spike,0.8935904,0.541272
11190,spike,0.5751315,0.11616456
11191,spike,0.5861382,0.07749261
11192,spike,0.5737251,0.04416222
11193,spike,0.6097158,0.03947197
11194,spike,0.66623026,0.043965183
11195,spike,0.28727072,0.12442949
11196,spike,0.34336516,0.17311981
11197,spike,0.30986792,0.2058507
11198,spike,0.19567084,0.16008554
11199,spike,0.1534547,0.10701387
11200,spike,0.1001316,0.121834494
11201,spike,0.07715315,0.07172641
11202,spike,0.05773596,0.06315549
11203,spike,0.051858567,0.06231609
11204,spike,0.041161593,0.029695159
11205,spike,0.056036547,0.029409967
11206,falling,0.06525868,0.04712388
11207,falling,0.1351992,0.062157575
11208,stable,0.20900299,0.08409137
11209,stable,0.27945614,0.08905757
11210,stable,0.31146002,0.11329453
11211,stable,0.34904215,0.11588911
11212,rising,0.34954253,0.117153235
11213,rising,0.38131237,0.16300835
11214,rising,0.3767955,0.185015
11215,rising,0.35079056,0.15841587
11216,rising,0.35881618,0.18151546
11217,stable,0.27481005,0.13373955
11218,stable,0.24093579,0.12832595
11219,stable,0.15164326,0.24432646
11220,stable,0.085813925,0.12857468
11221,stable,0.045267444,0.035488877
11222,stable,0.035906546,0.028848844
11223,stable,0.03548815,0.050502203
11224,stable,0.037537668,0.0446067
11225,falling,0.06014649,0.18869868
11226,falling,0.054263566,0.12952413
11227,falling,0.036114443,0.024397599
11228,falling,0.03528495,0.058824338
11229,falling,0.02815565,0.02360014
11230,stable,0.045635283,0.041401222
11231,stable,0.04791779,0.025913237
11232,stable,0.0661931,0.016044924
11233,stable,0.08314362,0.0693323
11234,stable,0.083992206,0.088378675
11235,stable,0.08066098,0.068755046
11236,rising,0.079549864,0.089773126
11237,rising,0.08249542,0.07097517
11238,rising,0.08257548,0.059551828
11239,rising,0.087891795,0.06943312
11240,rising,0.08434738,0.080696106
11241,rising,0.13286805,0.25584632
11242,stable,0.07272724,0.08710618
11243,stable,0.07770316,0.10690795
11244,stable,0.08199174,0.15199327
11245,stable,0.06485694,0.03746727
11246,stable,0.11551525,0.27456525
11247,stable,0.07014224,0.037836928
11248,falling,0.09124748,0.089526735
11249,falling,0.084768586,0.048242472
11250,falling,0.09225937,0.103716984
11251,falling,0.085685685,0.11544657
11252,falling,0.067471825,0.04010872
11253,stable,0.071424596,0.027734991
11254,stable,0.08619001,0.05157874
11255,stable,0.085494615,0.047823116
11256,stable,0.042094927,0.07539266
11257,stable,0.062914394,0.05391792
11258,stable,0.08705373,0.07140169
11259,stable,0.08424861,0.10079998
11260,rising,0.077973865,0.027297858
11261,rising,0.09961551,0.04378065
11262,rising,0.109138355,0.09691168
11263,rising,0.11112023,0.038361073
11264,rising,0.109022066,0.05797151
11265,stable,0.11636998,0.10808178
11266,stable,0.12549023,0.15239874
11267,stable,0.099338196,0.13430071
11268,stable,0.08256821,0.048767634
11269,stable,0.055616047,0.043276306
11270,stable,0.05608511,0.05627403
11271,stable,0.10411577,0.29421854
11272,stable,0.068790875,0.08027337
11273,falling,0.08596627,0.2488457
11274,falling,0.035820518,0.026663022
11275,falling,0.07286241,0.18982427
11276,falling,0.053630367,0.066459134
11277,falling,0.055244643,0.043122455
11278,stable,0.062306486,0.06425553
11279,stable,0.043145478,0.034583695
11280,stable,0.038333174,0.041633308
11281,stable,0.052445248,0.06070492
11282,stable,0.04668723,0.03910586
11283,stable,0.062614635,0.06997855
11284,rising,0.057666782,0.11952868
11285,rising,0.046851568,0.035629503
11286,rising,0.04974007,0.08060301
11287,rising,0.061627004,0.11112239
11288,rising,0.041893173,0.06819224
11289,stable,0.045197893,0.0921893
11290,rising,0.07825547,0.27497464
11291,stable,0.042004727,0.09412959
11292,stable,0.04268638,0.065848134
11293,stable,0.04177596,0.05307625
11294,stable,0.09355036,0.3227138
11295,stable,0.08470219,0.2944671
11296,falling,0.052079972,0.106556736
11297,falling,0.047178015,0.07776498
11298,falling,0.073262714,0.178129
11299,falling,0.045493808,0.05996658
11300,falling,0.06252629,0.0974016
11301,falling,0.056486264,0.04983198
11302,stable,0.051478427,0.04067798
11303,stable,0.068294734,0.08368259
11304,stable,0.05953856,0.055709854
11305,stable,0.070054375,0.09244309
11306,stable,0.06360673,0.083556265
11307,stable,0.053585757,0.08243995
11308,rising,0.07373555,0.10655572
11309,rising,0.0739014,0.1242561
11310,rising,0.079215474,0.16555792
11311,rising,0.07215846,0.17992769
11312,rising,0.045222297,0.0432219
11313,rising,0.056553,0.07501611
11314,stable,0.06148458,0.09831674
11315,stable,0.048653677,0.06318506
11316,stable,0.07046512,0.07021666
11317,stable,0.06617632,0.08525405
11318,stable,0.06856741,0.05674909
11319,falling,0.10964714,0.29319718
11320,falling,0.08998998,0.1667268
11321,falling,0.12062184,0.26184422
11322,falling,0.05957524,0.026609732
11323,falling,0.08908282,0.14485177
11324,falling,0.06924169,0.064115345
11325,falling,0.055345275,0.0483026
11326,stable,0.055214062,0.02219532
11327,stable,0.057662938,0.036398128
11328,stable,0.04265433,0.037974887
11329,stable,0.051426318,0.053884815
11330,stable,0.04346617,0.04500257
11331,stable,0.049374625,0.06547113
11332,rising,0.03468466,0.020948451
11333,rising,0.042278513,0.061162524
11334,rising,0.04324353,0.045145772
11335,rising,0.050016675,0.043527357
11336,rising,0.051338658,0.060891647
11337,stable,0.04850958,0.114004254
11338,stable,0.074346766,0.2681411
11339,stable,0.04704935,0.11455627
11340,stable,0.033961657,0.05348633
11341,stable,0.048380136,0.074744225
11342,stable,0.036232147,0.058544107
11343,falling,0.07594811,0.24518476
11344,falling,0.0362959,0.086127326
11345,falling,0.02709628,0.061517924
11346,falling,0.05178366,0.17453995
11347,falling,0.040044785,0.057517976
11348,falling,0.0482269,0.07463221
11349,stable,0.038013775,0.028422954
11350,falling,0.03485221,0.03344221
11351,stable,0.037081916,0.03971092
11352,stable,0.038839035,0.0278315
11353,stable,0.039495625,0.033151787
11354,stable,0.039001476,0.04338398
11355,rising,0.049922116,0.068002254
11356,rising,0.042055503,0.035268243
11357,rising,0.076449566,0.122542314
11358,rising,0.06568958,0.054163914
11359,rising,0.062997326,0.12741663
11360,rising,0.07225205,0.15681554
11361,rising,0.082843676,0.2117571
11362,stable,0.059170645,0.049655914
11363,stable,0.050873403,0.049335252
11364,stable,0.056001414,0.060653638
11365,stable,0.094057396,0.27053696
11366,stable,0.047045708,0.030122649
11367,stable,0.05300601,0.05445941
11368,falling,0.082508616,0.21942183
11369,falling,0.058180742,0.13242145
11370,falling,0.061369862,0.13203949
11371,falling,0.044154387,0.020859355
11372,falling,0.037594255,0.0257213
11373,falling,0.05212047,0.07359076
11374,stable,0.03814858,0.011878519
11375,stable,0.040584106,0.027629143
11376,stable,0.033864085,0.010827808
11377,stable,0.034071036,0.018333737
11378,stable,0.03370635,0.022822598
11379,stable,0.039569248,0.03027881
11380,rising,0.043337476,0.030928481
11381,rising,0.058233865,0.09093981
11382,rising,0.05607051,0.03630271
11383,rising,0.052220035,0.018412411
11384,rising,0.081418514,0.18496028
11385,rising,0.055951003,0.017517213
11386,stable,0.04558301,0.026572572
11387,stable,0.057241395,0.079776876
11388,stable,0.04281915,0.019734375
11389,stable,0.05781239,0.03455152
11390,stable,0.05563054,0.05479412
11391,stable,0.065376125,0.036187302
11392,stable,0.06965913,0.035248328
11393,falling,0.104149655,0.19913949
11394,falling,0.055406604,0.03089426
11395,falling,0.06032788,0.028459717
11396,falling,0.047686048,0.007988869
11397,falling,0.045119803,0.018471671
11398,stable,0.05386043,0.047260445
11399,stable,0.058080304,0.053208366
11400,stable,0.04952097,0.023788724
11401,stable,0.056650646,0.06300078
11402,stable,0.057436116,0.030837988
11403,rising,0.041616775,0.03145864
11404,rising,0.0406553,0.036720045
11405,rising,0.045800082,0.016655948
11406,rising,0.08005448,0.1608525
11407,rising,0.0490511,0.033659223
11408,rising,0.059068576,0.036936708
11409,stable,0.05965743,0.039954416
11410,stable,0.062456887,0.065152206
11411,stable,0.057237286,0.041871224
11412,stable,0.060014255,0.031170797
11413,stable,0.062349442,0.08176439
11414,stable,0.09915892,0.2515695
11415,stable,0.056664262,0.026094032
11416,falling,0.04186122,0.027466392
11417,falling,0.03839279,0.029959088
11418,falling,0.0426412,0.022999708
11419,falling,0.066592224,0.15840027
11420,falling,0.0826456,0.017115053
11421,falling,0.09536689,0.02214494
11422,falling,0.089210615,0.020316103
11423,stable,0.090499826,0.016861767
11424,stable,0.06614638,0.06838584
11425,stable,0.055713,0.015237804
11426,stable,0.07022869,0.08077236
11427,rising,0.06730807,0.089892015
11428,rising,0.056868862,0.017828606
11429,rising,0.07232745,0.08952671
11430,rising,0.0789614,0.1330038
11431,rising,0.07219403,0.09766243
11432,rising,0.056794748,0.13441311
11433,rising,0.03686689,0.033954386
11434,stable,0.029370751,0.020738533
11435,stable,0.055011105,0.16681051
11436,stable,0.030739289,0.014825596
11437,stable,0.055023216,0.1684232
11438,stable,0.040852148,0.06369107
11439,stable,0.037182175,0.015569343
11440,falling,0.046020996,0.083798006
11441,falling,0.02363181,0.012818843
11442,falling,0.025677899,0.01701536
11443,falling,0.016181407,0.008133726
11444,falling,0.017209016,0.0044986396
11445,stable,0.043601643,0.11402714
11446,stable,0.022172056,0.0076101874
11447,stable,0.035404827,0.047753688
11448,stable,0.026095845,0.00750196
11449,stable,0.034110356,0.045235313
11450,stable,0.031852234,0.009078013
11451,rising,0.025586132,0.011078354
11452,rising,0.033553015,0.023148276
11453,rising,0.03467347,0.016847238
11454,rising,0.030811783,0.0151627585
11455,rising,0.04787023,0.10087839
11456,rising,0.03781899,0.035032272
11457,rising,0.02794812,0.013300297
11458,stable,0.030098608,0.01485841
11459,stable,0.015682833,0.004873473
11460,stable,0.01868691,0.0038397082
11461,stable,0.017958025,0.0048292913
11462,stable,0.016244505,0.0044080005
11463,stable,0.02009618,0.010081314
11464,stable,0.04660033,0.14776126
11465,falling,0.020311909,0.009848746
11466,falling,0.023053756,0.0076917564
11467,falling,0.05217373,0.12771013
11468,falling,0.030186616,0.01239751
11469,falling,0.032883685,0.013273225
11470,stable,0.030879425,0.010439942
11471,stable,0.023333933,0.008368023
11472,stable,0.022403935,0.01014832
11473,stable,0.025633989,0.0057184068
11474,stable,0.02783653,0.0064610923
11475,stable,0.028206263,0.009442976
11476,rising,0.04269441,0.017668212
11477,rising,0.03348043,0.014034589
11478,rising,0.03773823,0.029355511
11479,rising,0.030655634,0.0049980013
11480,rising,0.04591276,0.055538844
11481,rising,0.045752797,0.008781919
11482,stable,0.046743155,0.012793467
11483,stable,0.05009613,0.010044125
11484,stable,0.069825664,0.0645065
11485,stable,0.054633755,0.033984736
11486,stable,0.068822525,0.10880916
11487,stable,0.050202493,0.009911767
11488,falling,0.037757564,0.007785868
11489,falling,0.045938216,0.018699504
11490,falling,0.041616924,0.020890554
11491,falling,0.081061706,0.054318834
11492,falling,0.04038038,0.024667032
11493,stable,0.022488115,0.026356148
11494,stable,0.043528438,0.14907499
11495,stable,0.018716076,0.016397366
11496,stable,0.022103377,0.004162329
11497,stable,0.026710397,0.00778776
11498,stable,0.025708279,0.0074636983
11499,stable,0.049754772,0.12804228
11500,rising,0.026980394,0.006562262
11501,rising,0.029160442,0.008637925
11502,rising,0.030076895,0.011968567
11503,rising,0.027628085,0.007938497
11504,rising,0.031705305,0.007576424
11505,rising,0.030375605,0.010320271
11506,stable,0.030725742,0.010456071
11507,stable,0.023660319,0.0030858803
11508,stable,0.024308475,0.0070115724
11509,stable,0.018927213,0.0046783173
11510,stable,0.01872922,0.006469062
11511,stable,0.021319443,0.009645347
11512,falling,0.019182026,0.009283213
11513,falling,0.021076676,0.01208393
11514,falling,0.042344943,0.014339086
11515,falling,0.058812357,0.13227993
11516,falling,0.047057625,0.10791133
11517,falling,0.031987384,0.0132718235
11518,stable,0.04908341,0.1218582
11519,stable,0.040071048,0.0707692
11520,stable,0.031273626,0.02594165
11521,stable,0.03031384,0.0126993945
11522,stable,0.04280136,0.08669873
11523,stable,0.06336865,0.16994259
11524,rising,0.04774407,0.021477165
11525,rising,0.0568367,0.02049253
11526,rising,0.03613064,0.014692758
11527,rising,0.035832364,0.0072950874
11528,rising,0.033649974,0.0054072347
11529,rising,0.042842302,0.008688218
11530,stable,0.08513125,0.012407222
11531,stable,0.0838082,0.01126817
11532,stable,0.08900311,0.028293768
11533,stable,0.084093325,0.023359131
11534,stable,0.09749532,0.038025253
11535,falling,0.09592394,0.02215496
11536,stable,0.096753836,0.089789934
11537,falling,0.08995356,0.029766353
11538,falling,0.089324035,0.021514993
11539,falling,0.088636786,0.022213493
11540,falling,0.093651414,0.02258643
11541,stable,0.07168795,0.024029395
11542,stable,0.050973237,0.017853664
11543,stable,0.054178774,0.031598374
11544,stable,0.05006711,0.036436297
11545,stable,0.047914546,0.04364185
11546,stable,0.029666152,0.012512814
11547,stable,0.03901164,0.01884772
11548,stable,0.027325056,0.015431756
11549,rising,0.027989412,0.030224258
11550,rising,0.027170865,0.010870264
11551,rising,0.034921184,0.0701989
11552,rising,0.025723105,0.015251747
11553,stable,0.033523638,0.010943667
11554,stable,0.036341485,0.028243156
11555,stable,0.04094349,0.060029928
11556,stable,0.032732565,0.019551523
11557,stable,0.030612132,0.0074378666
11558,stable,0.04239957,0.07701605
11559,stable,0.030666083,0.011037435
11560,falling,0.033870645,0.024213677
11561,falling,0.029843416,0.024505889
11562,falling,0.05222622,0.14213088
11563,falling,0.028126927,0.020142606
11564,falling,0.035445195,0.023299495
11565,stable,0.039123558,0.019674998
11566,stable,0.03498707,0.051184896
11567,stable,0.027670484,0.01825446
11568,stable,0.032170195,0.04416846
11569,stable,0.029364025,0.026057787
11570,stable,0.045651373,0.089056596
11571,stable,0.033200357,0.027951427
11572,rising,0.031698603,0.018902313
11573,rising,0.055958975,0.14181468
11574,rising,0.03713493,0.033236597
11575,rising,0.05661961,0.10058254
11576,rising,0.035888586,0.030315397
11577,rising,0.026945641,0.009011251
11578,stable,0.039388604,0.027370967
11579,stable,0.035770394,0.008120326
11580,stable,0.038746353,0.017378591
11581,stable,0.033864025,0.015069594
11582,stable,0.048640825,0.07740731
11583,stable,0.04013746,0.013345274
11584,falling,0.06737357,0.026651917
11585,falling,0.072080016,0.020009194
11586,falling,0.08239409,0.11557261
11587,falling,0.06697205,0.023286248
11588,falling,0.0828335,0.027650535
11589,falling,0.07757567,0.04733396
11590,falling,0.07580965,0.14000258
11591,stable,0.056595966,0.02278712
11592,stable,0.07319276,0.10937084
11593,stable,0.09150772,0.20100106
11594,stable,0.07734703,0.06375607
11595,stable,0.07612638,0.16567072
11596,stable,0.024934074,0.019038484
11597,rising,0.049763072,0.1397435
11598,rising,0.02296796,0.035330612
11599,rising,0.038212515,0.09765588
11600,rising,0.021433564,0.021829152
11601,rising,0.03421667,0.044957213
11602,stable,0.027926471,0.03477061
11603,stable,0.031507026,0.05548713
11604,stable,0.028952343,0.0302843
11605,stable,0.03212414,0.023114616
11606,stable,0.031191247,0.01956617
11607,stable,0.033223413,0.026570598
11608,stable,0.027882462,0.008366534
11609,falling,0.034574285,0.017921017
11610,falling,0.03429325,0.011867438
11611,falling,0.035486747,0.02341603
11612,falling,0.06734914,0.16865872
11613,falling,0.085288435,0.22243549
11614,stable,0.066359654,0.052403584
11615,stable,0.10716638,0.26869556
11616,stable,0.053725265,0.039231565
11617,stable,0.073438846,0.21995075
11618,stable,0.08014016,0.24945801
11619,stable,0.045463137,0.053829994
11620,rising,0.054094814,0.05790437
11621,rising,0.04996513,0.094066426
11622,rising,0.03940676,0.031701602
11623,rising,0.06441279,0.121952504
11624,rising,0.05059709,0.1258795
11625,rising,0.031843208,0.031367622
11626,rising,0.036548793,0.054207046
11627,stable,0.03895601,0.06658792
11628,stable,0.02798007,0.013324669
11629,stable,0.034086563,0.03417766
11630,stable,0.039127458,0.040109333
11631,stable,0.04079243,0.037716284
11632,falling,0.04555651,0.057651028
11633,falling,0.06829165,0.16168734
11634,falling,0.055886764,0.050391022
11635,falling,0.053211857,0.03555249
11636,falling,0.08667107,0.22160058
11637,falling,0.09503808,0.26774645
11638,stable,0.049535252,0.03996452
11639,stable,0.05948149,0.047219604
11640,stable,0.09543808,0.2713693
11641,stable,0.0320603,0.03436602
11642,stable,0.03802055,0.048090655
11643,stable,0.08120939,0.2843878
11644,rising,0.07192078,0.23162518
11645,rising,0.042842507,0.05177957
11646,rising,0.05329597,0.08847022
11647,rising,0.046618342,0.0862953
11648,rising,0.044122774,0.058548488
11649,rising,0.034839507,0.0178875
11650,stable,0.034574818,0.014844401
11651,stable,0.039583813,0.021390667
11652,stable,0.046449993,0.017806495
11653,stable,0.057656717,0.033900596
11654,stable,0.05722401,0.02376288
11655,falling,0.051429167,0.038527787
11656,falling,0.07762275,0.12767361
11657,falling,0.06761111,0.1287318
11658,falling,0.07122641,0.16717097
11659,falling,0.07752839,0.15441199
11660,falling,0.061755948,0.051798478
11661,falling,0.057968624,0.028153982
11662,stable,0.05192744,0.017774118
11663,stable,0.05571641,0.029840985
11664,stable,0.10310958,0.24192424
11665,stable,0.076141804,0.21302356
11666,stable,0.04908871,0.014992659
11667,stable,0.051762916,0.022686267
11668,rising,0.06575913,0.10178046
11669,rising,0.078474246,0.16310933
11670,rising,0.0519262,0.015729852
11671,rising,0.06212511,0.12772916
11672,rising,0.03901756,0.013174391
11673,rising,0.035720352,0.014896761
11674,stable,0.03308907,0.014335944
11675,stable,0.035861984,0.021860152
11676,stable,0.046561997,0.017144065
11677,stable,0.055424403,0.055726316
11678,stable,0.046019103,0.07147221
11679,stable,0.04255953,0.050295252
11680,falling,0.040062454,0.020964632
11681,falling,0.052987482,0.055330444
11682,falling,0.039785855,0.03727564
11683,falling,0.040424146,0.034872808
11684,falling,0.04375056,0.08014499
11685,falling,0.077460304,0.20086034
11686,stable,0.08487318,0.24594826
11687,stable,0.08210765,0.258225
11688,stable,0.029657537,0.019310566
11689,stable,0.06194983,0.19814545
11690,stable,0.04282825,0.078334585
11691,rising,0.030016003,0.023198063
11692,rising,0.06628024,0.21962586
11693,rising,0.05796163,0.18320115
11694,rising,0.03933144,0.047576565
11695,rising,0.039289854,0.064400546
11696,rising,0.032976963,0.023161562
11697,stable,0.024792308,0.021860147
11698,stable,0.04000956,0.015115796
11699,stable,0.041482255,0.016605185
11700,stable,0.039895587,0.017972786
11701,stable,0.047001116,0.023860123
11702,stable,0.054007526,0.027560756
11703,stable,0.06524538,0.02784021
11704,falling,0.09016294,0.08284565
11705,falling,0.08517929,0.043188166
11706,falling,0.0877631,0.028427511
11707,falling,0.08924573,0.037400726
11708,falling,0.086141326,0.028884783
11709,falling,0.07594023,0.025198594
11710,stable,0.069952,0.13250402
11711,stable,0.04337656,0.032785747
11712,stable,0.050796237,0.03176123
11713,stable,0.056796525,0.047988463
11714,stable,0.033902984,0.026306521
11715,stable,0.025632065,0.017585529
11716,stable,0.02580935,0.017185086
11717,rising,0.029902862,0.040388416
11718,rising,0.042374738,0.092776775
11719,rising,0.026777366,0.030365245
11720,rising,0.022378793,0.01580414
11721,rising,0.023517676,0.016211156
11722,stable,0.03510343,0.010877982
11723,stable,0.035330735,0.007252581
11724,stable,0.035400297,0.020391073
11725,stable,0.03996753,0.0143219335
11726,stable,0.03594701,0.015536288
11727,stable,0.052107237,0.024469016
11728,falling,0.06723683,0.08643841
11729,falling,0.05698612,0.02749108
11730,falling,0.057571404,0.014267845
11731,falling,0.06958799,0.045218706
11732,falling,0.0900793,0.07866249
11733,stable,0.113347135,0.17331211
11734,falling,0.045007758,0.011910138
11735,stable,0.055213355,0.03199953
11736,stable,0.05552749,0.030735452
11737,stable,0.055776063,0.040415067
11738,stable,0.07819918,0.14374161
11739,stable,0.04195468,0.025514513
11740,rising,0.042536,0.024423447
11741,rising,0.04897288,0.04196434
11742,rising,0.039737437,0.021775495
11743,rising,0.050391436,0.08407286
11744,stable,0.025334911,0.012000455
11745,rising,0.0258915,0.011460917
11746,stable,0.027368635,0.011470545
11747,stable,0.030229786,0.0160121
11748,stable,0.033352207,0.009155544
11749,stable,0.044692777,0.01189192
11750,stable,0.036465306,0.012429588
11751,falling,0.04254989,0.01501538
11752,falling,0.065011084,0.118027635
11753,falling,0.040361386,0.007596075
11754,falling,0.0680654,0.09518761
11755,falling,0.052253824,0.019896524
11756,falling,0.054580383,0.031862665
11757,falling,0.052642476,0.012541765
11758,stable,0.057021745,0.01774779
11759,stable,0.06596879,0.03879374
11760,stable,0.09797837,0.2139416
11761,stable,0.0922808,0.20117332
11762,stable,0.09235991,0.20043233
11763,rising,0.059307933,0.014735413
11764,rising,0.07730143,0.12029219
11765,rising,0.0583887,0.019171126
11766,rising,0.067435764,0.020174053
11767,rising,0.062149685,0.018913832
11768,rising,0.072683066,0.10099003
11769,rising,0.050408058,0.0118702995
11770,stable,0.049145978,0.011462933
11771,stable,0.034626674,0.010497787
11772,stable,0.07747575,0.06802816
11773,stable,0.06507658,0.011201856
11774,stable,0.071352705,0.037225407
11775,falling,0.061735637,0.015988925
11776,falling,0.0969934,0.10552791
11777,falling,0.090676874,0.03308109
11778,falling,0.0708716,0.020069135
11779,falling,0.08214246,0.026838267
11780,falling,0.08522985,0.096742086
11781,falling,0.09272388,0.100602485
11782,stable,0.08355501,0.022764334
11783,stable,0.07368818,0.021880731
11784,stable,0.04055992,0.010001865
11785,stable,0.062128562,0.12765454
11786,stable,0.040799633,0.009991677
11787,stable,0.073249415,0.117175795
11788,rising,0.064220294,0.02397378
11789,rising,0.0738602,0.14752217
11790,rising,0.05297667,0.016461648
11791,rising,0.0680312,0.11494318
11792,rising,0.04752469,0.0149468705
11793,rising,1.3165122,0.03917378
11794,stable,2.0265615,0.057976797
11795,stable,2.359961,0.077504255
11796,stable,2.4796326,0.113759436
11797,stable,2.6002195,0.13425593
11798,stable,2.6154761,0.12375611
11799,falling,2.7063627,0.13006935
11800,falling,2.7430856,0.14399475
11801,falling,2.7464104,0.15624645
11802,falling,2.793621,0.17550308
11803,falling,2.6731377,0.10655517
11804,falling,2.76659,0.15765575
11805,spike,0.370921,0.3834589
11806,spike,0.09641703,0.11206625
11807,spike,0.06631591,0.064924054
11808,spike,0.112655416,0.22625268
11809,spike,0.10142891,0.13957609
11810,spike,0.08355513,0.054840345
11811,spike,0.106267765,0.20847265
11812,spike,0.08893035,0.11697495
11813,spike,0.034739036,0.027847458
11814,spike,0.05341427,0.09614358
11815,spike,0.051374514,0.07074669
11816,stable,0.043133963,0.05384078
11817,stable,0.075872354,0.070426926
11818,stable,0.121375605,0.1273768
11819,stable,0.15915304,0.16953838
11820,stable,0.18135585,0.19710687
11821,stable,0.19932063,0.22874478
11822,stable,0.2551538,0.2952886
11823,falling,0.25326797,0.2762117
11824,falling,1.3421569,0.15702645
11825,falling,1.8454179,0.11918569
11826,falling,2.0898533,0.14666025
11827,falling,2.1810706,0.15052137
11828,falling,2.166392,0.13568309
11829,falling,2.165368,0.31602752
11830,falling,2.1766555,0.1698184
11831,stable,2.2599185,0.27072206
11832,stable,2.2190814,0.120865285
11833,stable,2.3098557,0.13899796
11834,stable,2.4192362,0.13836908
11835,rising,2.459769,0.51191294
11836,spike,0.3947472,0.3338521
11837,spike,0.20409839,0.4098753
11838,spike,0.10160256,0.04700367
11839,spike,0.08318923,0.03210413
11840,spike,0.08598323,0.035098463
11841,spike,0.09526607,0.040537164
11842,spike,0.104444385,0.04453354
11843,spike,0.11419943,0.10057263
11844,spike,0.07280899,0.062241655
11845,spike,0.11339594,0.15398346
11846,spike,0.09262604,0.08006563
11847,falling,0.084007,0.069449514
11848,falling,0.10618719,0.08653131
11849,falling,0.12788802,0.12261455
11850,falling,0.11624198,0.1094682
11851,falling,0.1390602,0.109742716
11852,falling,0.12476241,0.09459694
11853,falling,0.14473243,0.09668894
11854,falling,0.12153028,0.057836894
11855,stable,0.120243855,0.05867059
11856,stable,0.11037028,0.048798613
11857,stable,0.10583626,0.04290512
11858,stable,0.11693505,0.06851348
11859,stable,0.13239354,0.080884874
11860,stable,0.0743691,0.038477376
11861,rising,0.08262638,0.08452044
11862,rising,0.07537386,0.039716028
11863,rising,0.04701931,0.035631467
11864,rising,0.062590435,0.063923426
11865,stable,0.02381608,0.013982987
11866,stable,0.030082857,0.009187732
11867,stable,0.03999191,0.038914688
11868,stable,0.046325706,0.0906113
11869,stable,0.061989997,0.19242933
11870,stable,0.031059492,0.013848529
11871,stable,0.039583717,0.039676532
11872,falling,0.034145705,0.014364182
11873,falling,0.047152225,0.06304556
11874,falling,0.048581846,0.07472245
11875,falling,0.041697163,0.021200385
11876,falling,0.061279964,0.06352019
11877,falling,0.051830254,0.02208526
11878,stable,0.059852123,0.021066988
11879,stable,0.050938524,0.029700508
11880,stable,0.042971116,0.013805085
11881,stable,0.040587675,0.025711635
11882,stable,0.034535095,0.018014263
11883,stable,0.0422241,0.021908239
11884,rising,0.038844336,0.025709892
11885,rising,0.03425232,0.010922431
11886,rising,0.048515484,0.07742318
11887,rising,0.044784166,0.028467618
11888,rising,0.04475297,0.016927892
11889,stable,0.056032833,0.032600883
11890,stable,0.033157848,0.009526218
11891,stable,0.041345607,0.013796182
11892,stable,0.06151591,0.20845795
11893,stable,0.02503994,0.011243213
11894,stable,0.06084134,0.2047624
11895,stable,0.06389797,0.20724106
11896,falling,0.032799534,0.02316415
11897,falling,0.031852778,0.0230302
11898,falling,0.034313325,0.030874316
11899,falling,0.047118876,0.03146391
11900,falling,0.040469687,0.0140083935
11901,falling,0.051836237,0.0694555
11902,stable,0.059733212,0.018834604
11903,stable,0.0519253,0.014594114
11904,stable,0.053904667,0.010448116
11905,stable,0.071204886,0.040274657
11906,stable,0.06928687,0.026376657
11907,stable,0.06567648,0.02817731
11908,stable,0.055955004,0.021843405
11909,rising,0.05500809,0.023584453
11910,rising,0.05420283,0.028812151
11911,rising,0.05268239,0.01874913
11912,rising,0.045219302,0.03843783
11913,stable,0.062291298,0.19678119
11914,stable,0.056262407,0.21357925
11915,stable,0.05439366,0.216508
11916,stable,0.02525696,0.056088626
11917,stable,0.023198904,0.05975237
11918,stable,0.016334979,0.020446457
11919,stable,0.047348406,0.10923314
11920,falling,0.061418463,0.08877301
11921,falling,0.048109222,0.027463967
11922,falling,0.052261557,0.047101762
11923,falling,0.05693276,0.03629469
11924,falling,0.054923233,0.02183991
11925,stable,0.05985767,0.023055268
11926,stable,0.06806145,0.033783004
11927,stable,0.060439672,0.024598947
11928,stable,0.06382327,0.029311229
11929,stable,0.07685494,0.031130426
11930,stable,0.0836471,0.050987434
11931,stable,0.06502838,0.03829551
11932,stable,0.07685627,0.052038997
11933,rising,0.068279736,0.041029528
11934,rising,0.08267159,0.049397286
11935,rising,0.08654629,0.1743539
11936,rising,0.055230685,0.065316856
11937,stable,0.050687864,0.06904094
11938,stable,0.049025383,0.057751007
11939,stable,0.04725747,0.05034395
11940,stable,0.03617153,0.04404456
11941,stable,0.06138366,0.19679405
11942,stable,0.0354718,0.051662367
11943,stable,0.049743064,0.08326952
11944,falling,0.05413458,0.09553854
11945,falling,0.049937226,0.09135815
11946,falling,0.07174827,0.17142582
11947,falling,0.08247236,0.19293302
11948,falling,0.05629952,0.055855513
11949,falling,0.0633464,0.0622499
11950,stable,0.06464733,0.048065957
11951,stable,0.0597706,0.08193791
11952,stable,0.04048086,0.05812811
11953,stable,0.035021264,0.04762968
11954,stable,0.06545187,0.06016792
11955,stable,0.07012124,0.07734677
11956,stable,0.08457044,0.12914634
11957,rising,0.077121645,0.081451535
11958,rising,0.074165925,0.036247205
11959,rising,0.07872207,0.084391996
11960,rising,0.087907575,0.096783236
11961,stable,0.07614395,0.103097685
11962,rising,0.07375746,0.061013117
11963,stable,0.13260205,0.33671254
11964,stable,0.071431406,0.06364406
11965,stable,0.07003979,0.054071788
11966,stable,0.03665636,0.046937466
11967,stable,0.030187758,0.037653822
11968,falling,0.050599862,0.051257726
11969,falling,0.08817322,0.21193893
11970,falling,0.042337857,0.026729338
11971,falling,0.057197057,0.11056971
11972,falling,0.04494362,0.028835338
11973,falling,0.041367922,0.029838957
11974,stable,0.040125024,0.01817955
11975,stable,0.056690436,0.030429887
11976,stable,0.06731522,0.05937382
11977,stable,0.055860445,0.025529565
11978,stable,0.062627755,0.038619213
11979,stable,0.07872626,0.052541707
11980,rising,0.08218054,0.09413729
11981,rising,0.065624274,0.096998975
11982,rising,0.077867866,0.1484591
11983,rising,0.048609577,0.025318675
11984,rising,0.059301153,0.06312858
11985,rising,0.10140381,0.22473156
11986,stable,0.081767574,0.10630927
11987,stable,0.06154441,0.053123176
11988,stable,0.06962648,0.101538874
11989,stable,0.049356535,0.03800761
11990,stable,0.06676003,0.102925174
11991,falling,0.049903654,0.0592956
11992,stable,0.056283507,0.08050525
11993,falling,0.08806082,0.22291176
11994,falling,0.064332314,0.041030772
11995,falling,0.08804479,0.02507064
11996,falling,0.09920451,0.09143638
11997,falling,0.07139317,0.024110347
11998,stable,0.071823314,0.028535979
11999,stable,0.06705781,0.027225485
12000,stable,0.07158944,0.030333405
12001,stable,0.07766908,0.03695176
12002,stable,0.0806606,0.05247021
12003,stable,0.078496866,0.048372384
12004,rising,0.07615895,0.053533707
12005,rising,0.09146298,0.09949977
12006,rising,0.10267034,0.12634557
12007,rising,0.048208725,0.059530772
12008,rising,0.07691639,0.17502715
12009,rising,0.057683703,0.0609804
12010,stable,0.05692284,0.061657686
12011,stable,0.108087525,0.31768
12012,stable,0.13102798,0.34350798
12013,stable,0.14308082,0.3500128
12014,stable,0.083728805,0.091178656
12015,stable,0.12910508,0.31611827
12016,falling,0.13043383,0.30339253
12017,falling,0.093026035,0.12326798
12018,stable,0.087814994,0.06334502
12019,falling,0.072647125,0.06407769
12020,falling,0.0698352,0.046500564
12021,falling,0.076351255,0.077945136
12022,stable,0.06858558,0.035675056
12023,stable,0.06369903,0.05501842
12024,stable,0.05860803,0.04369948
12025,stable,0.05535925,0.043345757
12026,stable,0.05318212,0.042540483
12027,stable,0.069994524,0.07825545
12028,rising,0.06280155,0.07437059
12029,rising,0.07438791,0.046517078
12030,rising,0.116410345,0.17610872
12031,rising,0.10583844,0.22227927
12032,rising,0.12175456,0.23591463
12033,stable,0.07212708,0.0650165
12034,stable,0.06278292,0.07258135
12035,stable,0.06561987,0.12686495
12036,stable,0.044494938,0.064141415
12037,stable,1.1606554,0.052596737
12038,stable,1.7589937,0.06537769
12039,falling,2.100293,0.108640425
12040,falling,2.2182395,0.15227826
12041,falling,2.252771,0.22036824
12042,falling,2.3685758,0.16224603
12043,falling,2.31133,0.19140215
12044,falling,2.3907573,0.15435909
12045,falling,2.3631284,0.14468193
12046,stable,2.4353673,0.15643051
12047,stable,2.3784356,0.10178495
12048,stable,2.3500624,0.11044556
12049,spike,0.32428074,0.30776712
12050,spike,0.102410085,0.08823967
12051,spike,0.08432338,0.12642063
12052,spike,0.06393162,0.017557897
12053,spike,0.083299726,0.08594259
12054,spike,0.08414819,0.039563973
12055,spike,0.086574234,0.06349153
12056,spike,0.09980223,0.068588324
12057,spike,0.1301508,0.07072799
12058,spike,0.14205718,0.0730822
12059,spike,0.15742002,0.09106656
12060,falling,0.19138564,0.20330991
12061,falling,0.18940264,0.124421336
12062,falling,0.23641199,0.22150019
12063,falling,0.2371258,0.1572632
12064,falling,0.18181303,0.13420402
12065,falling,0.19885181,0.14694162
12066,falling,0.15710656,0.12335154
12067,falling,0.17304191,0.18927905
12068,falling,0.08852475,0.069549225
12069,falling,0.054196097,0.07286937
12070,stable,0.035213877,0.050408367
12071,stable,0.028720008,0.029659986
12072,stable,0.029979562,0.042028286
12073,stable,0.021673834,0.024269072
12074,stable,0.023566207,0.030973416
12075,rising,0.026935972,0.061132256
12076,rising,0.023571385,0.029583855
12077,rising,0.038588952,0.13263792
12078,rising,0.019173404,0.014228959
12079,rising,0.032247894,0.07870567
12080,rising,0.03500199,0.028070562
12081,rising,0.032154582,0.03562722
12082,stable,0.07388075,0.2280433
12083,stable,0.08737706,0.2830433
12084,stable,0.06119664,0.16684376
12085,stable,0.054240055,0.070514485
12086,stable,0.057747472,0.0745254
12087,stable,0.053637974,0.079091035
12088,falling,0.106362544,0.20035203
12089,falling,0.095842406,0.21248156
12090,falling,0.07125263,0.048275635
12091,falling,0.069608785,0.066263795
12092,falling,0.052071605,0.045052584
12093,falling,0.04864439,0.043065585
12094,stable,0.043965932,0.013515383
12095,stable,0.050104935,0.043333203
12096,stable,0.061847948,0.063025914
12097,stable,0.04897743,0.047479324
12098,stable,0.053652838,0.05288953
12099,stable,0.048965063,0.04255728
12100,stable,0.04434831,0.09106081
12101,rising,0.050402936,0.11228333
12102,rising,0.035430074,0.034188524
12103,rising,0.031684864,0.02654026
12104,rising,0.037750002,0.05753042
12105,rising,0.07216593,0.23362947
12106,stable,0.03918515,0.06240375
12107,stable,0.031144084,0.028535232
12108,stable,0.02481091,0.039840806
12109,stable,0.029756447,0.051452935
12110,stable,0.02323902,0.04228049
12111,stable,0.06974901,0.26261392
12112,falling,0.035999026,0.08715649
12113,falling,0.058409862,0.18578012
12114,falling,0.0238393,0.035712812
12115,falling,0.022925043,0.023804704
12116,falling,0.024189688,0.02247583
12117,falling,0.019505227,0.015400777
12118,stable,0.024098154,0.026469417
12119,stable,0.03152646,0.026617404
12120,stable,0.033408556,0.018605275
12121,stable,0.03890745,0.017260378
12122,stable,0.04372312,0.029396586
12123,stable,0.0481225,0.038588848
12124,rising,0.03790011,0.0267035
12125,rising,0.048067193,0.01755704
12126,rising,0.067456685,0.107339054
12127,rising,0.05132909,0.014232894
12128,rising,0.0620747,0.07316083
12129,rising,0.053483464,0.028854104
12130,stable,0.055879794,0.0121715665
12131,stable,0.051471125,0.03135043
12132,stable,0.08979455,0.20831537
12133,stable,0.047466937,0.037533626
12134,stable,0.050457127,0.019298507
12135,stable,0.06787501,0.038018137
12136,falling,0.08670829,0.17618968
12137,falling,0.069534175,0.11860065
12138,falling,0.065226525,0.09961279
12139,falling,0.06594865,0.09887286
12140,falling,0.04874105,0.011814502
12141,stable,0.04538576,0.01069776
12142,falling,0.046410624,0.008502137
12143,stable,0.044037517,0.008036436
12144,stable,0.057094805,0.0637733
12145,stable,0.058558896,0.043422386
12146,stable,0.050999697,0.010731487
12147,rising,0.04128087,0.011352741
12148,stable,0.038662154,0.0060256612
12149,rising,0.040534783,0.008942925
12150,rising,0.037643295,0.0085469065
12151,rising,0.045699272,0.01135081
12152,rising,0.072308294,0.14772241
12153,rising,0.045326967,0.018346762
12154,stable,0.047458228,0.030218609
12155,stable,0.041266087,0.019791603
12156,stable,0.049846433,0.13048732
12157,stable,0.057130482,0.15058582
12158,stable,0.06654514,0.22447827
12159,stable,0.023508344,0.018979762
12160,falling,0.028604286,0.019283129
12161,falling,0.050429273,0.16571198
12162,falling,0.021149995,0.011030454
12163,falling,0.0288047,0.06504968
12164,falling,0.01776466,0.008244497
12165,falling,0.018515117,0.006357632
12166,falling,0.038906105,0.08639791
12167,stable,0.022118323,0.004958557
12168,stable,0.022720894,0.0049470225
12169,stable,0.02328091,0.005292818
12170,stable,0.025895929,0.021169594
12171,stable,0.038706493,0.088340655
12172,rising,0.038253058,0.011551942
12173,rising,0.056643903,0.09143086
12174,rising,0.036392327,0.019208193
12175,rising,0.053283926,0.1058592
12176,rising,0.033904724,0.024798024
12177,rising,0.033426784,0.008580076
12178,stable,0.05021111,0.0731447
12179,stable,0.05503965,0.14799738
12180,stable,0.031210626,0.013720993
12181,stable,0.0333081,0.01279154
12182,stable,0.047211125,0.015495551
12183,stable,0.04097576,0.014947352
12184,falling,0.030211367,0.018580223
12185,falling,0.026145177,0.01053455
12186,falling,0.030776782,0.014458358
12187,falling,0.03949472,0.017525394
12188,falling,0.054014344,0.046532042
12189,stable,0.048902504,0.07977476
12190,stable,0.027157282,0.007737834
12191,stable,0.029810784,0.008390168
12192,stable,0.026073845,0.0043002693
12193,stable,0.037078056,0.013060166
12194,stable,0.030257544,0.032091863
12195,stable,0.048202146,0.12677647
12196,stable,0.036577776,0.01225814
12197,rising,0.036948647,0.01878429
12198,rising,0.02334739,0.008043626
12199,rising,0.03993912,0.022406349
12200,rising,0.035019364,0.012793728
12201,rising,0.05154908,0.10855506
12202,stable,0.032208122,0.007211465
12203,stable,0.04777783,0.11142189
12204,stable,0.031116243,0.014508575
12205,stable,0.022275746,0.0048220158
12206,stable,0.043042947,0.11283748
12207,stable,0.022202766,0.007160864
12208,falling,0.042018034,0.08233958
12209,falling,0.030375702,0.010652563
12210,falling,0.025565015,0.008900834
12211,falling,0.013625834,0.0045995
12212,falling,0.021284016,0.014771019
12213,stable,0.027960332,0.008552303
12214,stable,0.03210431,0.00451451
12215,stable,0.03557994,0.012504036
12216,stable,0.034743484,0.012219099
12217,stable,0.037562195,0.03472779
12218,stable,0.033575185,0.014280298
12219,stable,0.05107983,0.049420808
12220,rising,0.052616272,0.012668903
12221,rising,0.05018152,0.014128624
12222,rising,0.046860117,0.008603978
12223,rising,0.046521742,0.009378992
12224,rising,0.056090225,0.005822879
12225,stable,0.07415814,0.08169294
12226,rising,0.048581015,0.008132306
12227,stable,0.0454123,0.010153276
12228,stable,0.056034192,0.011485071
12229,stable,0.067766346,0.06956541
12230,stable,0.08494455,0.07336299
12231,stable,0.05850659,0.0072033824
12232,falling,0.07702087,0.11748764
12233,falling,0.062155332,0.023888513
12234,falling,0.059817456,0.024728399
12235,falling,0.059874456,0.008118693
12236,stable,0.06942973,0.010683041
12237,falling,0.052153163,0.01719506
12238,stable,0.07728861,0.1674512
12239,stable,0.049972303,0.01987668
12240,stable,0.05125966,0.041907527
12241,stable,0.07876984,0.185935
12242,stable,0.039728872,0.015414641
12243,stable,0.03688931,0.008607769
12244,rising,0.06640382,0.1370821
12245,rising,0.04441796,0.010584184
12246,rising,0.051676415,0.016014917
12247,rising,0.05899606,0.030459937
12248,rising,0.040394112,0.014044044
12249,rising,0.04030371,0.015312669
12250,rising,0.040097468,0.048787672
12251,stable,0.04606007,0.030508397
12252,stable,0.04014233,0.016677411
12253,stable,0.049260497,0.026834615
12254,stable,0.036214646,0.011489544
12255,stable,0.03495344,0.017516334
12256,falling,0.03220512,0.0182432
12257,falling,0.04232246,0.064103596
12258,falling,0.052210066,0.12925729
12259,falling,0.025636848,0.019128693
12260,falling,0.025712302,0.0117299585
12261,falling,0.047018487,0.12021302
12262,stable,0.037313856,0.041938365
12263,stable,0.026129788,0.018745441
12264,stable,0.026960436,0.018227754
12265,stable,0.06471734,0.18840204
12266,stable,0.028106017,0.028667854
12267,stable,0.023818959,0.022395425
12268,rising,0.030919379,0.015874607
12269,rising,0.030707473,0.016198328
12270,rising,0.04629489,0.11217992
12271,rising,0.02721163,0.014361397
12272,rising,0.027234675,0.017056474
12273,rising,0.02470189,0.019089196
12274,stable,0.022714049,0.015133431
12275,stable,0.02090847,0.01151169
12276,stable,0.031376418,0.025861878
12277,stable,0.035338093,0.050194833
12278,stable,0.02906802,0.030939646
12279,stable,0.03020813,0.026243106
12280,stable,0.043128096,0.09961974
12281,falling,0.024414806,0.025351897
12282,falling,0.031041972,0.027225338
12283,falling,0.03586551,0.040868007
12284,falling,0.04051284,0.027046733
12285,falling,0.062347494,0.07157522
12286,stable,0.05238108,0.011932581
12287,stable,0.0548063,0.014032085
12288,stable,0.049951438,0.036038887
12289,stable,0.080745205,0.19597884
12290,stable,0.08896363,0.20140259
12291,stable,0.06386122,0.021925835
12292,rising,0.068614274,0.022692354
12293,rising,0.09086994,0.16170417
12294,rising,0.07599351,0.12766512
12295,rising,0.064947054,0.050406385
12296,rising,0.053570524,0.0903899
12297,stable,0.032290693,0.011433135
12298,stable,0.027727256,0.015188303
12299,stable,0.031167882,0.015794408
12300,stable,0.029919084,0.014634953
12301,stable,0.027714115,0.02150526
12302,stable,0.017733296,0.019243699
12303,falling,0.02999822,0.02523058
12304,falling,0.031046148,0.011795776
12305,falling,0.03653836,0.028255224
12306,falling,0.0327974,0.012663506
12307,falling,0.03258531,0.017174648
12308,falling,0.059113123,0.16124299
12309,falling,0.03558022,0.027325308
12310,stable,0.041914877,0.04211413
12311,stable,0.042198718,0.022655765
12312,stable,0.04480024,0.035564043
12313,stable,0.04838168,0.06717842
12314,stable,0.06642978,0.14589454
12315,stable,0.03625858,0.04631997
12316,rising,0.07277281,0.20979853
12317,rising,0.05657314,0.14071791
12318,rising,0.038602512,0.038066104
12319,rising,0.03053143,0.012759961
12320,rising,0.035359167,0.020966629
12321,stable,0.036845002,0.029559925
12322,stable,0.03525056,0.030757569
12323,stable,0.031149214,0.013712837
12324,stable,0.03382992,0.033323523
12325,stable,0.03367824,0.040593427
12326,stable,0.029510561,0.051150188
12327,falling,0.036384843,0.025354806
12328,falling,0.028878452,0.046742328
12329,falling,0.034233287,0.041963927
12330,falling,0.029654913,0.018907577
12331,falling,0.06812657,0.17350672
12332,falling,0.07178148,0.19982077
12333,falling,0.038841743,0.028117219
12334,stable,0.069512084,0.20929065
12335,stable,0.06359372,0.13301586
12336,stable,0.042792924,0.015870323
12337,stable,0.08746025,0.22456563
12338,stable,0.058982898,0.09011513
12339,stable,0.07681077,0.19750634
12340,rising,0.046220265,0.031178521
12341,rising,0.059086815,0.074213825
12342,rising,0.03780096,0.019616984
12343,rising,0.030758683,0.006185306
12344,rising,0.036232565,0.0245717
12345,rising,0.029392665,0.028819352
12346,stable,0.03028379,0.016296264
12347,stable,0.031993378,0.0364435
12348,stable,0.029028479,0.022582566
12349,stable,0.031402424,0.033577055
12350,stable,0.029963894,0.027737537
12351,stable,0.034926224,0.034604657
12352,falling,0.034995615,0.031001747
12353,falling,0.038151525,0.02806998
12354,falling,0.041901164,0.033691555
12355,falling,0.036615793,0.04677509
12356,falling,0.033114992,0.025475055
12357,falling,0.03244125,0.01987131
12358,stable,0.06371281,0.12648423
12359,stable,0.06959383,0.18729599
12360,stable,0.04286379,0.04503687
12361,stable,0.045396294,0.045908418
12362,stable,0.047057465,0.03527349
12363,stable,0.07891853,0.20407778
12364,stable,0.0711674,0.19182569
12365,rising,0.061393145,0.15896635
12366,rising,0.038070105,0.028466731
12367,rising,0.042294104,0.028025443
12368,rising,0.045812376,0.05762901
12369,rising,0.042456318,0.032390736
12370,rising,0.033500683,0.04009139
12371,stable,0.034089636,0.02154359
12372,stable,0.03650178,0.023450943
12373,stable,0.03065917,0.031861003
12374,stable,0.028895607,0.023145624
12375,stable,0.029903708,0.023971977
12376,falling,0.031960662,0.019740306
12377,falling,0.030918421,0.020487983
12378,falling,0.032459557,0.011725903
12379,falling,0.04637031,0.114586994
12380,falling,0.06886097,0.16583604
12381,falling,0.06635646,0.12649392
12382,stable,0.038888615,0.01962483
12383,stable,0.07339012,0.1849426
12384,stable,0.05363637,0.070833124
12385,stable,0.054405216,0.04321792
12386,stable,0.062866874,0.1117188
12387,stable,0.07692949,0.19545473
12388,rising,0.05076467,0.04721542
12389,rising,0.05123826,0.059804823
12390,rising,0.04695672,0.020229097
12391,rising,0.065991856,0.10575435
12392,rising,0.04615588,0.03307121
12393,rising,0.042227946,0.022486323
12394,rising,0.042990286,0.023990149
12395,stable,0.04240117,0.019831728
12396,stable,0.054095883,0.018244784
12397,stable,0.04104979,0.012909653
12398,stable,0.045877736,0.06552011
12399,stable,0.041585196,0.02918699
12400,falling,0.062251166,0.09590341
12401,falling,0.046101976,0.027281867
12402,falling,0.036669757,0.0122338105
12403,falling,0.038707156,0.016613673
12404,falling,0.07162809,0.058019087
12405,falling,0.06575322,0.043876965
12406,stable,0.10251316,0.2072878
12407,stable,0.046335563,0.02154365
12408,stable,0.048451304,0.054960053
12409,stable,0.057901304,0.07260911
12410,stable,0.07759083,0.20658033
12411,stable,0.044524144,0.038363352
12412,rising,0.04484365,0.02397707
12413,rising,0.052935995,0.048488483
12414,rising,0.07868946,0.16840552
12415,rising,0.052803602,0.06590428
12416,rising,0.03599876,0.038382098
12417,stable,0.02625861,0.013826069
12418,stable,0.025710989,0.019590655
12419,stable,0.024099268,0.016084401
12420,stable,0.029016126,0.01723294
12421,stable,0.023153178,0.032298934
12422,stable,0.026825743,0.022456612
12423,stable,0.025062999,0.024127893
12424,stable,0.028424041,0.034627482
12425,falling,0.028588396,0.014042116
12426,falling,0.037384983,0.030401869
12427,falling,0.7595141,0.21208864
12428,falling,1.0278018,0.34765625
12429,falling,1.1606959,0.46682456
12430,stable,1.1906847,0.14113167
12431,stable,1.3129884,0.24173945
12432,stable,1.2816643,0.15985022
12433,stable,1.3073906,0.26647004
12434,stable,1.4121878,0.61737466
12435,stable,1.3534484,0.577615
12436,rising,1.2973219,0.36179224
12437,rising,1.3368589,0.1437205
12438,rising,1.3585376,0.13800514
12439,spike,0.24975194,0.365915
12440,spike,0.10794922,0.07610746
12441,spike,0.100821376,0.096144125
12442,spike,0.08810972,0.05105973
12443,spike,0.08463313,0.040513434
12444,spike,0.065923594,0.029263083
12445,spike,0.07037208,0.03260165
12446,spike,0.07642679,0.038133584
12447,spike,0.04084399,0.04130619
12448,spike,0.052162904,0.08801678
12449,spike,0.044693895,0.07025123
12450,falling,0.055818453,0.11865222
12451,falling,0.055697866,0.08907351
12452,falling,0.04013555,0.031994
12453,falling,0.046406742,0.07836466
12454,falling,0.057292953,0.07282973
12455,stable,0.055031475,0.051658522
12456,stable,0.05062687,0.014735946
12457,stable,0.048771217,0.021688668
12458,stable,0.038323402,0.010515874
12459,stable,0.037964772,0.013086041
12460,rising,0.037698306,0.014390639
12461,rising,0.05332448,0.017251104
12462,rising,0.05099376,0.01845261
12463,rising,0.07080493,0.076159164
12464,rising,0.07138948,0.060388073
12465,rising,0.04096574,0.013411484
12466,stable,0.040134497,0.04182899
12467,stable,0.03643066,0.009008023
12468,stable,0.0477506,0.060894746
12469,stable,0.049987327,0.07037548
12470,stable,0.041351322,0.025453148
12471,stable,0.039024673,0.027985152
12472,falling,0.040661074,0.019337477
12473,falling,0.034088526,0.031522255
12474,falling,0.02730158,0.018283146
12475,falling,0.024637545,0.03936944
12476,falling,0.023324857,0.035113413
12477,falling,0.023312807,0.035336487
12478,stable,0.056223366,0.20619327
12479,stable,0.026185222,0.042083398
12480,stable,0.024040591,0.036230206
12481,stable,0.021878118,0.013898647
12482,stable,0.020333426,0.01615573
12483,stable,0.02833633,0.045569032
12484,rising,0.05612655,0.015029665
12485,rising,0.06162185,0.020948995
12486,rising,0.064542346,0.036976337
12487,rising,0.07108306,0.018237516
12488,rising,0.08999953,0.038375214
12489,rising,0.08170472,0.021573555
12490,stable,0.08524123,0.026300548
12491,stable,0.10657161,0.040701523
12492,stable,0.10450026,0.024423838
12493,stable,0.111174576,0.03045137
12494,stable,0.11281184,0.041056704
12495,stable,0.10426191,0.025256285
12496,falling,0.05681948,0.019016676
12497,falling,0.063323595,0.029502599
12498,falling,0.0590621,0.021371238
12499,falling,0.06537806,0.12389945
12500,falling,0.032926317,0.019742416
12501,falling,0.031343326,0.008555372
12502,falling,1.5097264,0.044713892
12503,stable,2.3185987,0.10523851
12504,stable,2.6619425,0.14086004
12505,stable,2.771208,0.19013025
12506,stable,2.841752,0.26548296
12507,rising,4.6319885,0.34132817
12508,rising,5.514073,0.2901397
12509,rising,5.971795,0.29917592
12510,rising,6.22916,0.2855532
12511,rising,6.2860613,0.36147523
12512,rising,6.3157434,0.22330278
12513,rising,6.410355,0.20528007
12514,spike,2.9875445,0.6634856
12515,spike,2.4260623,0.27896434
12516,spike,2.3113186,0.24267985
12517,spike,2.3085282,0.23566364
12518,spike,2.318844,0.23023972
12519,spike,0.35592887,0.30655125
12520,spike,0.10173173,0.148578
12521,spike,0.10252003,0.20372546
12522,spike,0.06754523,0.107061535
12523,spike,0.09246721,0.23334484
12524,spike,0.05245721,0.059284367
12525,spike,0.11874798,0.33741024
12526,spike,0.061014954,0.06719076
12527,spike,0.089446954,0.0846481
12528,spike,0.13494104,0.19839013
12529,spike,0.13886708,0.15104847
12530,falling,0.19839737,0.30555055
12531,falling,0.21366954,0.25690752
12532,stable,0.26475433,0.33009237
12533,stable,0.2676557,0.33740446
12534,stable,0.29633743,0.37951145
12535,rising,0.3242065,0.41642222
12536,rising,0.3085423,0.3625205
12537,rising,0.31036124,0.3510538
12538,rising,0.27715668,0.30773082
12539,stable,0.20875122,0.2104058
12540,stable,0.19486918,0.17115971
12541,stable,0.17634368,0.124386035
12542,stable,0.18828815,0.15077436
12543,falling,0.14309606,0.14434315
12544,falling,0.11140243,0.03697542
12545,falling,0.12335669,0.06311347
12546,falling,0.09501972,0.0589576
12547,falling,0.0892173,0.09534286
12548,falling,0.089407735,0.059559956
12549,falling,0.09964046,0.05630863
12550,stable,0.10593482,0.052689042
12551,stable,0.109771244,0.057588987
12552,stable,0.08241608,0.038758308
12553,stable,0.1000331,0.06812521
12554,stable,0.09119356,0.0950639
12555,stable,0.09354132,0.06979232
12556,rising,0.11784553,0.10873337
12557,rising,0.1044908,0.08328152
12558,rising,0.11641041,0.11143978
12559,rising,0.1435724,0.15284176
12560,rising,0.067528024,0.07245734
12561,rising,0.051730223,0.06617834
12562,stable,0.065865,0.0761091
12563,stable,0.06527329,0.101436734
12564,stable,0.04855695,0.029072769
12565,stable,0.04743113,0.023661004
12566,stable,0.081089854,0.15671283
12567,stable,0.04268765,0.0074853203
12568,falling,0.046149183,0.009790856
12569,falling,0.08184194,0.1599216
12570,falling,0.053175934,0.0175713
12571,falling,0.06674256,0.11950253
12572,falling,0.04488537,0.010527156
12573,falling,0.051697355,0.007319878
12574,stable,0.05168383,0.0046982993
12575,stable,0.059234343,0.06457076
12576,stable,0.0417399,0.011906577
12577,stable,0.038182206,0.01372443
12578,stable,0.04163966,0.021579653
12579,stable,0.058233436,0.016002616
12580,rising,0.059950966,0.01621311
12581,rising,0.08823881,0.12911
12582,rising,0.06290281,0.013387115
12583,rising,0.06507526,0.015173527
12584,rising,0.10781315,0.12046724
12585,rising,0.06974835,0.02369917
12586,stable,0.09118917,0.037722792
12587,stable,0.09817191,0.17428249
12588,stable,0.064416766,0.062402308
12589,stable,0.050811067,0.02196396
12590,stable,0.049487516,0.020126108
12591,falling,0.037730165,0.023668062
12592,falling,0.06953571,0.13199562
12593,falling,0.054371394,0.035097554
12594,falling,0.053900264,0.115852535
12595,falling,0.043238517,0.08802364
12596,falling,0.029704897,0.024293276
12597,falling,0.026784958,0.023440203
12598,stable,0.031510193,0.045214057
12599,stable,0.035784923,0.045480493
12600,stable,0.037419897,0.05419805
12601,stable,0.031142585,0.03844949
12602,stable,0.027733635,0.016039003
12603,stable,0.029460208,0.021425512
12604,rising,0.02824184,0.020084709
12605,rising,0.046255555,0.10231669
12606,rising,0.053772293,0.102204606
12607,rising,0.043048766,0.018626599
12608,rising,0.04499497,0.016298112
12609,rising,0.049822714,0.032058194
12610,stable,0.038521774,0.024175163
12611,stable,0.04956193,0.03827295
12612,stable,0.057248835,0.018307988
12613,stable,0.046725865,0.011666822
12614,stable,0.04728008,0.019333709
12615,stable,0.08346128,0.17335299
12616,stable,0.07493549,0.14158472
12617,falling,0.049795307,0.020388298
12618,falling,0.084583744,0.10474866
12619,falling,0.0808001,0.1292123
12620,falling,0.063899145,0.06480893
12621,falling,0.05322238,0.014568659
12622,stable,0.059420466,0.024958096
12623,stable,0.055575646,0.013526689
12624,stable,0.042702664,0.010281604
12625,stable,0.045469426,0.024542727
12626,stable,0.06498971,0.055519186
12627,stable,0.050386705,0.020462759
12628,rising,0.046118774,0.014408296
12629,rising,0.050900973,0.021366647
12630,rising,0.054229207,0.07494143
12631,rising,0.038656052,0.034080554
12632,rising,0.035138562,0.018518984
12633,rising,0.048797645,0.072733134
12634,stable,0.05686052,0.077273674
12635,stable,0.053460184,0.04957773
12636,stable,0.048973754,0.02736155
12637,stable,0.06294712,0.07577555
12638,stable,0.032614004,0.025172006
12639,stable,0.05614257,0.05167454
12640,falling,0.082959175,0.20476331
12641,falling,0.08188479,0.19659317
12642,falling,0.049389973,0.06438203
12643,falling,0.067832194,0.15346915
12644,falling,0.0552146,0.08302176
12645,falling,0.04091668,0.03673304
12646,falling,0.037398577,0.04680454
12647,stable,0.03170618,0.007522974
12648,stable,0.03760209,0.030621
12649,stable,0.042166837,0.012778443
12650,stable,0.046315372,0.024208756
12651,stable,0.06360425,0.08200053
12652,stable,0.06229076,0.036780436
12653,rising,0.05559606,0.041421358
12654,rising,0.070004344,0.053726804
12655,rising,0.066004165,0.027090173
12656,rising,0.08759521,0.109777726
12657,rising,0.11244015,0.22460431
12658,rising,0.11037338,0.25615087
12659,stable,0.12326325,0.27335265
12660,stable,0.07140025,0.052511316
12661,stable,0.09451829,0.047219023
12662,stable,0.065210395,0.03361912
12663,stable,0.10388945,0.2738473
12664,falling,0.061537724,0.054672107
12665,falling,0.05103882,0.008937785
12666,falling,0.056777027,0.052716564
12667,falling,0.07887256,0.17196861
12668,falling,0.053378507,0.034554545
12669,falling,0.05984483,0.06345609
12670,stable,0.051701885,0.012837157
12671,stable,0.05993821,0.01727506
12672,stable,0.07223377,0.032546703
12673,stable,0.09022764,0.0366265
12674,stable,0.13358013,0.05193488
12675,rising,0.105946064,0.04187404
12676,rising,0.1265988,0.04335213
12677,rising,0.13317584,0.07730384
12678,rising,0.16663964,0.14813116
12679,rising,0.17010261,0.05185534
12680,rising,0.13953558,0.059558634
12681,stable,0.15539278,0.14111902
12682,stable,0.15714048,0.27549955
12683,stable,0.103017,0.060650147
12684,stable,0.12746705,0.2952325
12685,stable,0.063472874,0.033724204
12686,stable,0.06608532,0.028842146
12687,stable,0.08752198,0.13405605
12688,falling,0.075533986,0.109420925
12689,falling,0.06939022,0.055523552
12690,falling,0.07316809,0.05467694
12691,falling,0.09223965,0.122687824
12692,falling,0.07133067,0.04599152
12693,falling,0.054367784,0.06886
12694,stable,0.04971594,0.037223697
12695,stable,0.06080232,0.039033618
12696,stable,0.051365566,0.05360765
12697,stable,0.052538037,0.06672179
12698,stable,0.046333443,0.05119282
12699,rising,0.051146578,0.06902242
12700,stable,0.054283097,0.08048387
12701,rising,0.058137953,0.112429366
12702,rising,0.046431556,0.09781275
12703,rising,0.05136468,0.099282116
12704,rising,0.049888,0.09813381
12705,stable,0.037817582,0.04272963
12706,stable,0.08306374,0.29767162
12707,stable,0.035187375,0.07203788
12708,stable,0.039049648,0.040721383
12709,stable,0.045316484,0.053655848
12710,stable,0.042949013,0.038868785
12711,stable,0.04804832,0.04721594
12712,falling,0.049018383,0.055027362
12713,falling,0.04619519,0.025345515
12714,falling,0.054275587,0.0636579
12715,falling,0.07846986,0.15566266
12716,falling,0.05006414,0.031945217
12717,falling,0.050344512,0.030513586
12718,stable,0.052761976,0.029923232
12719,stable,0.056065075,0.041359425
12720,stable,0.05549816,0.04315014
12721,stable,0.04743621,0.028312868
12722,stable,0.03625243,0.024753325
12723,stable,0.043244503,0.028752597
12724,rising,0.047473636,0.05620828
12725,rising,0.04828508,0.04908527
12726,rising,0.08850761,0.16722885
12727,rising,0.078984946,0.16051963
12728,rising,0.068400465,0.076041915
12729,rising,0.06550593,0.06687363
12730,stable,0.0744665,0.09550873
12731,stable,0.06872061,0.060533114
12732,stable,0.102961145,0.17542087
12733,stable,0.078381285,0.06647076
12734,stable,0.07429424,0.057034343
12735,stable,0.13701501,0.32104272
12736,falling,0.073083416,0.07305137
12737,falling,0.044179015,0.07373031
12738,falling,0.07204106,0.1819347
12739,falling,0.063372605,0.078528136
12740,falling,0.080146976,0.10641324
12741,falling,0.061885674,0.025072556
12742,stable,0.05125083,0.0124122845
12743,stable,0.057953246,0.025464222
12744,stable,0.060097285,0.034275476
12745,stable,0.06460713,0.04362757
12746,stable,0.07698454,0.055513594
12747,stable,0.08399166,0.05563363
12748,rising,0.08993975,0.060702715
12749,rising,0.09605451,0.09406715
12750,rising,0.084575385,0.055902902
12751,rising,0.118454605,0.21277103
12752,rising,0.060513057,0.057083074
12753,rising,0.09132685,0.1567368
12754,rising,0.075438574,0.06460403
12755,stable,0.08559661,0.2582795
12756,stable,0.041433886,0.05446154
12757,stable,0.052610256,0.15211077
12758,stable,0.034700282,0.052225113
12759,stable,0.07891069,0.2859688
12760,stable,0.07196779,0.2646945
12761,falling,0.045040317,0.05458683
12762,falling,0.07498167,0.23076567
12763,falling,0.036779217,0.06519241
12764,falling,0.048582602,0.08200367
12765,falling,0.0357319,0.03750694
12766,stable,0.034961797,0.04328413
12767,stable,0.05448425,0.061251424
12768,stable,0.048406377,0.01944602
12769,stable,0.058305185,0.023296684
12770,stable,0.054328647,0.061477948
12771,stable,0.06514061,0.058292434
12772,stable,0.06051713,0.059339102
12773,rising,0.07381189,0.13358386
12774,rising,0.058604438,0.064193495
12775,rising,0.07965501,0.139015
12776,rising,0.054442503,0.047293358
12777,rising,0.06092094,0.10605958
12778,stable,0.07299308,0.15563604
12779,stable,0.053013925,0.11781915
12780,stable,0.05041606,0.0997311
12781,stable,0.07164266,0.20919909
12782,stable,0.049829606,0.09317418
12783,stable,0.021453794,0.040733177
12784,stable,0.069010586,0.24351639
12785,falling,0.06548436,0.22482248
12786,falling,0.044105813,0.101409756
12787,falling,0.0440975,0.13509694
12788,falling,0.02804837,0.032686014
12789,falling,0.02638385,0.031276196
12790,stable,0.030216945,0.03144458
12791,stable,0.02835142,0.02429822
12792,stable,0.03043426,0.030349834
12793,stable,0.027412146,0.022711478
12794,stable,0.026119381,0.031893414
12795,stable,0.03853841,0.072525434
12796,rising,0.02554956,0.014678337
12797,rising,0.02454369,0.052809305
12798,rising,0.016636861,0.014658484
12799,rising,0.03614401,0.087684356
12800,rising,0.021623824,0.039014596
12801,rising,0.056299306,0.21362448
12802,rising,0.023014277,0.03418843
12803,stable,0.07980441,0.2848982
12804,stable,0.039059058,0.03734842
12805,stable,0.09834345,0.27928758
12806,stable,0.058439605,0.07389782
12807,stable,0.06274354,0.04433293
12808,falling,0.060654756,0.042211905
12809,falling,0.0963204,0.24239537
12810,falling,0.09880684,0.20141426
12811,falling,0.06868238,0.066748306
12812,falling,0.08671825,0.13419846
12813,falling,0.07472748,0.047304563
12814,stable,0.06438758,0.018221928
12815,stable,0.075885534,0.01204195
12816,stable,0.09931914,0.027449185
12817,stable,0.063373946,0.042111743
12818,stable,0.07038701,0.058763627
12819,stable,0.059691496,0.03802253
12820,rising,0.05809903,0.032968298
12821,rising,0.05463864,0.028186874
12822,rising,0.045327708,0.005905673
12823,rising,0.07656718,0.13704737
12824,rising,0.052352324,0.03010101
12825,rising,0.06491294,0.06793599
12826,rising,0.05601938,0.040524546
12827,stable,0.042202212,0.058576766
12828,stable,0.03959393,0.05604849
12829,stable,0.04914466,0.053534083
12830,stable,0.044302277,0.018633462
12831,stable,0.03773804,0.018570393
12832,falling,0.03986223,0.021126518
12833,falling,0.040886633,0.028127613
12834,falling,0.056879606,0.13717422
12835,falling,0.03145575,0.011724268
12836,falling,0.032109812,0.011215149
12837,falling,0.030393966,0.01177954
12838,stable,0.029557269,0.012637464
12839,stable,0.0332198,0.010770725
12840,stable,0.038811453,0.027393404
12841,stable,0.030054303,0.03817515
12842,stable,0.0236777,0.02787055
12843,stable,0.0252744,0.047236014
12844,rising,0.025930988,0.035131652
12845,rising,0.038506076,0.08720078
12846,rising,0.029369522,0.03452784
12847,rising,0.03732001,0.084865965
12848,rising,0.05013513,0.13741086
12849,rising,0.036833115,0.05160469
12850,stable,0.033718646,0.034370817
12851,stable,0.054387257,0.14044532
12852,stable,0.03613013,0.035722967
12853,stable,0.03264901,0.012630147
12854,stable,0.03680705,0.029376812
12855,stable,0.05782677,0.143236
12856,falling,0.07441416,0.17676796
12857,falling,0.03625873,0.036369722
12858,falling,0.06603755,0.15810233
12859,falling,0.0347077,0.014218386
12860,falling,0.0546383,0.09382033
12861,falling,0.03384993,0.016591918
12862,stable,0.05367711,0.0152997365
12863,stable,0.056589987,0.026780816
12864,stable,0.059006967,0.014981333
12865,stable,0.054755267,0.011772016
12866,stable,0.06049628,0.046269063
12867,rising,0.06866389,0.028421689
12868,stable,0.067020826,0.09000681
12869,rising,0.06067154,0.009247132
12870,rising,0.08303487,0.08994539
12871,rising,0.071400486,0.041674305
12872,rising,0.062277026,0.02598661
12873,rising,0.05917108,0.032220777
12874,stable,0.04823136,0.026629288
12875,stable,0.051371906,0.013580117
12876,stable,0.043057185,0.028153779
12877,stable,0.07081887,0.15702362
12878,stable,0.08976102,0.22012742
12879,stable,0.06847205,0.09323912
12880,falling,0.079491846,0.10688577
12881,falling,0.039704382,0.013353172
12882,falling,0.06600357,0.168118
12883,falling,0.056792177,0.14114656
12884,falling,0.040618412,0.015875597
12885,stable,0.035345078,0.02238192
12886,stable,0.047945704,0.0104752965
12887,stable,0.077697955,0.070475124
12888,stable,0.057897698,0.010391603
12889,stable,0.050155476,0.012317718
12890,stable,0.05146093,0.008461689
12891,rising,0.0633931,0.08488689
12892,stable,0.048031893,0.011452064
12893,rising,0.044257827,0.0094479965
12894,rising,0.05632273,0.028438449
12895,rising,0.0560215,0.06875843
12896,rising,0.06271592,0.09905754
12897,rising,0.05352731,0.011191233
12898,stable,0.06406208,0.016116356
12899,stable,0.02522759,0.012819638
12900,stable,0.037147682,0.05736516
12901,stable,0.029969685,0.009645552
12902,stable,0.04603539,0.13980363
12903,stable,0.025527772,0.0131376255
12904,falling,0.027926935,0.013870992
12905,falling,0.028102579,0.009288924
12906,falling,0.027287034,0.01503914
12907,falling,0.028490506,0.008279402
12908,falling,0.036888726,0.012702982
12909,stable,0.027801026,0.010820634
12910,stable,0.027773151,0.0043471595
12911,stable,0.027328767,0.005579119
12912,stable,0.028703136,0.0054834154
12913,stable,0.026919814,0.004987146
12914,stable,0.050803576,0.09184572
12915,stable,0.03161387,0.0036088594
12916,rising,0.047872033,0.009832607
12917,rising,0.045786746,0.011658636
12918,rising,0.061857726,0.08513282
12919,rising,0.03961589,0.020407002
12920,rising,0.057096496,0.123160616
12921,rising,0.041079994,0.015570315
12922,stable,0.03505439,0.012492893
12923,stable,0.042645685,0.012663344
12924,stable,0.041611895,0.008791032
12925,stable,0.03820942,0.010341481
12926,stable,0.057289395,0.10206456
12927,stable,0.048472743,0.014583138
12928,stable,0.040736847,0.071961164
12929,falling,0.023694735,0.010219163
12930,falling,0.022689225,0.008160678
12931,falling,0.031831577,0.014246853
12932,falling,0.045254894,0.016639337
12933,stable,0.035762142,0.009143369
12934,stable,0.04585276,0.012853712
12935,stable,0.05125862,0.05679812
12936,stable,0.065311894,0.106244124
12937,stable,0.057583187,0.05772612
12938,stable,0.056400366,0.023713766
12939,stable,0.056695506,0.01891652
12940,rising,0.05335463,0.022994421
12941,rising,0.059466086,0.02196395
12942,rising,0.067710124,0.027021417
12943,rising,0.057592813,0.023164723
12944,rising,0.036119573,0.023200564
12945,rising,0.036672913,0.013531317
12946,stable,0.033435248,0.019797606
12947,stable,0.0429558,0.059482947
12948,stable,0.02763482,0.015128405
12949,stable,0.04022704,0.07193428
12950,stable,0.031950846,0.014247231
12951,stable,0.029484862,0.016738815
12952,falling,0.029795142,0.016582731
12953,falling,0.032674707,0.028065683
12954,falling,0.032004707,0.021040743
12955,falling,0.029806936,0.010895541
12956,falling,0.032024525,0.020000894
12957,falling,0.022564303,0.0069629475
12958,stable,0.030030487,0.02074421
12959,stable,0.057893626,0.14969923
12960,stable,0.027702367,0.01161697
12961,stable,0.036157865,0.01497811
12962,stable,0.05111432,0.14286079
12963,stable,0.03033135,0.03058799
12964,rising,0.047535125,0.015928587
12965,rising,0.033580165,0.012319446
12966,rising,0.039952755,0.020770168
12967,rising,0.051269803,0.107962646
12968,rising,0.05101885,0.08943739
12969,rising,0.040417474,0.008575725
12970,stable,0.04221863,0.014523397
12971,stable,0.04282043,0.013465069
12972,stable,0.055180915,0.07709316
12973,stable,0.040945116,0.006667315
12974,stable,0.042442128,0.011491476
12975,stable,0.058108315,0.08628933
12976,stable,0.057318084,0.025870325
12977,falling,0.05954848,0.04209477
12978,falling,0.07141964,0.12748146
12979,falling,0.055023447,0.018888926
12980,falling,0.06386495,0.012754356
12981,falling,0.07203019,0.01861303
12982,falling,0.07618954,0.01945187
12983,stable,0.068905495,0.022307133
12984,stable,0.07491305,0.048540175
12985,stable,0.09283246,0.17757724
12986,stable,0.06467902,0.01409787
12987,stable,0.073863484,0.017568633
12988,rising,0.066450536,0.011443271
12989,rising,0.050940137,0.0147188455
12990,rising,0.07627749,0.116655305
12991,rising,0.0805383,0.111649506
12992,rising,0.049672145,0.08827309
12993,rising,0.04148834,0.02695704
12994,stable,0.040790066,0.009329296
12995,stable,0.028033864,0.005824469
12996,stable,0.044330206,0.06494442
12997,stable,0.044557177,0.07248438
12998,stable,0.027734952,0.012721462
12999,stable,0.024593486,0.010292152
13000,stable,0.024283597,0.011048734
13001,falling,0.045968182,0.11719308
13002,falling,0.02684935,0.0076517244
13003,falling,0.032141518,0.10253548
13004,falling,0.019783728,0.019217642
13005,falling,0.015910318,0.021786358
13006,stable,0.015313286,0.016447755
13007,stable,0.032711618,0.05527377
13008,stable,0.02969862,0.044405576
13009,stable,0.06317668,0.21198487
13010,stable,1.627018,0.12178772
13011,stable,2.3935401,0.19783172
13012,rising,2.810047,0.15882856
13013,rising,2.9613295,0.17044838
13014,rising,3.140458,0.21567418
13015,rising,3.1733093,0.4069445
13016,rising,3.1816761,0.14598341
13017,rising,3.2524307,0.1743023
13018,stable,3.2361877,0.2202396
13019,stable,3.081973,0.23221166
13020,stable,3.0574186,0.12860057
13021,stable,3.1842725,0.14544119
13022,spike,0.42756557,0.50274646
13023,spike,0.11841794,0.12933822
13024,spike,0.10227973,0.13421385
13025,spike,0.089494035,0.10609362
13026,spike,0.14764385,0.4005062
13027,spike,0.14004777,0.31570736
13028,spike,0.074669376,0.069137
13029,spike,0.07911138,0.07394857
13030,spike,0.107840486,0.220878
13031,spike,0.12852255,0.30015677
13032,spike,0.14159518,0.29851562
13033,falling,0.11234581,0.12770143
13034,falling,0.13839507,0.20612828
13035,stable,0.11723919,0.061608024
13036,stable,0.13873535,0.14209434
13037,stable,0.09880049,0.08019047
13038,stable,0.1102757,0.106327236
13039,stable,0.0906808,0.06729289
13040,rising,0.09773613,0.1066437
13041,rising,0.10560829,0.12833232
13042,stable,0.08099736,0.09657141
13043,stable,0.05607309,0.045608573
13044,stable,0.04731531,0.03044196
13045,stable,0.05488684,0.043950267
13046,stable,0.056175545,0.046931677
13047,stable,0.074366495,0.10253356
13048,stable,0.07211533,0.09091143
13049,falling,0.06680297,0.06338288
13050,falling,0.07116053,0.08652909
13051,falling,0.061075427,0.05089686
13052,falling,0.09224297,0.15377447
13053,falling,0.08396507,0.12385852
13054,falling,0.109630756,0.24056187
13055,stable,0.063841976,0.053985063
13056,stable,0.08893169,0.17284434
13057,stable,0.07131842,0.08136601
13058,stable,0.11172029,0.24980363
13059,stable,0.07255682,0.037281796
13060,rising,0.1044536,0.2188971
13061,rising,0.070303276,0.019620778
13062,rising,0.061623298,0.016217051
13063,rising,0.087204106,0.027077738
13064,rising,0.09436822,0.06771145
13065,rising,0.11184469,0.08830407
13066,stable,0.07948283,0.064368226
13067,stable,0.06665837,0.026580002
13068,stable,0.07830877,0.04544947
13069,stable,0.09069407,0.05451875
13070,stable,0.04154521,0.02602412
13071,stable,0.044977557,0.08319769
13072,falling,0.044363074,0.03935004
13073,falling,0.057129305,0.12977117
13074,falling,0.042798515,0.03401052
13075,falling,0.03157804,0.03251794
13076,falling,0.031885397,0.051440135
13077,stable,0.034594428,0.06806953
13078,stable,0.03441326,0.05381085
13079,stable,0.034889497,0.065505296
13080,stable,0.076055534,0.2685113
13081,stable,0.03225462,0.027796296
13082,stable,0.04394332,0.034329902
13083,rising,0.046787553,0.0556103
13084,rising,0.036027763,0.021041999
13085,rising,0.9994469,0.12235371
13086,rising,1.63154,0.17992282
13087,rising,1.8161756,0.1242106
13088,rising,2.0763178,0.18477207
13089,stable,2.1029215,0.14815418
13090,stable,2.1974986,0.15232015
13091,stable,2.220314,0.17538498
13092,stable,2.257027,0.19294386
13093,stable,2.208977,0.20350492
13094,stable,2.147408,0.20871465
13095,stable,2.1212614,0.15721248
13096,falling,2.2403536,0.2104471
13097,spike,0.41736513,0.33894238
13098,spike,0.13328567,0.19031872
13099,spike,0.12784463,0.3281821
13100,spike,0.074077606,0.072663
13101,spike,0.06614283,0.05177465
13102,spike,0.10124139,0.2921617
13103,spike,0.12569125,0.42207146
13104,spike,0.0415727,0.03136222
13105,spike,0.087942705,0.3107131
13106,spike,0.08506905,0.21296972
13107,spike,0.09155057,0.26662582
13108,stable,0.084314205,0.23372357
13109,stable,0.08594058,0.26207796
13110,stable,0.050803475,0.07471859
13111,stable,0.07368433,0.15527424
13112,stable,0.03093189,0.03502303
13113,stable,0.039364874,0.07729609
13114,stable,0.031259734,0.032374915
13115,stable,0.033907454,0.031193078
13116,stable,0.049897306,0.0373994
13117,stable,0.04911657,0.025894724
13118,stable,0.048754223,0.032968313
13119,stable,0.054964066,0.06470693
13120,falling,0.049010612,0.023227222
13121,falling,0.052011307,0.018148024
13122,falling,0.08420276,0.124149166
13123,falling,0.06380393,0.042064603
13124,falling,0.07133936,0.024724077
13125,falling,0.056809645,0.019368185
13126,stable,0.050905358,0.04855105
13127,stable,0.050068088,0.030010447
13128,stable,0.03198708,0.0380761
13129,stable,0.030349815,0.04263328
13130,stable,0.03812113,0.06952389
13131,stable,0.037904646,0.0505185
13132,rising,0.062195763,0.20232041
13133,rising,0.059007026,0.18646227
13134,rising,0.0532017,0.15150258
13135,rising,0.052384097,0.098821774
13136,rising,0.029443169,0.02556894
13137,rising,0.052615594,0.052213248
13138,stable,0.07073785,0.023484182
13139,stable,0.070695095,0.02150764
13140,stable,0.06858599,0.02358066
13141,stable,0.09176595,0.05853759
13142,stable,0.093467146,0.03702514
13143,stable,0.10191568,0.041186374
13144,stable,0.09962293,0.049354967
13145,falling,0.15836886,0.117858514
13146,falling,0.12279828,0.041430004
13147,falling,0.09694261,0.033972077
13148,falling,0.08395881,0.03232034
13149,falling,0.098650046,0.22250558
13150,stable,0.049098276,0.016799735
13151,stable,0.051180426,0.022215744
13152,stable,0.08624837,0.23958106
13153,stable,0.04433842,0.023382448
13154,stable,0.044620942,0.031658754
13155,stable,0.04528172,0.027497021
13156,rising,0.0459281,0.024675965
13157,rising,0.052354082,0.040695056
13158,rising,0.07380274,0.1712039
13159,rising,0.058500294,0.10420534
13160,rising,0.042530887,0.010060504
13161,rising,0.025955359,0.01370907
13162,stable,0.035759322,0.015267847
13163,stable,0.03071612,0.020855151
13164,stable,0.036507603,0.0318419
13165,stable,0.032754473,0.028444402
13166,stable,0.03655449,0.028913042
13167,stable,0.045330964,0.0198701
13168,falling,0.04787424,0.03382314
13169,falling,0.070250764,0.10532364
13170,falling,0.06621079,0.11093712
13171,falling,0.06991921,0.12366004
13172,falling,0.04882731,0.013032207
13173,falling,0.046611406,0.022794915
13174,stable,0.03700732,0.014172433
13175,stable,0.07676785,0.22019309
13176,stable,0.037554927,0.00668632
13177,stable,0.054270223,0.03693109
13178,stable,0.057271134,0.018548742
13179,stable,0.037851974,0.009790164
13180,rising,0.08479982,0.15606567
13181,rising,0.056606285,0.022623139
13182,rising,0.06724016,0.020586453
13183,rising,0.06983292,0.01951562
13184,rising,0.07051169,0.022607325
13185,rising,0.07112751,0.020141136
13186,stable,0.07030662,0.019745953
13187,stable,0.065687984,0.018157115
13188,stable,0.052010547,0.012678718
13189,stable,0.053147543,0.014070338
13190,stable,0.03827158,0.009491175
13191,stable,0.057605352,0.098253585
13192,falling,0.029387532,0.010640342
13193,falling,0.046828583,0.108521216
13194,falling,0.02361297,0.011412859
13195,falling,0.024280008,0.007263121
13196,falling,0.028249115,0.01622397
13197,falling,0.033552412,0.036569346
13198,stable,0.06034255,0.17219676
13199,stable,0.032981884,0.019165995
13200,stable,0.032665975,0.02445833
13201,stable,0.070416376,0.18849583
13202,stable,0.06948132,0.1713499
13203,rising,0.046139713,0.013053053
13204,rising,0.04206442,0.07841884
13205,rising,0.04928326,0.12133078
13206,rising,0.064066455,0.13681717
13207,rising,0.07150558,0.10812162
13208,rising,0.065741204,0.11585284
13209,rising,0.04444996,0.019004604
13210,stable,0.037641242,0.014170435
13211,stable,0.04412498,0.014370038
13212,stable,0.057968844,0.016726067
13213,stable,0.03325749,0.012651699
13214,stable,0.05364321,0.07468462
13215,stable,0.03696784,0.009395788
13216,falling,0.065710016,0.12649335
13217,falling,0.043606304,0.011324467
13218,falling,0.068481684,0.018666005
13219,falling,0.056727886,0.008236516
13220,falling,0.05613254,0.017533615
13221,falling,0.06086956,0.010042945
13222,falling,0.06459411,0.0076488443
13223,stable,0.07252908,0.017374229
13224,stable,0.072034374,0.015508732
13225,stable,0.06959355,0.013197201
13226,stable,0.09705508,0.12883139
13227,stable,0.09650964,0.11590235
13228,rising,0.07920437,0.10783106
13229,rising,0.05886738,0.037302107
13230,rising,0.04718298,0.106074475
13231,rising,0.041224834,0.008698106
13232,rising,0.054331176,0.014395362
13233,rising,0.055073407,0.03670901
13234,stable,0.040069677,0.00915396
13235,stable,0.049051724,0.011148298
13236,stable,1.1910144,0.076011986
13237,stable,1.6953235,0.14167342
13238,stable,1.8388709,0.079862766
13239,stable,1.9837878,0.13139065
13240,stable,2.0082543,0.10605518
13241,stable,2.1220589,0.119306065
13242,falling,2.1521971,0.37592167
13243,falling,2.3054268,0.16463715
13244,falling,2.3469925,0.23306473
13245,falling,2.372443,0.31893426
13246,stable,2.3571022,0.20046368
13247,stable,2.1790774,0.11643013
13248,spike,0.29969618,0.29678923
13249,spike,0.16256966,0.36509034
13250,spike,0.12948793,0.30505362
13251,spike,0.08267988,0.09991202
13252,spike,0.07749068,0.08763411
13253,spike,0.0632099,0.031589538
13254,spike,0.057950012,0.022494726
13255,spike,0.073492795,0.025834037
13256,spike,0.11720782,0.11907023
13257,spike,0.09094689,0.05810502
13258,spike,0.106675535,0.05694002
13259,falling,0.1617921,0.08266383
13260,falling,0.23042004,0.15082553
13261,falling,0.24733573,0.13070744
13262,falling,0.26452985,0.15579537
13263,falling,0.27124655,0.17289735
13264,falling,0.25075838,0.124810174
13265,falling,0.21012196,0.14221066
13266,falling,0.21762227,0.14049554
13267,falling,0.18304788,0.11220672
13268,falling,0.13348708,0.10920959
13269,falling,0.11881686,0.08995746
13270,stable,0.09500404,0.058295444
13271,stable,0.06811771,0.043412097
13272,stable,0.052342486,0.024630085
13273,stable,0.0513351,0.015954241
13274,stable,0.069291905,0.083095685
13275,stable,0.056142982,0.014922871
13276,rising,0.07231321,0.016667075
13277,rising,0.0816205,0.06235152
13278,rising,0.077545285,0.05928355
13279,rising,0.08093301,0.08347315
13280,rising,0.06659299,0.01647738
13281,rising,0.06914247,0.014522794
13282,stable,0.07769193,0.024066737
13283,stable,0.106970474,0.15776579
13284,stable,0.09507522,0.026783394
13285,stable,0.12611489,0.04683632
13286,stable,0.13168816,0.039642278
13287,stable,0.1377467,0.037780534
13288,falling,0.08946558,0.04273241
13289,falling,0.07954412,0.055717103
13290,falling,0.09067333,0.05521323
13291,falling,0.09435141,0.13072155
13292,falling,0.08776256,0.054244902
13293,falling,0.070266075,0.039185412
13294,stable,0.079253174,0.039471585
13295,stable,0.083491184,0.037389427
13296,stable,0.06456569,0.027620323
13297,stable,0.06979814,0.053501062
13298,stable,0.07535354,0.06632227
13299,rising,0.0811049,0.030080892
13300,rising,0.08350493,0.0742914
13301,rising,0.085348845,0.07740589
13302,rising,0.073617645,0.028643835
13303,rising,0.07990155,0.07047302
13304,rising,0.057885684,0.024000922
13305,rising,0.050591193,0.02316188
13306,stable,0.03866265,0.027318198
13307,stable,0.036711607,0.02031273
13308,stable,0.038124938,0.014877792
13309,stable,0.043539006,0.037962843
13310,stable,0.05794339,0.013775022
13311,stable,0.080358066,0.135269
13312,falling,0.05954293,0.008420019
13313,stable,0.056879442,0.023752466
13314,falling,0.03902016,0.014610307
13315,falling,0.052235056,0.07415326
13316,falling,0.052434545,0.0121224215
13317,falling,0.05449994,0.008753741
13318,stable,0.05403583,0.014971631
13319,stable,0.051528372,0.008050103
13320,stable,0.06951356,0.009124201
13321,stable,0.07159064,0.011521514
13322,stable,0.073351234,0.0137188295
13323,stable,0.07428449,0.011544112
13324,rising,0.062395047,0.019561708
13325,rising,0.060961917,0.010019038
13326,rising,0.07023255,0.031882353
13327,rising,0.08892245,0.13011009
13328,rising,0.061131384,0.035705946
13329,rising,0.07122957,0.11366083
13330,stable,0.08915688,0.19654804
13331,stable,0.061775003,0.030956665
13332,stable,0.08438111,0.20846935
13333,stable,0.0865487,0.20623831
13334,stable,0.029600086,0.01272835
13335,falling,0.03949696,0.04833465
13336,falling,0.03589504,0.015009342
13337,falling,0.082172,0.15151037
13338,falling,0.0689075,0.035266686
13339,falling,0.07403298,0.03479093
13340,falling,0.07632328,0.022588197
13341,falling,0.10939302,0.035304926
13342,stable,0.09287451,0.023995953
13343,stable,0.09922298,0.051260997
13344,stable,0.1017739,0.05618869
13345,stable,0.085361734,0.02431852
13346,stable,0.10076191,0.037686683
13347,stable,0.10543238,0.053582773
13348,stable,0.07239782,0.021807868
13349,stable,0.052630935,0.020849245
13350,rising,0.07850745,0.098227344
13351,rising,0.054123588,0.14943413
13352,rising,0.034369648,0.041044634
13353,rising,0.042380754,0.0714904
13354,stable,0.03882567,0.0516319
13355,stable,0.066889085,0.22164671
13356,stable,0.030788805,0.03145973
13357,stable,0.034213617,0.029557372
13358,stable,0.030277852,0.031086398
13359,stable,0.08836128,0.23564626
13360,stable,0.04992665,0.044164237
13361,falling,0.055908475,0.064113215
13362,falling,0.08194132,0.18729305
13363,falling,0.06325061,0.056897957
13364,falling,0.06299762,0.034551293
13365,falling,0.04414297,0.02348243
13366,falling,0.05673129,0.08910391
13367,stable,0.047028735,0.025137773
13368,stable,0.050573263,0.03776633
13369,stable,0.05326266,0.03288793
13370,stable,0.054426543,0.03131184
13371,rising,0.05695076,0.037605684
13372,rising,0.052264847,0.04912611
13373,rising,0.06031015,0.061714962
13374,rising,0.053224787,0.019465685
13375,rising,0.05470763,0.08854011
13376,rising,0.06251337,0.03603895
13377,rising,0.06458285,0.060986154
13378,rising,0.071998246,0.06921736
13379,stable,0.05811204,0.039913915
13380,stable,0.051496383,0.040348563
13381,stable,0.092321,0.24356964
13382,stable,0.061621234,0.044117257
13383,falling,0.04126365,0.10672074
13384,falling,0.066194504,0.24468936
13385,falling,0.036483005,0.038662486
13386,falling,0.0384234,0.063680016
13387,falling,0.032136854,0.0319674
13388,falling,0.019762779,0.020653544
13389,falling,0.03690855,0.090155095
13390,stable,0.021939993,0.013767928
13391,stable,0.028237704,0.011353119
13392,stable,0.035756852,0.017746905
13393,stable,0.029105915,0.011735936
13394,stable,0.034832846,0.02689195
13395,stable,0.05200394,0.037436258
13396,rising,0.0635206,0.109855615
13397,rising,0.055612758,0.026833454
13398,rising,0.08257747,0.16246766
13399,rising,0.05559199,0.042448044
13400,rising,0.08238479,0.10067518
13401,rising,0.06871117,0.058635857
13402,stable,0.11012686,0.27387777
13403,stable,0.069328666,0.052326377
13404,stable,0.053853523,0.07970018
13405,stable,0.103275694,0.29471427
13406,stable,0.0522242,0.053182155
13407,falling,0.03546025,0.028670518
13408,falling,0.05212062,0.094242685
13409,falling,0.068560205,0.20056614
13410,falling,0.053346705,0.06421275
13411,falling,0.07346818,0.1241685
13412,falling,0.058716457,0.10238294
13413,stable,0.038635504,0.026014453
13414,stable,0.03817094,0.012635248
13415,stable,0.062255085,0.04561196
13416,stable,0.04249898,0.011714278
13417,stable,0.055724457,0.07319066
13418,stable,0.05984118,0.07357349
13419,stable,0.04673023,0.07211953
13420,rising,0.045012258,0.051727228
13421,rising,0.042584933,0.040238757
13422,rising,0.039702985,0.066474445
13423,rising,0.033789422,0.05188998
13424,rising,0.08483437,0.24449313
13425,stable,0.054362934,0.12698291
13426,stable,0.060635485,0.12687351
13427,stable,0.061839152,0.09103108
13428,stable,0.052505016,0.11669896
13429,stable,0.03544729,0.04212258
13430,stable,0.03638747,0.04499116
13431,stable,0.074950054,0.2844952
13432,falling,0.0368042,0.07630744
13433,falling,0.03576025,0.06992019
13434,falling,0.06033249,0.18745051
13435,falling,0.058163416,0.15302128
13436,falling,0.04175627,0.049199935
13437,falling,0.047163468,0.096110225
13438,stable,0.048314538,0.053495087
13439,stable,0.042496484,0.0683226
13440,stable,0.029629026,0.03275256
13441,stable,0.039791636,0.06848762
13442,stable,0.034669876,0.051073514
13443,stable,0.035157826,0.047925007
13444,rising,0.037176475,0.06967084
13445,rising,0.03844273,0.05606098
13446,rising,0.03519203,0.030879436
13447,rising,0.06324992,0.17664708
13448,stable,0.05089339,0.1082629
13449,rising,0.0548148,0.08931942
13450,stable,0.049165387,0.06567894
13451,stable,0.05355508,0.11147357
13452,stable,0.0852961,0.2626286
13453,stable,0.050727494,0.06526614
13454,stable,0.05167321,0.065879345
13455,stable,0.07008052,0.089287095
13456,falling,0.09196115,0.10604333
13457,falling,0.08346776,0.07562009
13458,falling,0.11905733,0.09997364
13459,falling,0.090234146,0.061331052
13460,falling,0.09285243,0.098773204
13461,falling,0.07327044,0.043650147
13462,stable,0.071824126,0.032626305
13463,stable,0.059707597,0.029337285
13464,stable,0.057650346,0.025366977
13465,stable,0.05348162,0.019230623
13466,stable,0.09538598,0.073296405
13467,stable,0.081599064,0.078280136
13468,stable,0.089036986,0.117632605
13469,rising,0.070487805,0.06056225
13470,rising,0.08042291,0.09965131
13471,rising,0.059749413,0.030801386
13472,rising,0.05929663,0.04248348
13473,rising,0.059835445,0.05436757
13474,rising,0.0884993,0.06602832
13475,stable,0.08710216,0.12581025
13476,stable,0.08835706,0.048787296
13477,stable,0.073695764,0.048642457
13478,stable,0.053051505,0.024843115
13479,stable,0.08713461,0.24741639
13480,stable,0.06363581,0.14842208
13481,falling,0.07520888,0.18376578
13482,falling,0.043736175,0.044873003
13483,falling,0.052839026,0.054687846
13484,falling,0.04662479,0.039118595
13485,falling,0.0439877,0.032371435
13486,stable,0.035366304,0.03494547
13487,stable,0.022234874,0.012129503
13488,stable,0.035083342,0.03742671
13489,stable,0.035649255,0.042160876
13490,stable,0.031475827,0.049433213
13491,stable,0.04379062,0.05931097
13492,rising,0.045593996,0.050259195
13493,rising,0.036902297,0.02566507
13494,rising,0.06337351,0.12766993
13495,rising,0.042358246,0.033340473
13496,rising,0.042154387,0.047836456
13497,stable,0.04686639,0.050997004
13498,stable,0.044864442,0.050414927
13499,stable,0.0666282,0.09050367
13500,stable,0.10559354,0.28565678
13501,stable,0.09020689,0.22002567
13502,stable,0.054681886,0.029495103
13503,falling,0.049250368,0.014827521
13504,stable,0.051724903,0.0727725
13505,falling,0.048391715,0.038083393
13506,falling,0.06623422,0.1592633
13507,falling,0.06724196,0.16312893
13508,falling,0.04865807,0.114821926
13509,falling,0.029238941,0.013673588
13510,stable,0.03898431,0.023106698
13511,stable,0.017367965,0.020196639
13512,stable,0.019912664,0.024697747
13513,stable,0.037313744,0.03670055
13514,stable,0.052092418,0.061111003
13515,stable,0.054858636,0.0962484
13516,rising,0.053564724,0.044547584
13517,rising,0.053950362,0.043707646
13518,rising,0.074219234,0.15937173
13519,rising,0.08601773,0.19231032
13520,rising,0.0628979,0.08731545
13521,rising,0.07337559,0.08919199
13522,rising,0.0825115,0.074732654
13523,stable,0.07457423,0.078560784
13524,stable,0.09469462,0.2877895
13525,stable,0.05004355,0.08881363
13526,stable,0.08398049,0.29107895
13527,stable,0.08579721,0.27399907
13528,falling,0.04595436,0.04500822
13529,falling,0.089414366,0.24043985
13530,falling,0.055316973,0.062205385
13531,falling,0.046936188,0.050930597
13532,falling,0.051936444,0.07491097
13533,falling,0.041956205,0.026490057
13534,stable,0.052029077,0.019306231
13535,stable,0.03903447,0.006100073
13536,stable,0.046349384,0.03136172
13537,stable,0.030628096,0.016455326
13538,stable,0.037414547,0.041973192
13539,stable,0.03500407,0.0279055
13540,rising,0.03642973,0.03794417
13541,rising,0.046850562,0.07673962
13542,rising,0.03979319,0.02677723
13543,rising,0.038186256,0.028441414
13544,rising,0.041982234,0.024086587
13545,stable,0.0444658,0.017566498
13546,rising,0.041787557,0.07502843
13547,stable,0.033787053,0.022234162
13548,stable,0.04438669,0.024944238
13549,stable,0.08938176,0.20604609
13550,stable,0.048976336,0.014270437
13551,stable,0.04540617,0.018245382
13552,stable,0.06004831,0.031674113
13553,falling,0.060824815,0.014476223
13554,falling,0.055140458,0.03332663
13555,falling,1.0838674,0.035563294
13556,falling,1.7101773,0.06673947
13557,falling,1.9622072,0.0683347
13558,stable,2.0865026,0.09398886
13559,stable,2.1106226,0.09230803
13560,stable,2.169049,0.08365759
13561,stable,2.1346498,0.10122185
13562,stable,2.1902792,0.08362693
13563,stable,2.145796,0.14428404
13564,stable,2.3246233,0.09077007
13565,rising,2.387747,0.22392368
13566,rising,2.3651721,0.20080182
13567,spike,0.3645333,0.29616922
13568,spike,0.077949114,0.07915115
13569,spike,0.055131715,0.028706072
13570,spike,0.075159684,0.05806935
13571,spike,0.0942516,0.14467101
13572,spike,0.095956326,0.093889095
13573,spike,0.06814203,0.0456418
13574,spike,0.070019566,0.068800345
13575,spike,0.0342392,0.017709995
13576,spike,0.04056315,0.008885498
13577,spike,0.04454192,0.01245196
13578,falling,0.07297834,0.1680764
13579,falling,0.06977953,0.12984556
13580,falling,0.054230846,0.013084277
13581,falling,0.05653747,0.014558492
13582,falling,0.059713483,0.02946525
13583,falling,0.060882736,0.019383628
13584,stable,0.050644398,0.028665042
13585,stable,0.04964901,0.019706551
13586,stable,0.06500498,0.043440983
13587,stable,0.053860623,0.021971501
13588,rising,0.06344917,0.08752501
13589,rising,0.08132262,0.06512174
13590,rising,0.08617325,0.06327768
13591,rising,0.05104818,0.039689504
13592,rising,0.061673056,0.119864106
13593,rising,0.054547336,0.1233162
13594,stable,0.039589074,0.026519787
13595,stable,0.03576232,0.025342017
13596,stable,0.03350175,0.023619628
13597,stable,0.030791055,0.013170377
13598,stable,0.03547911,0.015848855
13599,falling,0.04096877,0.04041291
13600,falling,0.06432569,0.16622555
13601,falling,0.053639393,0.11543231
13602,falling,0.05622865,0.11656277
13603,falling,0.04876065,0.053201523
13604,falling,0.043799527,0.009724033
13605,falling,0.06454231,0.100360006
13606,stable,0.06452889,0.115763925
13607,stable,0.03980614,0.008893597
13608,stable,0.04602875,0.004887522
13609,stable,0.06983397,0.08462601
13610,stable,0.0763994,0.08596029
13611,stable,0.06472001,0.009595802
13612,rising,0.09441341,0.12094123
13613,rising,0.057023644,0.007074719
13614,rising,0.04813432,0.011130797
13615,rising,0.061073836,0.010160191
13616,rising,0.08449104,0.09344584
13617,rising,0.069912784,0.008587321
13618,rising,0.08633376,0.115880825
13619,stable,0.07062296,0.037073392
13620,stable,0.070202574,0.015734678
13621,stable,0.08029971,0.13109997
13622,stable,0.08556867,0.07926735
13623,stable,0.05906,0.016651725
13624,falling,0.057445053,0.010273678
13625,falling,0.06931911,0.018722288
13626,falling,0.072638705,0.061842553
13627,falling,0.032999307,0.009460966
13628,falling,0.027077707,0.0066509354
13629,falling,0.03205367,0.011529918
13630,stable,0.034464523,0.0076594288
13631,stable,0.030703228,0.0066019925
13632,stable,0.031892322,0.008639115
13633,stable,0.052897923,0.10954589
13634,stable,0.03802195,0.013382506
13635,stable,0.03473281,0.0064748316
13636,rising,0.03966148,0.007594911
13637,rising,0.03849439,0.006837157
13638,rising,0.04100592,0.009179277
13639,rising,0.06142692,0.118245356
13640,rising,0.041884862,0.0092533855
13641,rising,0.053171977,0.014477503
13642,stable,0.04349096,0.014304931
13643,stable,0.047960665,0.008655877
13644,stable,0.06762993,0.12097398
13645,stable,0.041109797,0.0070985453
13646,stable,0.080659404,0.13242348
13647,stable,0.052430708,0.008084495
13648,falling,0.043370586,0.00911011
13649,falling,0.053730775,0.020248294
13650,falling,0.054382835,0.013703765
13651,falling,0.05655017,0.011407067
13652,falling,0.07642232,0.118461885
13653,falling,0.05933402,0.014552495
13654,stable,0.082263045,0.01668728
13655,stable,0.057571225,0.011252476
13656,stable,0.06545586,0.05602302
13657,stable,0.079727404,0.099351734
13658,stable,0.03601358,0.006660967
13659,rising,0.048008204,0.027483203
13660,rising,0.045024775,0.01309053
13661,rising,0.036084704,0.012312162
13662,rising,0.037365172,0.009583806
13663,rising,0.04683471,0.027876936
13664,rising,0.043041807,0.013119056
13665,rising,0.03529531,0.010325975
13666,stable,0.02316452,0.005455349
13667,stable,0.031086242,0.00856803
13668,stable,0.044619087,0.06614563
13669,stable,0.052182715,0.0983368
13670,stable,0.033534672,0.01778922
13671,stable,0.030881729,0.00862951
13672,falling,0.03308996,0.0094966
13673,falling,0.04567308,0.008098043
13674,falling,0.05076152,0.012277488
13675,falling,0.043247595,0.0065477104
13676,falling,0.043652397,0.007012887
13677,falling,0.048773523,0.0077122957
13678,stable,0.053724173,0.015569899
13679,stable,0.04731743,0.015929274
13680,stable,0.053507317,0.008668243
13681,stable,0.05874576,0.020165214
13682,stable,0.05297691,0.0064155743
13683,stable,0.05334954,0.01807995
13684,rising,0.064950004,0.11931931
13685,rising,0.06036463,0.028974852
13686,rising,0.063166074,0.11685641
13687,rising,0.045061454,0.019990735
13688,rising,0.04720022,0.02867388
13689,rising,0.046522412,0.024740871
13690,stable,0.06030516,0.028120197
13691,stable,0.03914056,0.020166129
13692,stable,0.037340213,0.040680133
13693,stable,0.029444942,0.010094824
13694,stable,0.04722317,0.046090886
13695,stable,0.063109845,0.08930478
13696,stable,0.08481135,0.024808062
13697,falling,0.09352003,0.10430581
13698,falling,0.070829295,0.015674785
13699,falling,0.06353507,0.0091738785
13700,falling,0.093030624,0.1466812
13701,falling,0.08836289,0.13937071
13702,stable,0.06305567,0.013386736
13703,stable,0.07050824,0.041929945
13704,stable,0.067672595,0.016588422
13705,stable,0.08393124,0.08284442
13706,stable,0.072344735,0.012755803
13707,rising,0.077866055,0.016900117
13708,stable,0.06092584,0.1717336
13709,rising,0.054484613,0.16042612
13710,rising,0.028852161,0.037401732
13711,rising,0.034655254,0.04405959
13712,rising,0.027278451,0.023070011
13713,rising,0.040051237,0.044737715
13714,stable,0.036325462,0.032119542
13715,stable,0.038024414,0.025965266
13716,stable,0.04345176,0.033441886
13717,stable,0.05145653,0.022421932
13718,stable,0.051025953,0.020103699
13719,stable,0.055599466,0.027413398
13720,falling,0.0722544,0.049387537
13721,falling,0.069151774,0.044480797
13722,falling,0.06221731,0.018546665
13723,falling,0.06184539,0.034935556
13724,falling,0.061921787,0.018083043
13725,stable,0.09012025,0.18570907
13726,stable,0.0913481,0.15285516
13727,stable,0.058479074,0.019263834
13728,stable,0.06525193,0.04114898
13729,stable,0.026829086,0.01281729
13730,stable,0.047590874,0.087097146
13731,stable,0.04343159,0.01875894
13732,rising,0.046455868,0.03140264
13733,rising,0.047643173,0.02368142
13734,rising,0.028890153,0.02292345
13735,rising,0.03826902,0.063061886
13736,rising,0.03160222,0.014472247
13737,stable,0.031742126,0.01422249
13738,stable,0.053693857,0.029246524
13739,stable,0.071416035,0.021890637
13740,stable,0.08443733,0.026546594
13741,stable,0.09903243,0.013712311
13742,stable,0.09474559,0.04033397
13743,falling,0.105483934,0.04617815
13744,falling,0.100218154,0.051277567
13745,falling,0.11009004,0.087132506
13746,falling,0.092907414,0.061633084
13747,falling,0.08210976,0.021923011
13748,falling,0.10312725,0.14626108
13749,stable,0.07541067,0.01799032
13750,stable,0.08024817,0.022196826
13751,stable,0.13098353,0.20332417
13752,stable,0.034542035,0.021301333
13753,stable,0.025862534,0.051471088
13754,stable,0.041872755,0.1502693
13755,stable,0.028419534,0.054108314
13756,rising,0.023024397,0.018569374
13757,rising,0.054577813,0.1734636
13758,rising,0.037098195,0.078108616
13759,rising,0.029311286,0.04760704
13760,rising,0.028932486,0.03526618
13761,stable,0.031160187,0.020316584
13762,stable,0.037764765,0.023064379
13763,stable,0.038068987,0.0228534
13764,stable,0.04525109,0.038015813
13765,stable,0.062604845,0.024923587
13766,stable,0.070194006,0.055766173
13767,stable,0.07357824,0.07123661
13768,falling,0.06406512,0.027882427
13769,falling,0.07236946,0.057539515
13770,falling,0.06739476,0.06376971
13771,falling,0.057476513,0.013176297
13772,falling,0.068818145,0.071992755
13773,falling,0.067797296,0.04046415
13774,stable,0.08139692,0.067458235
13775,stable,0.11254943,0.2424433
13776,stable,0.07223317,0.02144751
13777,stable,0.06135954,0.044171512
13778,stable,0.10380458,0.25211963
13779,stable,0.07029488,0.054023016
13780,rising,0.061111186,0.042988792
13781,rising,0.070602156,0.070876
13782,rising,0.06525747,0.042872213
13783,rising,0.07682323,0.03499475
13784,rising,0.07620054,0.021780288
13785,rising,0.05995447,0.027062532
13786,stable,0.07244885,0.09282573
13787,stable,0.04899814,0.016827272
13788,stable,0.049047615,0.015625123
13789,stable,0.053723462,0.026533218
13790,stable,0.037401736,0.026182737
13791,stable,0.04065392,0.0140401125
13792,falling,0.043292277,0.0155369565
13793,falling,0.043227483,0.023913203
13794,falling,0.071362175,0.15460947
13795,falling,0.028993586,0.031457964
13796,falling,0.029536868,0.034783628
13797,falling,0.043706216,0.090337254
13798,stable,0.031479817,0.04606347
13799,stable,0.032441925,0.06969567
13800,stable,0.07141391,0.2549721
13801,stable,0.037586033,0.05391725
13802,stable,0.033948313,0.036961682
13803,stable,0.0703055,0.24274184
13804,rising,0.031301938,0.03762333
13805,rising,0.028402144,0.027651863
13806,rising,0.061173413,0.18995553
13807,rising,0.024525864,0.014010399
13808,rising,0.035791513,0.032682553
13809,rising,0.03336342,0.014433471
13810,stable,0.043419234,0.025730874
13811,stable,0.032192048,0.024181657
13812,stable,0.024401868,0.021531845
13813,stable,0.037653442,0.050685845
13814,stable,0.027429914,0.025174638
13815,stable,0.034368284,0.038645238
13816,falling,0.031028217,0.030052273
13817,falling,0.034938037,0.023620276
13818,falling,0.043217935,0.08759967
13819,falling,0.043501843,0.10642905
13820,falling,0.031106343,0.035167076
13821,stable,0.035908885,0.037465997
13822,stable,0.0740146,0.25371328
13823,stable,0.043493215,0.100754894
13824,stable,0.05229724,0.09441814
13825,stable,0.044863936,0.047989547
13826,stable,0.034703746,0.019371882
13827,stable,0.040578496,0.053390212
13828,rising,0.12093732,0.26114297
13829,rising,0.10709702,0.24521558
13830,rising,0.092260145,0.14656036
13831,rising,0.06908215,0.030043354
13832,rising,0.07067258,0.03408218
13833,rising,0.0693357,0.022117767
13834,stable,0.0673114,0.041578546
13835,stable,0.07064958,0.03302143
13836,stable,0.06695616,0.03193518
13837,stable,0.067542545,0.024739701
13838,stable,0.07394347,0.053710222
13839,stable,0.07543213,0.031205086
13840,falling,0.047552403,0.038664512
13841,falling,0.045689784,0.04988177
13842,falling,0.0390695,0.020788886
13843,falling,0.042166818,0.031409595
13844,falling,0.07828539,0.18710534
13845,falling,0.057428226,0.06156799
13846,stable,0.04847979,0.05490311
13847,stable,0.05337519,0.06395224
13848,stable,0.073833585,0.22005604
13849,stable,0.06579414,0.14070696
13850,stable,0.05027018,0.06333624
13851,rising,0.046646714,0.03637341
13852,rising,0.048178196,0.045592804
13853,rising,0.046399847,0.058655538
13854,rising,0.061704032,0.06487223
13855,rising,0.05888475,0.02764044
13856,rising,0.043298196,0.0328823
13857,rising,0.048164763,0.027754953
13858,stable,0.04803801,0.021698613
13859,stable,0.055281572,0.050668515
13860,stable,0.06392513,0.054483302
13861,stable,0.048351135,0.030756578
13862,stable,0.050066058,0.041457467
13863,stable,0.05052569,0.036796603
13864,falling,0.07406401,0.10836345
13865,falling,0.06179972,0.05770652
13866,falling,0.051809695,0.018754274
13867,falling,0.06343875,0.17668869
13868,falling,0.03847084,0.043208715
13869,falling,0.064711876,0.20107028
13870,stable,0.044380143,0.059052885
13871,stable,0.072948344,0.23107208
13872,stable,0.028051373,0.023943214
13873,stable,0.029960858,0.024668122
13874,stable,0.021545272,0.025019972
13875,stable,0.059063565,0.21314906
13876,rising,0.037380986,0.07806986
13877,rising,0.026426246,0.042421043
13878,rising,0.0465809,0.14491738
13879,rising,0.0376781,0.0701769
13880,rising,0.030447604,0.02768636
13881,stable,0.034818407,0.07171947
13882,stable,0.032708757,0.02133053
13883,stable,0.032655526,0.018338174
13884,stable,0.048158806,0.032218885
13885,stable,0.064996086,0.027624952
13886,stable,0.06102822,0.02013675
13887,falling,0.06554458,0.028517291
13888,stable,0.07442999,0.027965613
13889,falling,0.09304582,0.077352256
13890,falling,0.08590862,0.026738845
13891,falling,0.09422028,0.027790954
13892,falling,0.09942917,0.1594956
13893,stable,0.07960208,0.03206545
13894,stable,0.08181843,0.03806263
13895,stable,0.084398225,0.22172032
13896,stable,0.0341243,0.019402426
13897,stable,0.069125794,0.20585588
13898,stable,0.049568098,0.013331884
13899,stable,0.056018356,0.02063029
13900,stable,0.081079416,0.15453748
13901,rising,0.06247513,0.028256722
13902,rising,0.060460426,0.021642976
13903,rising,0.08760051,0.14342856
13904,rising,0.071072176,0.038428083
13905,rising,0.050436653,0.01748838
13906,stable,0.030232286,0.012566958
13907,stable,0.03881592,0.014258051
13908,stable,0.035549063,0.015742064
13909,stable,0.032099087,0.010484761
13910,stable,0.050924353,0.03985299
13911,stable,0.049234975,0.018835327
13912,falling,0.057708513,0.0146275405
13913,falling,0.055172943,0.016133782
13914,falling,0.0742601,0.03244307
13915,falling,0.063309625,0.029196717
13916,falling,0.081862316,0.021712247
13917,falling,0.09148847,0.028872421
13918,stable,0.076247536,0.01767645
13919,stable,0.06393487,0.016052447
13920,stable,0.08411145,0.014308137
13921,stable,0.09183995,0.01499014
13922,stable,0.109777324,0.18365029
13923,stable,0.078649476,0.02486367
13924,rising,0.14706632,0.1605421
13925,rising,0.100646034,0.032173056
13926,rising,0.11626984,0.029442564
13927,rising,0.11440846,0.027688567
13928,rising,0.08917276,0.032646872
13929,rising,0.10288453,0.08318789
13930,rising,0.09622632,0.025706463
13931,stable,0.07482604,0.020702858
13932,stable,0.050631724,0.008998061
13933,stable,0.049659442,0.0069791693
13934,stable,0.0691389,0.08269996
13935,falling,0.055870913,0.021460816
13936,falling,0.043352626,0.023196405
13937,falling,0.04019331,0.011317834
13938,falling,0.020443235,0.005944386
13939,falling,0.04475065,0.124302246
13940,falling,0.01617252,0.0047143875
13941,falling,0.046727445,0.14393349
13942,stable,0.022669574,0.008174903
13943,stable,0.02240075,0.004724645
13944,stable,0.024553252,0.0072716083
13945,stable,0.021906119,0.008559902
13946,stable,0.018793408,0.005987818
13947,rising,0.030974625,0.048475914
13948,stable,0.036214817,0.083958365
13949,rising,0.046093527,0.12166036
13950,rising,0.028273236,0.01420979
13951,rising,0.02372375,0.0052965484
13952,rising,0.026860913,0.010231822
13953,rising,0.032208867,0.0073258453
13954,stable,0.051949266,0.11128064
13955,stable,0.05499592,0.10174928
13956,stable,0.030581336,0.010291281
13957,stable,0.021844456,0.0069941585
