idx,pattern,mean_loss,std_loss
0,stable,0.029021164,0.009550095
1,stable,0.03656335,0.008363218
2,stable,0.03313806,0.0058508613
3,stable,0.056991756,0.130565
4,rising,0.037342668,0.0106423395
5,rising,0.036807716,0.04219925
6,rising,0.031223055,0.0065657366
7,rising,0.033563156,0.007625369
8,rising,0.034423996,0.011310146
9,rising,0.036069266,0.008962533
10,stable,0.028778085,0.010088049
11,stable,0.034661066,0.013196393
12,stable,0.04751378,0.09125866
13,stable,0.05000554,0.016920839
14,stable,0.031827603,0.01108935
15,stable,0.046805147,0.07843193
16,stable,0.027571939,0.009702432
17,falling,0.03684909,0.044455856
18,falling,0.02997998,0.017072434
19,falling,0.02594858,0.015446328
20,falling,0.02918143,0.03358595
21,falling,0.031641018,0.021957887
22,stable,0.034977194,0.057053268
23,stable,0.061203476,0.23382652
24,stable,0.017394116,0.01640547
25,stable,0.013168304,0.00671919
26,stable,0.013671057,0.003465935
27,stable,0.014504205,0.0082356995
28,rising,0.016556289,0.008824447
29,rising,0.017532593,0.027293846
30,rising,0.01587519,0.010475808
31,rising,0.01569801,0.0077219633
32,rising,0.014411258,0.0050374228
33,rising,0.019975463,0.027505897
34,stable,0.015668381,0.008511578
35,stable,0.032607798,0.07875632
36,stable,0.046083465,0.15161505
37,stable,0.047472164,0.11872091
38,stable,0.0471198,0.114216074
39,stable,0.033824578,0.011473851
40,falling,0.037382815,0.067227535
41,falling,0.01907319,0.007308027
42,falling,0.03930105,0.067328475
43,falling,0.03214291,0.0141862845
44,falling,0.03562448,0.010684957
45,falling,0.04757561,0.018181205
46,stable,0.06394823,0.058376655
47,stable,0.046191532,0.08892371
48,stable,0.02458876,0.0065809814
49,stable,0.02647943,0.01630642
50,stable,0.032919507,0.0076408437
51,stable,1.5430372,0.041784577
52,rising,2.3176045,0.0802456
53,rising,2.6632893,0.25484774
54,rising,2.7553446,0.13839746
55,rising,2.896808,0.10649324
56,rising,2.9154627,0.1291117
57,rising,2.970684,0.1441649
58,rising,2.9506912,0.095866576
59,stable,2.992801,0.13542558
60,stable,2.905623,0.16785489
61,stable,2.7537963,0.086464204
62,stable,3.3300924,0.19027916
63,spike,0.14923996,0.21663514
64,spike,0.21061438,0.38391262
65,spike,0.25407517,0.42128894
66,spike,0.16583171,0.19082102
67,spike,0.102113344,0.1102237
68,spike,0.081068024,0.032340534
69,spike,0.06255135,0.05232334
70,spike,0.050728615,0.011863195
71,spike,0.05240804,0.015393169
72,spike,0.05682064,0.021550033
73,spike,0.056353085,0.030687459
74,falling,0.07719346,0.19305964
75,stable,0.0671283,0.14003414
76,stable,0.04974279,0.03046244
77,stable,0.047900956,0.022761745
78,stable,0.062037688,0.03047412
79,rising,0.06825627,0.03847952
80,stable,0.047832586,0.025976302
81,stable,0.045076765,0.020247454
82,stable,0.07210762,0.0848435
83,stable,0.08907137,0.03321638
84,stable,0.10000718,0.0750275
85,stable,0.12046246,0.16402629
86,stable,0.08677505,0.034968175
87,falling,0.104116395,0.06706111
88,falling,0.07734492,0.031463943
89,falling,0.06342124,0.021456629
90,falling,0.05799079,0.017869355
91,falling,0.04708355,0.024377218
92,stable,0.04772071,0.02802086
93,stable,0.05115836,0.020889752
94,stable,0.04417501,0.0088594835
95,stable,0.0502577,0.09867242
96,stable,0.06826133,0.0701615
97,stable,0.057224613,0.08987866
98,stable,0.052530706,0.01482036
99,stable,0.049255464,0.014538135
100,rising,0.052913412,0.017508868
101,rising,0.051226947,0.01815945
102,rising,0.06240314,0.031689238
103,rising,0.07036732,0.02915555
104,rising,0.09776893,0.023423253
105,rising,0.09507647,0.067718446
106,rising,0.056796823,0.02542601
107,stable,0.06829656,0.031336088
108,stable,0.11989576,0.04297724
109,stable,0.09305164,0.04590309
110,stable,0.075540535,0.029833188
111,stable,0.07423399,0.13488582
112,falling,0.048219945,0.020838225
113,falling,0.04143155,0.014959795
114,falling,0.037108406,0.00899642
115,falling,0.030682195,0.0079762135
116,falling,0.04140508,0.09896204
117,stable,0.03094634,0.009195471
118,stable,0.028782312,0.0043710195
119,stable,0.030915651,0.011615286
120,stable,0.024283648,0.007913786
121,stable,0.025269806,0.0063135494
122,stable,0.03571866,0.013447499
123,stable,0.03254322,0.011630477
124,rising,0.031471618,0.010243952
125,rising,0.031561468,0.026725965
126,rising,0.04211153,0.0631521
127,rising,0.041541524,0.030085983
128,rising,0.04620566,0.020877125
129,rising,0.034594193,0.015158606
130,stable,0.042782154,0.011905434
131,stable,0.058357142,0.061551504
132,stable,0.058443677,0.0959423
133,stable,0.043484278,0.018918522
134,stable,0.052808095,0.06831982
135,stable,0.060553335,0.046281304
136,stable,0.04938122,0.008077274
137,falling,0.053044137,0.025383519
138,falling,0.04730153,0.012418827
139,falling,0.042189978,0.0082593085
140,falling,0.042578567,0.03191298
141,falling,0.053759005,0.061756402
142,stable,0.041331112,0.03231826
143,stable,0.032972712,0.022972502
144,stable,0.026402978,0.013585558
145,stable,0.066049285,0.105320275
146,stable,0.03992178,0.014832847
147,stable,0.036246367,0.014543248
148,stable,0.06609632,0.123312846
149,rising,0.046598382,0.017716441
150,rising,0.05602878,0.020374529
151,rising,0.05030757,0.012795195
152,rising,0.049425352,0.0148607595
153,stable,0.06908674,0.14102007
154,stable,0.04956664,0.021259634
155,stable,0.04245489,0.014574481
156,stable,0.05104632,0.02543201
157,stable,0.03910782,0.06057409
158,stable,0.0522212,0.15978575
159,stable,0.03745179,0.0867169
160,falling,0.032017976,0.044101022
161,falling,0.028893357,0.011507695
162,falling,0.03138689,0.011269464
163,falling,0.03009652,0.013883488
164,falling,0.018949684,0.008806647
165,falling,0.019133633,0.0045045093
166,stable,0.019450847,0.009906774
167,stable,0.03382155,0.0053120228
168,stable,0.04942157,0.015448982
169,stable,0.051725104,0.011107657
170,stable,0.053272817,0.03384386
171,stable,0.06193597,0.10048433
172,rising,0.048564307,0.009621624
173,rising,0.049856585,0.016140006
174,rising,0.05616117,0.012295361
175,rising,0.055626918,0.013661932
176,rising,0.05935106,0.020879801
177,rising,0.06599344,0.03555627
178,stable,0.07739899,0.035583396
179,stable,0.06430079,0.013876899
180,stable,0.07515527,0.02086421
181,stable,0.085565686,0.10757449
182,stable,0.06481342,0.020203512
183,stable,0.09188119,0.12567237
184,falling,0.097231835,0.07264249
185,falling,0.1044522,0.03860552
186,falling,0.124698654,0.03503137
187,falling,0.11010732,0.037244506
188,falling,0.11373144,0.022992667
189,falling,0.097072475,0.025025755
190,falling,0.08740966,0.02116203
191,stable,0.070380226,0.00829527
192,stable,0.07495557,0.008726285
193,stable,0.09790269,0.120586745
194,stable,0.08319529,0.00727681
195,stable,0.07997635,0.012541969
196,stable,0.1022652,0.12174417
197,rising,0.06560369,0.012899491
198,rising,0.07676413,0.032119136
199,rising,0.07028966,0.018953787
200,rising,0.047110055,0.0096371565
201,rising,0.04728899,0.010364914
202,stable,0.026622383,0.014965014
203,stable,0.022410996,0.007624824
204,stable,0.025225066,0.006237488
205,stable,0.06863121,0.17931482
206,stable,0.031286713,0.081049435
207,stable,0.033956062,0.10863228
208,falling,0.018326508,0.011681083
209,falling,0.020494046,0.037637807
210,falling,0.0151208835,0.0068956763
211,falling,0.02096719,0.009248423
212,falling,0.013029019,0.011379896
213,falling,0.046350256,0.16771743
214,stable,0.04844145,0.15457775
215,stable,0.023943478,0.014260267
216,stable,0.024234837,0.006184791
217,stable,0.026643138,0.0072959876
218,stable,0.030495904,0.0052909167
219,stable,0.03324267,0.0074428148
220,rising,0.036068723,0.016456839
221,rising,0.051785227,0.08037162
222,rising,0.05340655,0.014872159
223,rising,0.05079942,0.01534591
224,rising,0.04502369,0.007823183
225,rising,0.054975253,0.0430256
226,rising,0.07054794,0.08674041
227,stable,0.07270954,0.11053739
228,stable,0.04066121,0.009495554
229,stable,0.043476768,0.01928498
230,stable,0.07112174,0.1346941
231,stable,0.040359795,0.014906215
232,falling,0.040971328,0.018994844
233,falling,0.04492963,0.040093362
234,falling,0.04494076,0.013755652
235,falling,0.063455984,0.02089478
236,falling,0.05908499,0.017901134
237,falling,0.06809565,0.13530552
238,falling,0.05181911,0.026964307
239,stable,0.061889127,0.033537824
240,stable,0.055098947,0.014941033
241,stable,0.08759284,0.18667376
242,stable,0.08273507,0.07070858
243,stable,0.07681128,0.015717054
244,rising,0.08322059,0.037669957
245,rising,0.08237418,0.02423543
246,rising,0.044808075,0.032440726
247,rising,0.045163564,0.006655261
248,rising,0.057348132,0.039543733
249,rising,0.058668137,0.012746032
250,stable,0.06418286,0.059516005
251,stable,0.06126126,0.111525886
252,stable,0.041333377,0.011205922
253,stable,0.06445716,0.027227757
254,stable,0.027392443,0.010750027
255,stable,0.048019104,0.11381351
256,falling,0.024519034,0.0074498304
257,falling,0.025385695,0.009971392
258,falling,0.02392723,0.00725537
259,falling,0.023706723,0.0047890535
260,falling,0.03303023,0.0076620406
261,falling,0.052694183,0.088102974
262,stable,0.041538265,0.022363
263,stable,0.051250614,0.08821103
264,stable,0.034529243,0.040373467
265,stable,0.06428108,0.10812306
266,stable,0.02860883,0.0054687974
267,stable,0.0459492,0.008747757
268,rising,0.048549183,0.039573528
269,rising,0.054514546,0.024888674
270,rising,0.04638205,0.011357074
271,rising,0.056439377,0.015031363
272,rising,0.047729418,0.023881523
273,rising,0.05638046,0.013230477
274,stable,0.121955656,0.27705607
275,stable,0.0827312,0.014812333
276,stable,0.122287646,0.13497797
277,stable,0.14234334,0.032866158
278,stable,0.13460965,0.032149848
279,falling,0.095962845,0.031963
280,falling,0.1042032,0.026908463
281,falling,0.13151315,0.06701941
282,falling,0.10779934,0.02754358
283,falling,0.12837195,0.03990309
284,falling,0.11559108,0.028628299
285,falling,0.07513693,0.03320185
286,falling,0.070318334,0.016180394
287,stable,0.07865985,0.035864778
288,stable,0.0886082,0.091105305
289,stable,0.08939211,0.02401984
290,stable,0.07267625,0.013039224
291,stable,0.08872973,0.04987896
292,rising,0.08074133,0.02021584
293,rising,0.090193085,0.09037225
294,rising,0.07195477,0.02257372
295,rising,0.05502175,0.013005279
296,rising,0.046897374,0.009639884
297,rising,0.06451977,0.04206738
298,stable,0.039389476,0.0301431
299,stable,0.0405264,0.019344876
300,stable,0.09484394,0.29996106
301,stable,0.07784877,0.18704374
302,stable,0.040222943,0.015140503
303,stable,0.056878038,0.12016309
304,stable,0.04551967,0.016186116
305,falling,0.034228265,0.025866564
306,falling,0.027335204,0.0134921605
307,falling,0.052928865,0.019423489
308,falling,0.05882729,0.021055771
309,stable,0.07192739,0.021971812
310,stable,0.056557752,0.0144239245
311,stable,0.042146977,0.015904432
312,stable,0.041182723,0.012218677
313,stable,0.06576826,0.14266221
314,stable,0.03835666,0.007734635
315,stable,0.04855436,0.042724553
316,rising,0.03086555,0.02043004
317,rising,0.036314,0.015721269
318,rising,0.080618754,0.020180961
319,rising,0.047484946,0.0115277
320,rising,0.04958913,0.007362371
321,rising,0.053592075,0.030394476
322,rising,0.052940454,0.010698118
323,stable,0.06080021,0.015765913
324,stable,0.11310478,0.1261072
325,stable,0.0933803,0.017270384
326,stable,0.110789165,0.031756647
327,stable,0.10472302,0.020729985
328,stable,0.1585319,0.2248539
329,falling,0.083143756,0.06980996
330,falling,0.05520389,0.02259766
331,falling,0.08853399,0.0297082
332,falling,0.071453564,0.020534763
333,falling,0.07877494,0.02319196
334,stable,0.08916465,0.030761298
335,stable,0.048297267,0.024996491
336,stable,0.051465966,0.03091399
337,stable,0.058395628,0.048795745
338,stable,0.061327003,0.074721634
339,stable,0.066460185,0.09802378
340,rising,0.06239728,0.025164504
341,rising,0.07484986,0.022688504
342,rising,0.05024301,0.04206365
343,rising,0.026658272,0.025439143
344,rising,0.039887905,0.022637112
345,stable,0.03201128,0.029393308
346,rising,0.031204859,0.01430392
347,stable,0.054752953,0.1438208
348,stable,0.022033697,0.011007806
349,stable,0.07991596,0.1657421
350,stable,0.039656553,0.02239419
351,stable,0.060797133,0.022448173
352,falling,0.095300846,0.12129577
353,falling,0.06130183,0.023707233
354,falling,0.048485532,0.016404795
355,falling,0.05461916,0.027461119
356,falling,0.05622999,0.015897794
357,falling,0.08520401,0.027758278
358,stable,0.088480406,0.038073104
359,stable,0.079926796,0.07331423
360,stable,0.07950865,0.105171144
361,stable,0.05655694,0.111505345
362,stable,0.06764997,0.09047642
363,stable,0.063918225,0.026810957
364,stable,0.09266009,0.07525615
365,rising,0.07837096,0.034622405
366,rising,0.08884659,0.025830314
367,rising,0.07494464,0.03134611
368,rising,0.114278436,0.19031379
369,rising,0.0869198,0.026922408
370,stable,0.085523345,0.02512
371,stable,0.09336869,0.11368187
372,stable,0.09674797,0.0232865
373,stable,0.06664686,0.015028798
374,stable,0.05683073,0.02417437
375,stable,0.056469657,0.017246813
376,falling,0.04575493,0.016994733
377,falling,0.05487441,0.0590261
378,falling,0.041604627,0.006840205
379,falling,0.04735343,0.011282023
380,falling,0.045564935,0.011147549
381,falling,0.0366242,0.011449379
382,stable,0.037693176,0.02433466
383,stable,0.05334614,0.09275935
384,stable,0.048860695,0.058765203
385,stable,0.04856038,0.03829641
386,stable,0.05802913,0.036161575
387,rising,0.05716064,0.0238523
388,rising,0.050861087,0.040367987
389,rising,0.04403225,0.02676345
390,rising,0.02925023,0.010172642
391,rising,0.031772766,0.010994183
392,rising,0.02852997,0.0134558985
393,rising,0.028907511,0.0065438156
394,stable,0.031171978,0.007811944
395,stable,0.102309465,0.33636272
396,stable,0.051078234,0.016454782
397,stable,0.039573994,0.01500302
398,stable,0.071147345,0.16702291
399,stable,0.048987158,0.08254847
400,falling,0.038979825,0.059193347
401,falling,0.03368417,0.04912997
402,falling,0.037171327,0.013399497
403,falling,0.050969657,0.008516532
404,falling,0.07549546,0.01102642
405,stable,0.08592402,0.02465239
406,stable,0.09916034,0.022839649
407,stable,0.097735964,0.022078108
408,stable,0.10342113,0.070673816
409,stable,0.11087549,0.08500407
410,stable,0.1064172,0.07911454
411,stable,0.092503116,0.015242009
412,stable,0.09627458,0.015261111
413,rising,0.10526844,0.029997274
414,rising,0.08256933,0.059554983
415,rising,0.044722665,0.017466603
416,stable,0.039367914,0.027441002
417,stable,0.034232784,0.01566638
418,stable,0.05810177,0.06870778
419,stable,0.071534835,0.13776991
420,stable,0.080033794,0.035698213
421,stable,0.053550128,0.011277693
422,stable,0.038207907,0.01895617
423,stable,0.056808293,0.09413825
424,falling,0.055449978,0.09699026
425,falling,0.032377567,0.0049010655
426,falling,0.03672472,0.019338176
427,falling,0.040431388,0.008128337
428,falling,0.036557246,0.008273126
429,stable,0.039423347,0.010446143
430,stable,0.038466867,0.013523121
431,stable,0.038417723,0.010240759
432,stable,0.044847924,0.07043292
433,stable,0.047434248,0.12184848
434,stable,0.04371845,0.084153794
435,stable,0.028823633,0.020233385
436,rising,0.04074577,0.05584766
437,rising,0.049684957,0.013665378
438,rising,0.056631256,0.03190501
439,rising,0.06519406,0.027820697
440,rising,0.07707084,0.019985588
441,rising,0.06880932,0.02918501
442,stable,0.077011965,0.022734873
443,stable,0.09779365,0.025224192
444,stable,0.12939948,0.16043949
445,stable,0.18810377,0.16764395
446,stable,0.14601102,0.035180066
447,stable,0.15655622,0.025689922
448,falling,0.15565628,0.032296803
449,falling,0.12584075,0.02342406
450,falling,0.12179292,0.027719622
451,falling,0.10171332,0.02150384
452,falling,0.09067285,0.01997219
453,falling,0.11203805,0.030677535
454,stable,0.09955005,0.031614173
455,stable,0.075465985,0.03891959
456,stable,0.05916882,0.014598245
457,stable,0.073599026,0.045555986
458,stable,0.040048853,0.009580851
459,rising,0.039674554,0.044096682
460,rising,0.02808369,0.01161408
461,rising,0.03093606,0.009608645
462,rising,0.042265244,0.013032817
463,rising,0.031910595,0.014092662
464,rising,0.034777064,0.029348016
465,rising,0.033300973,0.00897955
466,stable,0.050117455,0.076647
467,stable,0.040893868,0.03082686
468,stable,0.058337193,0.114701934
469,stable,0.074763305,0.18412298
470,stable,0.038042404,0.006730051
471,stable,0.03975631,0.006953665
472,stable,0.045703035,0.010666263
473,falling,0.03363552,0.007398921
474,falling,0.029579973,0.0055808267
475,falling,0.05192328,0.05148685
476,falling,0.040667366,0.00897291
477,stable,0.05572683,0.018935127
478,falling,0.039749317,0.00729935
479,stable,0.06293652,0.010811921
480,stable,0.074614145,0.014654121
481,stable,0.07382901,0.018100947
482,stable,0.09508143,0.07153333
483,stable,0.10103135,0.08194936
484,rising,0.09838518,0.050999362
485,rising,0.12638064,0.191334
486,rising,0.092239685,0.02211585
487,rising,0.06307366,0.019960959
488,rising,0.07792445,0.024400478
489,rising,0.050828177,0.022174979
490,stable,0.06849087,0.041786484
491,stable,0.028816875,0.02272651
492,stable,0.034652356,0.06887792
493,stable,0.016745578,0.0120215
494,stable,0.06451807,0.22559665
495,stable,0.052035447,0.16372432
496,falling,0.021646732,0.0063913926
497,falling,0.021105533,0.0047032614
498,falling,0.03286732,0.020458756
499,falling,0.03759845,0.009064765
500,falling,0.04321212,0.018616803
501,falling,0.040611204,0.03224981
502,stable,0.037487388,0.034599707
503,stable,0.04115235,0.057962026
504,stable,0.052177068,0.08682962
505,stable,0.04299042,0.03207584
506,stable,0.05684855,0.019931106
507,stable,0.027790766,0.011110525
508,rising,0.028171875,0.009670691
509,rising,0.028750451,0.020064257
510,rising,0.02166726,0.009226387
511,rising,0.031820532,0.034766585
512,rising,0.040740173,0.09505183
513,rising,0.033484217,0.046866786
514,stable,0.03705656,0.022138
515,stable,0.06037951,0.1451356
516,stable,0.11594685,0.353585
517,stable,0.06845395,0.11963297
518,stable,0.05297095,0.014372097
519,stable,0.047642153,0.012687057
520,falling,0.04358175,0.013202789
521,falling,0.06259641,0.023487998
522,falling,0.063392125,0.022343285
523,falling,0.054645285,0.020208705
524,falling,0.063509464,0.018014625
525,falling,0.06441471,0.028002778
526,stable,0.059478123,0.04222282
527,stable,0.057652716,0.005779045
528,stable,0.08690862,0.112316296
529,stable,0.056622572,0.01450433
530,stable,0.08722119,0.10946161
531,stable,0.06094328,0.0074998736
532,rising,0.071791716,0.04067888
533,rising,0.054810807,0.021339018
534,rising,0.06111831,0.026199432
535,rising,0.060484514,0.009077653
536,rising,0.06634684,0.029310785
537,rising,0.071261555,0.05026572
538,rising,0.08443609,0.09305293
539,stable,0.0586806,0.061160397
540,stable,0.057386834,0.013011029
541,stable,0.056971762,0.00811318
542,stable,0.10103151,0.20435257
543,falling,0.05313064,0.00781488
544,stable,0.071213536,0.13116683
545,stable,0.052449405,0.025128461
546,falling,0.030752163,0.0066684107
547,falling,0.029196328,0.0061494424
548,falling,0.051771816,0.08869416
549,falling,0.03505559,0.004969011
550,stable,0.04679374,0.060627796
551,stable,0.03777758,0.01193212
552,stable,0.075924404,0.15315658
553,stable,0.042258378,0.062191512
554,stable,0.037917145,0.008298804
555,stable,0.045191173,0.051083025
556,stable,0.039469402,0.01794712
557,rising,0.039658453,0.020555655
558,rising,0.03641645,0.013701161
559,rising,0.044492807,0.019119732
560,rising,0.050751224,0.030596452
561,stable,0.033759728,0.0091249915
562,stable,0.05471446,0.11778879
563,stable,0.038721398,0.07505868
564,stable,0.029824018,0.010857584
565,stable,0.02510649,0.0071732695
566,stable,0.04324223,0.11151872
567,stable,0.03088094,0.058854572
568,falling,0.024146177,0.00766864
569,falling,0.029359238,0.020011032
570,falling,0.040185258,0.006618468
571,falling,0.048790265,0.009695255
572,stable,0.068602495,0.03139273
573,falling,0.06236343,0.026347004
574,stable,0.06834857,0.007203842
575,stable,0.08682942,0.10131485
576,stable,0.0682963,0.009462971
577,stable,0.06738566,0.0068686823
578,stable,0.07849625,0.0618847
579,stable,0.08839742,0.103874005
580,rising,0.078510284,0.05813517
581,rising,0.064330235,0.0099959085
582,rising,0.07807501,0.032630168
583,rising,0.051430035,0.0059038633
584,rising,0.054846544,0.015053291
585,rising,0.042114962,0.030593542
586,stable,0.046874117,0.023256121
587,stable,0.032803193,0.015171032
588,stable,0.060384188,0.1353776
589,stable,0.049278714,0.066789694
590,stable,0.06146492,0.0857519
591,stable,0.051717218,0.015780896
592,stable,0.049414024,0.010422178
593,falling,0.060008768,0.026193516
594,falling,0.05554258,0.013298974
595,falling,0.049138702,0.04211036
596,falling,0.037592836,0.012896104
597,stable,0.037927214,0.006528797
598,stable,0.038569804,0.014951193
599,stable,0.06702492,0.11593172
600,stable,0.07660487,0.13548775
601,stable,0.039083827,0.0048343013
602,stable,0.039640784,0.00928022
603,rising,0.054097734,0.10943115
604,rising,0.03173905,0.008358795
605,rising,0.027277566,0.0073677916
606,rising,0.031826023,0.017260699
607,rising,0.0396769,0.011523843
608,rising,0.035199035,0.009414388
609,rising,0.038750287,0.03714381
610,stable,0.053242262,0.0209786
611,stable,0.06795446,0.015815245
612,stable,0.06659821,0.098873004
613,stable,0.09584513,0.31107926
614,stable,0.06499327,0.13473229
615,stable,0.047743794,0.013529385
616,falling,0.064222254,0.098077044
617,falling,0.07769613,0.062120344
618,falling,0.07070871,0.011304645
619,falling,0.06537172,0.015083572
620,falling,0.0669371,0.031504553
621,falling,0.070611805,0.037504084
622,falling,0.058058675,0.0126784295
623,stable,0.06657971,0.019521581
624,stable,0.06552562,0.015002874
625,stable,0.10181454,0.18663006
626,stable,0.10175899,0.17075521
627,rising,0.052743997,0.015532932
628,rising,0.07975073,0.102904275
629,rising,0.038929824,0.03948352
630,rising,0.05401095,0.044078223
631,rising,0.05451946,0.053232703
632,rising,0.045977168,0.016203968
633,rising,0.03742995,0.023115933
634,stable,0.050330706,0.06928234
635,stable,0.049178295,0.07342558
636,stable,0.04896397,0.07405435
637,stable,0.0491509,0.017365722
638,stable,0.050631687,0.013986218
639,stable,0.038485833,0.011768596
640,falling,0.039732948,0.026067672
641,falling,0.07078142,0.17383125
642,falling,0.03894677,0.0062967506
643,falling,0.038713112,0.013346155
644,falling,0.03765426,0.009568863
645,falling,0.051644497,0.019512093
646,falling,0.038381446,0.06828413
647,stable,0.030901572,0.007998937
648,stable,0.031701587,0.0054253708
649,stable,0.0282556,0.009122673
650,stable,1.4250579,0.04657606
651,stable,2.0506294,0.10725334
652,rising,2.4720647,0.14780228
653,rising,2.6273892,0.15698816
654,rising,2.8625977,0.16786465
655,rising,2.9223993,0.10614296
656,rising,2.798083,0.16438894
657,rising,2.72228,0.14403017
658,stable,2.9021063,0.1646963
659,stable,2.9644933,0.09407122
660,stable,2.8305821,0.105578214
661,stable,2.9944303,0.1383249
662,spike,0.10101044,0.14052545
663,spike,0.13303871,0.2055569
664,spike,0.19406685,0.3520728
665,spike,0.13325341,0.21259114
666,spike,0.08940935,0.12725712
667,spike,0.051965937,0.04273675
668,spike,0.042309623,0.014208679
669,spike,0.051173706,0.007415599
670,spike,0.086798325,0.022696089
671,spike,0.09314387,0.025803259
672,spike,0.08541337,0.022866748
673,falling,0.08309432,0.025176603
674,falling,0.092331395,0.018443856
675,stable,0.07323088,0.0352195
676,stable,0.048225366,0.04447948
677,stable,0.035243105,0.013147965
678,rising,0.044479374,0.024683919
679,rising,0.048111662,0.013937766
680,rising,0.08313171,0.028187387
681,stable,0.06543579,0.042068955
682,stable,0.06071285,0.024243034
683,stable,0.07936592,0.03364438
684,stable,0.06325309,0.015709855
685,stable,0.06102697,0.011636825
686,stable,0.056501567,0.010080383
687,stable,0.106913425,0.13963164
688,stable,0.112782106,0.054369826
689,falling,0.0972339,0.024672322
690,falling,0.11847778,0.036976706
691,falling,0.117351405,0.035328995
692,falling,0.16383082,0.037857622
693,stable,0.08985714,0.024522858
694,stable,0.103165574,0.106347494
695,stable,0.11830963,0.14146578
696,stable,0.084790014,0.02702924
697,stable,0.058605023,0.016308516
698,stable,0.06286018,0.01743751
699,rising,0.075210586,0.0903761
700,rising,0.05263471,0.013840755
701,rising,0.04566751,0.016073387
702,rising,0.048487116,0.01824291
703,rising,0.041323535,0.010975795
704,rising,0.043095876,0.009034889
705,stable,0.06432681,0.020878097
706,rising,0.044897173,0.06478713
707,stable,0.03641101,0.016113544
708,stable,0.05757972,0.11810903
709,stable,0.051586,0.020647537
710,stable,0.056362513,0.13596407
711,stable,0.044946466,0.012299122
712,falling,0.060184017,0.015144689
713,falling,0.06652644,0.028339902
714,falling,0.08478951,0.018052671
715,falling,0.059026357,0.020167325
716,falling,0.04639777,0.019703148
717,falling,0.050807618,0.010306229
718,falling,0.069185995,0.08551324
719,stable,0.054411307,0.031607583
720,stable,0.06045284,0.016435042
721,stable,0.0982028,0.1739833
722,stable,0.039081085,0.07221569
723,rising,0.03152339,0.011317708
724,rising,0.033739664,0.01098431
725,rising,0.031470776,0.008336073
726,rising,0.029216666,0.018009383
727,rising,0.023419332,0.00842209
728,rising,0.026216617,0.013010615
729,rising,0.022444574,0.0069115586
730,stable,0.023331782,0.0078090644
731,stable,0.024345316,0.008108842
732,stable,0.04743376,0.09257843
733,stable,0.040328383,0.08917499
734,stable,0.032520894,0.013831179
735,stable,0.045348097,0.037743952
736,falling,0.028334878,0.018746074
737,falling,0.02312953,0.00842288
738,falling,0.03221424,0.013702239
739,falling,0.033940904,0.014965403
740,falling,0.039616227,0.018562915
741,falling,0.037657745,0.015451881
742,stable,0.040738687,0.011663523
743,stable,0.05517072,0.10515423
744,stable,0.03339726,0.007861669
745,stable,0.06253911,0.13858236
746,stable,0.03574459,0.0055116112
747,stable,0.042461988,0.013707426
748,rising,0.032472473,0.006569555
749,rising,0.033107996,0.028100515
750,rising,0.029909419,0.018591808
751,rising,0.027873484,0.008202057
752,rising,0.026324688,0.007438662
753,rising,0.02642576,0.01723574
754,stable,0.021812694,0.006182217
755,stable,0.040760193,0.109627336
756,stable,0.04240169,0.10862935
757,stable,0.040418576,0.0581389
758,stable,0.028063953,0.023076339
759,stable,0.037965026,0.10855158
760,falling,0.030294208,0.042507757
761,falling,0.020248784,0.021146277
762,falling,0.025008533,0.018952196
763,falling,0.033450376,0.041930303
764,falling,0.029670667,0.006770956
765,stable,0.04793167,0.031888124
766,stable,0.04535326,0.02364905
767,stable,0.042359464,0.010495303
768,stable,0.043240704,0.0138345
769,stable,0.04627605,0.0087593915
770,stable,0.070382826,0.054543298
771,rising,0.07696874,0.08307155
772,rising,0.06771241,0.010426103
773,rising,0.091101445,0.109110095
774,rising,0.07973159,0.017267028
775,rising,0.053711995,0.011287975
776,rising,0.046425354,0.008393859
777,rising,0.04629934,0.02024751
778,stable,0.058767505,0.05344441
779,stable,0.07505993,0.05807332
780,stable,0.06790495,0.0203983
781,stable,0.09060267,0.05379441
782,stable,0.09335276,0.10239066
783,stable,0.06772676,0.0741398
784,stable,0.06898309,0.032710183
785,falling,0.06375668,0.023286909
786,falling,0.04754823,0.015727978
787,falling,0.08477733,0.024639996
788,falling,0.085203215,0.017255504
789,falling,0.08889794,0.08139721
790,stable,0.12051105,0.28815076
791,stable,0.06851537,0.039782934
792,stable,0.0833594,0.0426689
793,stable,0.10706069,0.17780383
794,stable,0.09542256,0.16177116
795,stable,0.05179913,0.022800999
796,rising,0.07004395,0.105453774
797,rising,0.051928423,0.012024826
798,rising,0.054499604,0.013419916
799,rising,0.02813706,0.009125429
800,rising,0.030851062,0.010098298
801,stable,0.039869346,0.035484537
802,stable,0.031228123,0.009852232
803,stable,0.051724873,0.06502805
804,stable,0.059341747,0.07598665
805,stable,0.043453217,0.041159064
806,stable,0.042363126,0.018168658
807,stable,0.059128635,0.050339963
808,falling,0.05537032,0.030251434
809,falling,0.060129788,0.01947416
810,falling,0.052938696,0.021761006
811,falling,0.052930333,0.08738736
812,falling,0.04931065,0.016626049
813,falling,0.031845715,0.008563724
814,stable,0.022640694,0.008438967
815,stable,0.06259254,0.20075192
816,stable,0.030394323,0.0073776953
817,stable,0.032367684,0.008353943
818,stable,0.055637516,0.13109075
819,stable,0.06547431,0.15084414
820,rising,0.030697739,0.012849178
821,rising,0.04117218,0.081108116
822,rising,0.032646354,0.0056198863
823,rising,0.03030577,0.0046924525
824,rising,0.031586383,0.0055126306
825,rising,0.03089007,0.007229971
826,stable,0.02919218,0.008064268
827,stable,0.033590302,0.0105230315
828,stable,0.056958016,0.07699968
829,stable,0.041954122,0.012585385
830,stable,0.053409047,0.011848425
831,stable,0.06972,0.11626684
832,falling,0.054417122,0.056227922
833,falling,0.052358653,0.021149551
834,falling,0.052187447,0.021019932
835,falling,0.05313968,0.02025768
836,falling,0.05284764,0.02379321
837,falling,0.07663222,0.16596234
838,stable,0.056978155,0.014250142
839,stable,0.08681626,0.07175154
840,stable,0.036272954,0.009359745
841,stable,0.029011907,0.016900009
842,stable,0.06466973,0.21705414
843,stable,0.035845406,0.08222587
844,rising,0.025444696,0.007970437
845,rising,0.02870922,0.009001272
846,rising,0.03601574,0.0042929277
847,rising,0.041081954,0.005571955
848,rising,0.04277475,0.009362578
849,rising,0.040409844,0.022880547
850,stable,0.036649443,0.007773451
851,stable,0.046567842,0.06642662
852,stable,0.06017012,0.014800481
853,stable,0.053257357,0.107143655
854,stable,0.054476168,0.09398374
855,stable,0.047654387,0.02497915
856,stable,0.053965528,0.07772562
857,falling,0.04622016,0.007855306
858,falling,0.052842624,0.1070233
859,falling,0.045271244,0.01881734
860,falling,0.054750204,0.015071823
861,falling,0.06016348,0.080657765
862,falling,0.043814573,0.009861249
863,stable,0.037207726,0.009585135
864,stable,0.030939005,0.008451536
865,stable,0.038812734,0.013450939
866,stable,0.08720566,0.14327873
867,stable,0.0371701,0.0073183696
868,rising,0.046267483,0.054558422
869,rising,0.03670312,0.034687474
870,rising,0.035390154,0.012027105
871,rising,0.037014667,0.012368393
872,rising,0.022090854,0.013681983
873,rising,0.029292528,0.007034046
874,stable,0.034689188,0.01022865
875,stable,0.030906502,0.0105467085
876,stable,0.030956428,0.009645056
877,stable,0.039437376,0.008417407
878,stable,0.06739209,0.14390783
879,falling,0.02863572,0.009999576
880,falling,0.025939202,0.008254428
881,falling,0.026739901,0.0072366027
882,falling,0.027495872,0.007644278
883,falling,0.028476996,0.0064825783
884,falling,0.030778114,0.016557813
885,stable,0.022207428,0.009501557
886,stable,0.029255832,0.01672181
887,stable,0.029615043,0.058818884
888,stable,0.06424045,0.11393125
889,stable,0.062011372,0.013816659
890,stable,0.122768864,0.098778844
891,stable,0.094882615,0.018769275
892,rising,0.09779163,0.018931597
893,rising,0.100834385,0.02694332
894,rising,0.11239003,0.02630699
895,rising,0.1358019,0.027505605
896,rising,0.12742989,0.026462317
897,stable,0.11408629,0.05095105
898,stable,0.12063106,0.11799688
899,stable,0.10856735,0.03718697
900,stable,0.072849676,0.030369923
901,stable,0.11474628,0.16373913
902,falling,0.0657867,0.040362976
903,falling,0.049612235,0.021293927
904,falling,0.046134043,0.010755698
905,falling,0.047450185,0.020940596
906,falling,0.04300928,0.0131727755
907,falling,0.042053025,0.006003524
908,falling,0.0461358,0.015202303
909,falling,0.039815888,0.005313606
910,stable,0.06804392,0.049874533
911,stable,0.063197024,0.110554725
912,stable,0.03874805,0.012203976
913,stable,0.05038056,0.014750595
914,stable,0.038549714,0.014713044
915,stable,0.036861178,0.0663147
916,rising,0.03147576,0.0059851506
917,rising,0.03689124,0.010954819
918,rising,0.046912134,0.020576159
919,rising,0.048805192,0.020415533
920,rising,0.050941493,0.017394463
921,stable,0.032199707,0.0071542314
922,stable,0.05293819,0.015358968
923,stable,0.06417985,0.08457569
924,stable,0.048878685,0.011548399
925,stable,0.07339561,0.10644363
926,stable,0.061131265,0.03221209
927,stable,0.079152934,0.07306089
928,falling,0.075011246,0.02930073
929,falling,0.08328704,0.043207183
930,falling,0.07577635,0.041236356
931,falling,0.05009638,0.01649359
932,falling,0.05471499,0.01606572
933,falling,0.06808057,0.10742976
934,falling,0.034289166,0.010642679
935,stable,0.07046748,0.19236906
936,stable,0.043265093,0.014859869
937,stable,0.068730146,0.14350682
938,stable,0.060423635,0.10625964
939,stable,0.030649824,0.02092629
940,rising,0.04900625,0.1080921
941,rising,0.035945322,0.015769465
942,rising,0.040469293,0.022070786
943,rising,0.03595544,0.016176248
944,rising,0.025629649,0.013214321
945,rising,0.02667165,0.046949822
946,stable,0.017982548,0.0067333044
947,stable,0.013515685,0.005197283
948,stable,0.024395334,0.007354185
949,stable,0.031858858,0.011131388
950,stable,0.051612638,0.123932526
951,stable,0.032915037,0.01293468
952,falling,0.0313985,0.008841018
953,falling,0.03866107,0.037170663
954,falling,0.046161387,0.013681346
955,falling,0.055871774,0.01842511
956,falling,0.070466526,0.023013962
957,falling,0.06369019,0.04199276
958,stable,0.06360533,0.019272313
959,stable,0.061632846,0.011313833
960,stable,0.05150384,0.011763704
961,stable,0.08014428,0.10885898
962,stable,0.06544688,0.053068522
963,stable,0.054105025,0.020318184
964,rising,0.07264982,0.08870745
965,rising,0.0606845,0.011007485
966,rising,0.04693674,0.01875698
967,rising,0.06489914,0.025189627
968,rising,0.05861516,0.028347652
969,rising,0.05966045,0.014099223
970,stable,0.069017425,0.08907266
971,stable,0.06967009,0.10280663
972,stable,0.076974235,0.1051512
973,stable,0.06081254,0.012944952
974,stable,0.0647561,0.014716242
975,falling,0.07267695,0.015313775
976,falling,0.08424591,0.08003035
977,falling,0.039217662,0.045094695
978,falling,0.03873495,0.014543672
979,falling,0.025054483,0.008520885
980,falling,0.022634098,0.0074090906
981,falling,0.024070324,0.00818867
982,stable,0.034132164,0.04169838
983,stable,0.03538326,0.06568488
984,stable,0.041902434,0.1152416
985,stable,0.062052634,0.1558724
986,stable,0.046366923,0.08466052
987,stable,0.05336306,0.065900296
988,rising,0.043302413,0.04097161
989,rising,0.044869296,0.024376795
990,rising,0.04320508,0.032054752
991,rising,0.049056653,0.015909072
992,rising,0.057073,0.029745484
993,stable,0.031772595,0.012850402
994,stable,0.037140116,0.015335302
995,stable,0.08065704,0.12787361
996,stable,0.06948959,0.11907642
997,stable,0.06628402,0.13326855
998,stable,0.07458319,0.17115548
999,stable,0.051234204,0.014704017
1000,falling,0.063977055,0.022699516
1001,falling,0.057310116,0.034676015
1002,falling,0.059801735,0.015431947
1003,falling,0.03903772,0.006268177
1004,falling,0.039111815,0.010497898
1005,falling,0.049372576,0.04112187
1006,stable,0.06873846,0.120875634
1007,stable,0.049791634,0.07134153
1008,stable,0.028899107,0.010442663
1009,stable,0.029163146,0.018254384
1010,stable,0.043998875,0.08431296
1011,stable,0.05228086,0.089710906
1012,rising,0.050535835,0.046209075
1013,rising,0.0423125,0.015794257
1014,rising,0.06149683,0.022628779
1015,rising,0.04740708,0.015735483
1016,rising,0.0630956,0.034891002
1017,stable,0.04606521,0.03211
1018,stable,0.0684923,0.1159636
1019,stable,0.057263605,0.012748441
1020,stable,0.071413316,0.07355595
1021,stable,0.13946106,0.31478807
1022,stable,0.081080936,0.13953356
1023,stable,0.06599998,0.06185406
1024,falling,0.05973253,0.063062824
1025,falling,0.05428156,0.016504565
1026,falling,0.03930761,0.02114549
1027,falling,0.04045585,0.016524581
1028,falling,0.049129713,0.015219347
1029,falling,0.05115602,0.016999826
1030,stable,0.065597266,0.029590731
1031,stable,0.03846632,0.018505521
1032,stable,0.050451882,0.06644672
1033,stable,0.05065834,0.10792178
1034,stable,0.049295057,0.09750346
1035,rising,0.035843555,0.02125377
1036,rising,0.035280272,0.01932735
1037,rising,0.040350124,0.015641171
1038,rising,0.037709426,0.015752682
1039,rising,0.025099983,0.008166688
1040,stable,0.025025344,0.00943944
1041,stable,0.016694756,0.0059546204
1042,stable,0.027444325,0.011512423
1043,stable,0.03633437,0.064800344
1044,stable,0.019977635,0.0077745295
1045,stable,0.035598017,0.011146385
1046,stable,0.057183906,0.11999265
1047,stable,0.07873388,0.037794806
1048,falling,0.10369002,0.0699254
1049,falling,0.07456642,0.01994109
1050,falling,0.07061427,0.022896634
1051,falling,0.06851916,0.025354156
1052,falling,0.07755749,0.029862832
1053,falling,0.09641173,0.02620463
1054,stable,0.09513937,0.02413557
1055,stable,0.09518885,0.024235398
1056,stable,0.08714333,0.025618821
1057,stable,0.07982205,0.028644353
1058,stable,0.082264304,0.08130627
1059,stable,0.0613992,0.02550137
1060,stable,0.060649354,0.023824481
1061,rising,0.070534036,0.023317134
1062,rising,0.07858885,0.024918638
1063,rising,0.0974933,0.038555782
1064,rising,0.057044096,0.017906174
1065,stable,0.050374947,0.021229476
1066,stable,0.055222403,0.016665233
1067,stable,0.07329219,0.057750586
1068,stable,0.06653515,0.054329306
1069,stable,0.075393826,0.015428699
1070,stable,0.07216449,0.045249086
1071,stable,0.11678245,0.13239978
1072,falling,0.06719306,0.047927357
1073,falling,0.09102307,0.029654438
1074,falling,0.07877435,0.035828095
1075,falling,0.059423033,0.046321873
1076,falling,0.047864754,0.019086283
1077,falling,0.045903124,0.01696471
1078,stable,0.042460732,0.013894264
1079,stable,0.06465916,0.033986986
1080,stable,0.048653055,0.017710121
1081,stable,0.056047328,0.08308354
1082,stable,0.09927688,0.12807715
1083,stable,0.08279262,0.027988777
1084,rising,0.08275233,0.021952413
1085,rising,0.091220476,0.03556215
1086,rising,0.13092165,0.119232215
1087,rising,0.082843356,0.027026352
1088,rising,0.095365874,0.026246415
1089,rising,0.071330994,0.020691568
1090,stable,0.06709776,0.022500673
1091,stable,0.079885505,0.10996085
1092,stable,0.09181665,0.16122216
1093,stable,0.11070201,0.018510746
1094,stable,0.06974654,0.19149703
1095,falling,0.03041103,0.0263928
1096,falling,0.03342479,0.07611109
1097,falling,0.023198565,0.014681437
1098,falling,0.022179324,0.022921763
1099,falling,0.04787404,0.00888118
1100,falling,0.05970141,0.01224118
1101,falling,0.06967699,0.015499608
1102,stable,0.07107889,0.016831262
1103,stable,0.072935574,0.018070716
1104,stable,0.10641451,0.06396801
1105,stable,0.11837362,0.086239934
1106,stable,0.10609408,0.08340916
1107,stable,0.09817576,0.02051001
1108,rising,0.10984492,0.027206073
1109,rising,0.101369634,0.02161629
1110,rising,0.12610872,0.04859981
1111,rising,0.064986154,0.02765343
1112,rising,0.07530163,0.02395532
1113,stable,0.12335101,0.2580843
1114,stable,0.09369508,0.016122574
1115,stable,0.093737386,0.015741149
1116,stable,0.120260686,0.04608042
1117,stable,0.11320837,0.0393444
1118,stable,0.10695838,0.04659797
1119,stable,0.11068796,0.06000453
1120,stable,0.11378623,0.024938058
1121,falling,0.09819241,0.028448844
1122,falling,0.08291582,0.024116587
1123,falling,0.058455646,0.024559371
1124,falling,0.046202317,0.042338673
1125,falling,0.042246033,0.01482177
1126,stable,0.04199977,0.01241665
1127,stable,0.049325086,0.059287034
1128,stable,0.053772,0.10917547
1129,stable,0.028888024,0.014857434
1130,stable,0.025120521,0.0072668456
1131,stable,0.044139706,0.08311563
1132,rising,0.036015842,0.025718056
1133,rising,0.024447272,0.0046871426
1134,rising,0.026999308,0.01052123
1135,rising,0.028296798,0.007720104
1136,rising,0.033978324,0.009994705
1137,rising,0.049669016,0.023532063
1138,stable,0.049385134,0.035035677
1139,stable,0.05298746,0.07198735
1140,stable,0.041287184,0.006244028
1141,stable,0.060119644,0.036307942
1142,stable,0.090885215,0.16006987
1143,stable,0.078593284,0.1504596
1144,stable,0.057403304,0.013944212
1145,falling,0.06591422,0.056662016
1146,falling,0.05622887,0.018999867
1147,falling,0.06607596,0.014420284
1148,falling,0.08775719,0.025084598
1149,falling,0.06295837,0.016813138
1150,stable,0.056595173,0.018742532
1151,stable,0.075640164,0.01952951
1152,stable,0.04829133,0.03653795
1153,stable,0.05947171,0.022828864
1154,stable,0.05996406,0.017252725
1155,stable,0.119241074,0.06535744
1156,rising,0.10676711,0.02138379
1157,rising,0.13662599,0.10264656
1158,rising,0.14863382,0.042849876
1159,rising,0.13656501,0.04290314
1160,rising,0.17928468,0.04553663
1161,rising,0.26409942,0.10799496
1162,stable,0.25655463,0.44302788
1163,stable,0.22844799,0.37452126
1164,stable,0.10255166,0.018634794
1165,stable,0.13709241,0.13717224
1166,stable,0.13015708,0.2512491
1167,falling,0.05710618,0.011865186
1168,falling,0.053958986,0.009448311
1169,falling,0.03972927,0.008031189
1170,falling,0.028673876,0.011305318
1171,falling,0.030449824,0.026498957
1172,falling,0.02059119,0.006568513
1173,falling,0.025348993,0.0077274195
1174,stable,0.03559238,0.037114196
1175,stable,0.02472316,0.011341003
1176,stable,0.027461529,0.028664786
1177,stable,0.027336745,0.021071987
1178,stable,0.043859545,0.104608335
1179,rising,0.037326287,0.07470839
1180,rising,0.039346207,0.06658653
1181,rising,0.028855566,0.0071622124
1182,rising,0.029395107,0.0077896453
1183,rising,0.03708204,0.013009227
1184,rising,0.05348031,0.020394322
1185,stable,0.054126814,0.020763053
1186,stable,0.04246537,0.056139417
1187,stable,0.04322137,0.047161255
1188,stable,0.05834173,0.016689332
1189,stable,0.07294709,0.11549585
1190,stable,0.05561918,0.020191342
1191,stable,0.9056457,0.030983137
1192,falling,1.364952,0.14142707
1193,falling,1.4796541,0.1246996
1194,falling,1.5744548,0.08538404
1195,falling,1.6307981,0.14081572
1196,falling,1.6347086,0.079134494
1197,falling,1.6094872,0.0811467
1198,stable,1.6593632,0.10209962
1199,stable,1.6852278,0.08862042
1200,stable,1.8671578,0.49465373
1201,stable,1.7960937,0.4574799
1202,stable,1.9162017,0.15961552
1203,spike,0.04462054,0.03883434
1204,spike,0.042978264,0.061622735
1205,spike,0.04277273,0.034836587
1206,spike,0.03080709,0.011806017
1207,spike,0.06319576,0.073648326
1208,spike,0.05131379,0.022772513
1209,spike,0.050240707,0.059606396
1210,spike,0.049068823,0.08299815
1211,spike,0.04053666,0.014237366
1212,spike,0.04815582,0.14141676
1213,spike,0.07977296,0.21510231
1214,falling,0.029594788,0.022688141
1215,falling,0.0769841,0.22805469
1216,falling,0.0227218,0.008811107
1217,falling,0.04272033,0.10379716
1218,falling,0.032827824,0.011618777
1219,falling,0.040266182,0.021607835
1220,falling,0.040375765,0.013745006
1221,falling,0.037387826,0.017275719
1222,stable,0.048896823,0.007046167
1223,stable,0.07076295,0.014021422
1224,stable,0.09471988,0.09505602
1225,stable,0.49571666,0.024814297
1226,stable,0.73796946,0.08039643
1227,stable,0.74839324,0.054954275
1228,rising,0.86565095,0.058519814
1229,rising,0.9166041,0.08452214
1230,rising,0.91471446,0.053716615
1231,rising,0.8978625,0.071824305
1232,rising,0.9472023,0.073396176
1233,rising,0.865413,0.11125871
1234,stable,1.1222947,0.14824755
1235,stable,1.1705976,0.1514501
1236,stable,0.8548454,0.079827994
1237,spike,0.10075414,0.04117178
1238,spike,0.09504999,0.060853362
1239,spike,0.08397272,0.026643181
1240,spike,0.098787434,0.023623053
1241,spike,0.11718409,0.040370334
1242,spike,0.11757631,0.04106035
1243,spike,0.08977899,0.02151242
1244,spike,0.06549246,0.019368565
1245,spike,0.054351054,0.011745355
1246,spike,0.08391928,0.030204382
1247,spike,0.095193304,0.045618273
1248,falling,0.11441827,0.02121436
1249,falling,0.19077286,0.10693556
1250,stable,0.1829017,0.10119629
1251,stable,0.16843566,0.039136063
1252,stable,0.113168225,0.036894802
1253,stable,0.13842015,0.03583258
1254,stable,0.17826048,0.05986882
1255,rising,0.23213847,0.055498455
1256,rising,0.23374979,0.06606858
1257,rising,0.22223644,0.075807646
1258,stable,0.103509255,0.18696474
1259,stable,0.083613716,0.027782481
1260,stable,0.11043853,0.029442094
1261,stable,0.05930569,0.062255796
1262,stable,0.08433547,0.23939754
1263,stable,0.03189188,0.012527497
1264,falling,0.047322806,0.05773511
1265,falling,0.043197896,0.063029855
1266,falling,0.045932528,0.073964
1267,falling,0.033704076,0.008232847
1268,falling,0.050143443,0.039454974
1269,stable,0.048008062,0.012314877
1270,stable,0.049440328,0.030589802
1271,stable,0.051442686,0.025510266
1272,stable,0.06464245,0.097050175
1273,stable,0.051572252,0.016965374
1274,stable,0.04559355,0.011919458
1275,stable,0.04103752,0.022503547
1276,rising,0.051328342,0.03931377
1277,rising,0.070198305,0.13765068
1278,rising,0.03822064,0.012275138
1279,rising,0.051974226,0.010676242
1280,rising,0.051604737,0.012346432
1281,rising,0.061670963,0.030439926
1282,rising,0.08220752,0.0259616
1283,stable,0.04839078,0.026087012
1284,stable,0.046574578,0.061308138
1285,stable,0.045542903,0.08371265
1286,stable,0.11504042,0.32094318
1287,stable,0.073634416,0.077073924
1288,stable,0.059962504,0.013932455
1289,falling,0.05982368,0.01816999
1290,falling,0.05652643,0.019952709
1291,stable,0.04418565,0.024894021
1292,falling,0.037645817,0.011387526
1293,falling,0.057527166,0.043140672
1294,stable,0.035897847,0.010277781
1295,stable,0.048021983,0.010484099
1296,stable,0.06724869,0.13100475
1297,stable,0.04448058,0.012672028
1298,stable,0.05347442,0.03320414
1299,stable,0.029691074,0.010085472
1300,rising,0.026760442,0.011388662
1301,rising,0.025054783,0.0050876974
1302,rising,0.026081866,0.0068282145
1303,rising,0.041421894,0.009604218
1304,rising,0.039654937,0.017767483
1305,stable,0.039031718,0.030078728
1306,stable,0.039857797,0.009821762
1307,stable,0.061747584,0.022686904
1308,stable,0.06458216,0.082725056
1309,stable,0.043707397,0.02812563
1310,stable,0.033126988,0.007071745
1311,stable,0.039344765,0.0056537027
1312,falling,0.055099025,0.06290806
1313,falling,0.057706397,0.054735515
1314,falling,0.054049756,0.00940913
1315,falling,0.049312856,0.013260733
1316,falling,0.037008762,0.007513386
1317,falling,0.042336144,0.026353803
1318,falling,0.036092766,0.0036717248
1319,stable,0.041365188,0.011293763
1320,stable,0.04531164,0.014221514
1321,stable,0.05435731,0.050521944
1322,stable,0.059881907,0.011571074
1323,stable,0.08317736,0.16258821
1324,rising,0.059566855,0.06732493
1325,rising,0.058770694,0.034411542
1326,rising,0.07968398,0.15130888
1327,rising,0.07451331,0.11666559
1328,rising,0.057164147,0.014038096
1329,rising,0.065603726,0.049100243
1330,rising,0.05668723,0.01889013
1331,stable,0.05985268,0.025315426
1332,stable,0.07715308,0.022739014
1333,stable,0.09224558,0.14919019
1334,stable,0.046968833,0.022482356
1335,stable,0.03846966,0.005808671
1336,falling,0.06689326,0.06580327
1337,falling,0.055760935,0.011858249
1338,falling,0.047061194,0.00820649
1339,falling,0.047807634,0.017299902
1340,falling,0.0416971,0.012499826
1341,falling,0.05203213,0.025601406
1342,stable,0.0686283,0.09784537
1343,stable,0.08240213,0.16040523
1344,stable,0.0665632,0.13109867
1345,stable,0.043428577,0.007689009
1346,stable,0.06737963,0.12620002
1347,stable,0.050883684,0.014997362
1348,rising,0.024138061,0.010882638
1349,rising,0.03166408,0.049221717
1350,rising,0.032389518,0.025935356
1351,rising,0.029814072,0.01374092
1352,rising,0.06847466,0.016440043
1353,rising,0.041229144,0.023613466
1354,stable,0.046428237,0.013497
1355,stable,0.06059637,0.01728888
1356,stable,0.059402958,0.013879167
1357,stable,0.09062524,0.067226745
1358,stable,0.085115634,0.03632745
1359,falling,0.1064647,0.04276547
1360,falling,0.09141049,0.032985136
1361,falling,0.07637657,0.022192515
1362,falling,0.060844358,0.025616795
1363,falling,0.061486203,0.011828591
1364,falling,0.05709401,0.049173143
1365,falling,0.09830851,0.07812032
1366,stable,0.05702795,0.08629558
1367,stable,0.037829902,0.02144948
1368,stable,0.07007471,0.10086376
1369,stable,0.040961273,0.03490648
1370,stable,0.06513794,0.17012466
1371,stable,0.026291197,0.015747176
1372,rising,0.024213063,0.009646303
1373,rising,0.037082847,0.049916353
1374,rising,0.034188733,0.010394026
1375,rising,0.03983074,0.010471005
1376,rising,0.02852079,0.007564251
1377,rising,0.033919003,0.03494593
1378,stable,0.05046145,0.011903207
1379,stable,0.052412067,0.073312685
1380,stable,0.075846,0.16447087
1381,stable,0.0894007,0.15664615
1382,stable,0.0759785,0.14139822
1383,stable,0.07371103,0.088357806
1384,falling,0.06967528,0.07543542
1385,falling,0.057244252,0.033098843
1386,falling,0.05759842,0.026910797
1387,falling,0.07208545,0.014441706
1388,falling,0.09357858,0.023090033
1389,falling,0.08090932,0.010386858
1390,falling,0.09963193,0.12225749
1391,stable,0.06899779,0.011932839
1392,stable,0.086867526,0.17154114
1393,stable,0.09169243,0.15678827
1394,stable,0.0877638,0.17322662
1395,stable,0.106402636,0.1405481
1396,rising,0.05086348,0.08807367
1397,rising,0.064847566,0.0119903395
1398,rising,0.06178822,0.011786746
1399,rising,0.048145913,0.012429229
1400,rising,0.044760715,0.012422514
1401,rising,0.07341109,0.020524759
1402,stable,0.079040274,0.015695333
1403,stable,0.07725683,0.034609634
1404,stable,0.07138146,0.01959473
1405,stable,0.09181773,0.025568098
1406,stable,0.09349602,0.02043115
1407,stable,0.07358928,0.059875626
1408,falling,0.08332698,0.02512159
1409,falling,0.048628334,0.05406172
1410,falling,0.04620629,0.008538752
1411,falling,0.036404673,0.009043945
1412,falling,0.04079651,0.02511243
1413,stable,0.046011157,0.028596457
1414,stable,0.061892446,0.043532256
1415,stable,0.057332568,0.012040453
1416,stable,0.05629773,0.018831773
1417,stable,0.08831565,0.0508729
1418,stable,0.06864249,0.010877574
1419,stable,0.055577468,0.011859388
1420,stable,0.06770943,0.05148326
1421,rising,0.05500832,0.0055900277
1422,rising,0.06270575,0.030080505
1423,rising,0.047970373,0.0054419446
1424,rising,0.052333567,0.011056345
1425,rising,0.061049465,0.014359402
1426,stable,0.07118205,0.024293294
1427,stable,0.060913544,0.021164775
1428,stable,0.0597223,0.017656583
1429,stable,0.05336518,0.048359774
1430,stable,0.075258486,0.057403095
1431,stable,0.06408895,0.05285672
1432,stable,0.045729704,0.057321146
1433,falling,0.038885925,0.01543901
1434,falling,0.025656134,0.008487673
1435,falling,0.020951811,0.0055499324
1436,falling,0.039778035,0.08164232
1437,stable,0.02555945,0.0050483933
1438,stable,0.039014176,0.06347013
1439,stable,0.03901108,0.015149587
1440,stable,0.065993056,0.15533973
1441,stable,0.055995,0.12281955
1442,stable,0.031459432,0.009368542
1443,stable,0.029523382,0.008509473
1444,rising,0.038006544,0.048330832
1445,rising,0.029435998,0.012963064
1446,rising,0.02460904,0.0068249246
1447,rising,0.034416564,0.0055787303
1448,rising,0.0334127,0.009304303
1449,rising,0.047304194,0.0072819213
1450,stable,0.05878569,0.04892214
1451,stable,0.069542095,0.07316788
1452,stable,0.05034364,0.012025684
1453,stable,0.08318273,0.20473371
1454,stable,0.06991045,0.09033763
1455,stable,0.05923069,0.010699201
1456,falling,0.055446234,0.010270403
1457,falling,0.05857809,0.014050952
1458,falling,0.059776615,0.008639582
1459,falling,0.06620341,0.016188009
1460,falling,0.056018054,0.007851563
1461,stable,0.05451775,0.019069675
1462,stable,0.05660064,0.0091897715
1463,stable,0.058311246,0.009204893
1464,stable,0.07155597,0.08799567
1465,stable,0.0635802,0.011569538
1466,stable,0.052437376,0.009616711
1467,stable,0.06935831,0.07887075
1468,rising,0.049416635,0.011560543
1469,rising,0.058396894,0.0071071223
1470,rising,0.06425813,0.009776072
1471,rising,0.05303128,0.00643152
1472,stable,0.05132514,0.009445509
1473,rising,0.06244564,0.028593685
1474,stable,0.07774994,0.039775584
1475,stable,0.07237703,0.10531661
1476,stable,0.05686376,0.012688166
1477,stable,0.061223842,0.02979506
1478,stable,0.07655009,0.08006108
1479,stable,0.074280664,0.063668236
1480,falling,0.062320113,0.0066774003
1481,falling,0.069657095,0.014847554
1482,falling,0.04865192,0.008014941
1483,falling,0.045532327,0.0057620653
1484,falling,0.054206096,0.011372085
1485,stable,0.06426938,0.071196094
1486,stable,0.056711674,0.010244426
1487,stable,0.07344443,0.038594574
1488,stable,0.067977294,0.13107237
1489,stable,0.09006097,0.24595633
1490,stable,0.0853502,0.15122506
1491,stable,0.0512222,0.012714499
1492,rising,0.03943224,0.059664503
1493,rising,0.031199668,0.0037537115
1494,rising,0.027336681,0.006925979
1495,rising,0.03740204,0.010565751
1496,rising,0.039884504,0.02092741
1497,rising,0.04328487,0.02498175
1498,stable,0.04267776,0.093537405
1499,stable,0.038094494,0.05187543
1500,stable,0.032985706,0.06619228
1501,stable,0.03116427,0.015653545
1502,stable,0.033105753,0.013821053
1503,falling,0.03274356,0.08449632
1504,falling,0.015736282,0.004608136
1505,falling,0.019606361,0.0074178916
1506,falling,0.021619996,0.006266307
1507,falling,0.01721048,0.0061646737
1508,falling,0.021898903,0.006652888
1509,falling,0.03179095,0.046841692
1510,stable,0.026395135,0.010916371
1511,stable,0.048289675,0.07604319
1512,stable,0.037746362,0.0937333
1513,stable,0.018272715,0.0035955552
1514,stable,0.043934915,0.11546315
1515,stable,0.05584968,0.16493818
1516,rising,0.028082786,0.008809908
1517,rising,0.027036417,0.01210639
1518,rising,0.03341972,0.018192613
1519,rising,0.03785346,0.009073002
1520,rising,0.040342636,0.011212508
1521,rising,0.048165105,0.047611848
1522,stable,0.052480455,0.010804778
1523,stable,0.039432403,0.011135163
1524,stable,0.037890207,0.014617756
1525,stable,0.0461366,0.038477987
1526,stable,0.04295589,0.0063899127
1527,stable,0.063333824,0.05484215
1528,falling,0.06265465,0.026161857
1529,falling,0.06642671,0.02853472
1530,falling,0.06659263,0.014776409
1531,falling,0.04566855,0.010054712
1532,falling,0.046105232,0.009871259
1533,stable,0.060508918,0.08134185
1534,stable,0.037766114,0.012026613
1535,stable,0.079248324,0.19775304
1536,stable,0.03414545,0.012883825
1537,stable,0.036738668,0.0103354715
1538,stable,0.031648163,0.023645317
1539,stable,0.044237535,0.01352787
1540,rising,0.039234657,0.009782186
1541,rising,0.031012816,0.012126019
1542,rising,0.038977113,0.0436996
1543,rising,0.050226446,0.022860907
1544,rising,0.06639098,0.024333116
1545,rising,0.060372833,0.016034631
1546,stable,0.06835773,0.013653972
1547,stable,0.053804405,0.051316272
1548,stable,0.051687773,0.060226306
1549,stable,0.044131007,0.030188976
1550,stable,0.04902754,0.08220845
1551,stable,0.054552395,0.085336
1552,falling,0.04141214,0.025562342
1553,falling,0.029316876,0.006752461
1554,falling,0.022970283,0.008651329
1555,falling,0.033755843,0.07019635
1556,falling,0.028968208,0.021554116
1557,falling,0.057153888,0.05975986
1558,stable,0.057315204,0.082575545
1559,stable,0.041718308,0.00803077
1560,stable,0.042118415,0.008181923
1561,stable,0.07292362,0.1623604
1562,stable,0.08649589,0.24652573
1563,rising,0.042590883,0.0046647643
1564,rising,0.054546274,0.03760924
1565,rising,0.045657117,0.009461622
1566,rising,0.04915119,0.017741574
1567,rising,0.064354755,0.012257236
1568,rising,0.072387494,0.011612003
1569,rising,0.0658112,0.014742693
1570,stable,0.06911875,0.04848827
1571,stable,0.047951806,0.015169145
1572,stable,0.060569003,0.011370755
1573,stable,0.047511496,0.008126509
1574,stable,0.06436011,0.0827496
1575,stable,0.04402437,0.0056882054
1576,stable,0.0627399,0.069169946
1577,falling,0.0712314,0.040348645
1578,falling,0.062809214,0.029467316
1579,falling,0.048064604,0.0076351296
1580,falling,0.03528035,0.0153579805
1581,stable,0.044772994,0.0322304
1582,stable,0.04958141,0.053021457
1583,stable,0.062855594,0.09455032
1584,stable,0.09756666,0.24641077
1585,stable,0.07383809,0.0940824
1586,stable,0.09113042,0.1833894
1587,stable,0.06620452,0.074976504
1588,rising,0.050157554,0.009971004
1589,rising,0.053297095,0.028204177
1590,rising,0.053117033,0.011585686
1591,rising,0.048577312,0.011986862
1592,rising,0.05591903,0.015110573
1593,stable,0.04048226,0.0071802763
1594,rising,0.052577954,0.040791526
1595,stable,0.037268534,0.022757228
1596,stable,0.034821313,0.008658185
1597,stable,0.07234565,0.15607667
1598,stable,0.044441473,0.010643787
1599,falling,0.04966272,0.013003555
1600,stable,0.066771425,0.08447047
1601,falling,0.05179115,0.010318261
1602,falling,0.04940343,0.0068874964
1603,falling,0.053872008,0.008604642
1604,falling,0.06590525,0.02068815
1605,falling,1.5163523,0.05604541
1606,stable,2.1673112,0.16692004
1607,stable,2.493031,0.081193805
1608,stable,2.5387228,0.121140085
1609,stable,2.6987708,0.11689334
1610,stable,2.6643097,0.395152
1611,stable,2.811362,0.12465454
1612,rising,2.8432014,0.15579063
1613,rising,2.7317605,0.10909141
1614,rising,2.840412,0.11930665
1615,rising,2.712707,0.15921189
1616,rising,2.505587,0.105861396
1617,spike,0.2410727,0.2802913
1618,spike,0.120049626,0.073945194
1619,spike,0.06633578,0.044839256
1620,spike,0.077611245,0.11849778
1621,spike,0.0893671,0.073287405
1622,spike,0.1017525,0.103346854
1623,spike,0.11969943,0.124556355
1624,spike,0.07350973,0.07567089
1625,spike,0.04650043,0.022906214
1626,spike,0.044072267,0.020210356
1627,spike,0.046801217,0.017201405
1628,falling,0.03821588,0.015919577
1629,falling,0.08887293,0.15432629
1630,falling,0.052839283,0.021749353
1631,falling,0.031223128,0.008690734
1632,stable,0.053069163,0.09778117
1633,stable,0.050847817,0.025544252
1634,stable,0.06497591,0.023056412
1635,stable,0.06513408,0.024840165
1636,rising,0.044926867,0.02225909
1637,rising,0.048019562,0.027871424
1638,rising,0.060710393,0.02700327
1639,rising,0.07473571,0.018000996
1640,rising,0.09751175,0.031409435
1641,rising,0.093686365,0.045783922
1642,rising,0.08207766,0.021076245
1643,stable,1.219273,0.13823305
1644,stable,1.5537864,0.10986591
1645,stable,1.8461854,0.12866111
1646,stable,2.0490963,0.119079955
1647,falling,2.1026242,0.17222638
1648,falling,2.0426621,0.12038618
1649,falling,2.1487162,0.17128679
1650,falling,2.305352,0.1846457
1651,falling,2.3088946,0.16900828
1652,falling,2.336254,0.18470643
1653,falling,2.2918687,0.2661807
1654,stable,2.1716297,0.26269093
1655,spike,0.097483866,0.13069908
1656,spike,0.09469544,0.14228082
1657,spike,0.12027745,0.30592486
1658,spike,0.1291052,0.21375766
1659,spike,0.07221406,0.12736246
1660,spike,0.058927763,0.021382956
1661,spike,0.05838119,0.019246314
1662,spike,0.056998502,0.016267886
1663,spike,0.060685765,0.06339174
1664,spike,0.05990453,0.08395291
1665,spike,0.06107468,0.08412713
1666,falling,0.072039515,0.12216238
1667,stable,0.047507092,0.01080157
1668,falling,0.06435098,0.015239421
1669,falling,0.050488558,0.013709276
1670,falling,0.0919176,0.20278035
1671,falling,0.09085072,0.06016541
1672,falling,0.066394456,0.07801418
1673,falling,0.05615233,0.016766153
1674,falling,0.058594402,0.039513506
1675,falling,0.069138296,0.03756284
1676,falling,0.08198039,0.038901806
1677,falling,0.10842889,0.033911992
1678,stable,0.07779233,0.0241584
1679,stable,0.047414556,0.023093872
1680,stable,0.03709836,0.012907417
1681,stable,0.04526474,0.058066893
1682,stable,0.032516323,0.009690788
1683,stable,0.029358761,0.0070970887
1684,stable,0.04069292,0.020922499
1685,rising,0.038108785,0.006557233
1686,rising,0.036591746,0.014633852
1687,rising,0.04258118,0.023859292
1688,rising,0.049051,0.025722217
1689,stable,0.038678516,0.023004388
1690,stable,0.058194093,0.08736147
1691,stable,0.07177806,0.1328654
1692,stable,0.08798365,0.109021924
1693,stable,0.092206195,0.11505522
1694,stable,0.12561376,0.08428761
1695,stable,0.08189642,0.035244055
1696,falling,0.07010128,0.11871087
1697,falling,0.06486551,0.07399955
1698,falling,0.05822859,0.044615436
1699,falling,0.060571652,0.04679111
1700,falling,0.058584604,0.01670123
1701,falling,0.0693359,0.033700477
1702,stable,0.10046664,0.13876165
1703,stable,0.07376231,0.10535903
1704,stable,0.06435273,0.016308567
1705,stable,0.09903877,0.11760704
1706,stable,0.105476804,0.12471923
1707,rising,0.059887134,0.01904848
1708,rising,0.066210665,0.023881951
1709,rising,0.09861774,0.025602272
1710,rising,0.11967095,0.04161358
1711,rising,0.075156316,0.019707583
1712,rising,0.075889386,0.01986602
1713,stable,0.059669383,0.015705397
1714,stable,0.056400646,0.031332776
1715,stable,0.054381233,0.008259069
1716,stable,0.07153454,0.11472068
1717,stable,0.062163588,0.018409118
1718,stable,0.064791806,0.012779043
1719,falling,0.07523199,0.029444767
1720,falling,0.0923055,0.084822424
1721,falling,0.07323872,0.032638025
1722,falling,0.07361538,0.022257095
1723,falling,0.06516254,0.010469193
1724,falling,0.08326282,0.015706914
1725,falling,0.063548975,0.012661887
1726,stable,0.10016218,0.036086045
1727,stable,0.11115034,0.11140087
1728,stable,0.081344455,0.018538292
1729,stable,0.06918355,0.027708609
1730,stable,0.076817974,0.09928474
1731,stable,0.08573614,0.08799205
1732,rising,0.07585766,0.024510585
1733,rising,0.07422908,0.014545205
1734,rising,0.076085754,0.017816314
1735,rising,0.060185138,0.0340958
1736,rising,0.06256198,0.03221267
1737,stable,0.07030904,0.012818401
1738,stable,0.09995222,0.09367944
1739,stable,0.116838604,0.12876783
1740,stable,0.06711512,0.056761056
1741,stable,0.093827404,0.16559258
1742,stable,0.110374115,0.16545485
1743,falling,0.07227266,0.18395616
1744,falling,0.07920863,0.10158123
1745,falling,0.073094085,0.02536213
1746,falling,0.06995981,0.033145007
1747,falling,0.022105671,0.017237822
1748,falling,0.01974017,0.008231807
1749,falling,0.024431529,0.016721541
1750,falling,0.028155403,0.017226845
1751,stable,0.050281778,0.07335982
1752,stable,0.07269596,0.12195709
1753,stable,0.058319684,0.047224876
1754,stable,0.051147033,0.015883038
1755,stable,0.06631971,0.07514306
1756,rising,0.058817018,0.022199089
1757,rising,0.05717515,0.015001307
1758,rising,0.042597238,0.013750812
1759,rising,0.04834412,0.017833823
1760,rising,0.049747985,0.040758286
1761,rising,0.05499688,0.011626523
1762,rising,0.08510725,0.09352601
1763,stable,0.06498034,0.123171635
1764,stable,0.04548043,0.03605618
1765,stable,0.06234388,0.15280919
1766,stable,0.068402626,0.16126408
1767,stable,0.038287222,0.020328885
1768,falling,0.040220484,0.00881502
1769,falling,0.051624443,0.05431145
1770,falling,0.04304783,0.009755712
1771,falling,0.043950398,0.0089421775
1772,falling,0.04647418,0.02106508
1773,falling,0.045047976,0.038825605
1774,stable,0.030348059,0.007890392
1775,stable,0.032529507,0.007433631
1776,stable,0.051630713,0.12538366
1777,stable,0.045980465,0.029627146
1778,stable,0.03415459,0.015235744
1779,stable,0.031205159,0.010119916
1780,rising,0.04395674,0.045694124
1781,rising,0.024819367,0.012856044
1782,rising,0.030814799,0.014478293
1783,rising,0.048578274,0.01827015
1784,rising,0.055840008,0.020981107
1785,stable,0.056139704,0.0782182
1786,stable,0.069454685,0.031461768
1787,stable,0.06600278,0.017473118
1788,stable,0.07663177,0.045222722
1789,stable,0.07804956,0.077923186
1790,stable,0.0987541,0.18073978
1791,stable,0.1278835,0.13892025
1792,falling,0.07731222,0.024607243
1793,falling,0.08943622,0.07015735
1794,falling,0.0775123,0.021880956
1795,falling,0.07319005,0.024214718
1796,falling,0.05257913,0.022122009
1797,falling,0.039959993,0.020416638
1798,falling,0.024200791,0.044269748
1799,stable,0.023548927,0.0121535715
1800,stable,0.03465814,0.020446114
1801,stable,0.034744296,0.028396277
1802,stable,0.039397158,0.010839252
1803,stable,0.05352265,0.042561714
1804,rising,0.035573527,0.009345741
1805,rising,0.040339787,0.015946424
1806,rising,0.051975362,0.04284053
1807,rising,0.04313062,0.017078694
1808,rising,0.035288513,0.016267842
1809,rising,0.04842151,0.03108012
1810,stable,0.047597248,0.017655073
1811,stable,0.048537415,0.078230456
1812,stable,0.032276217,0.022855448
1813,stable,0.051711146,0.15683262
1814,stable,0.07296669,0.16838644
1815,stable,0.029088233,0.008611385
1816,falling,0.05583576,0.076099955
1817,falling,0.037381526,0.012368719
1818,falling,0.04370834,0.012384577
1819,falling,0.052884188,0.01760797
1820,falling,0.07721851,0.021400148
1821,falling,0.06457925,0.017001137
1822,stable,0.06853927,0.015726404
1823,stable,0.0992377,0.08324208
1824,stable,0.0843709,0.10266521
1825,stable,0.09047451,0.016845487
1826,stable,0.1214004,0.15380035
1827,stable,0.12141427,0.02269939
1828,stable,0.121292986,0.059690304
1829,rising,0.104889475,0.030068519
1830,rising,0.1148375,0.029886208
1831,rising,0.11409752,0.03814551
1832,rising,0.07659915,0.034380004
1833,rising,0.117996246,0.026529532
1834,stable,0.14075735,0.02343784
1835,stable,0.080973,0.018884746
1836,stable,0.11837069,0.18070245
1837,stable,0.08617086,0.056104828
1838,stable,0.10510839,0.24120723
1839,stable,0.053027015,0.027103666
1840,falling,0.08290971,0.11694028
1841,falling,0.06730419,0.10513423
1842,falling,0.053188033,0.019342547
1843,falling,0.05665612,0.015402909
1844,falling,0.036408387,0.01787461
1845,falling,0.026993793,0.008930298
1846,falling,0.033241615,0.01246527
1847,stable,0.040438592,0.04176097
1848,stable,0.033053927,0.011203789
1849,stable,0.039470956,0.032362584
1850,stable,0.032096826,0.030425731
1851,stable,0.037113555,0.018989354
1852,rising,0.034777388,0.01758079
1853,rising,0.022294551,0.0066170106
1854,rising,0.06646605,0.023674887
1855,rising,0.05950848,0.016318625
1856,rising,0.10088706,0.022916041
1857,rising,0.11568912,0.04881894
1858,stable,0.082173966,0.019545535
1859,stable,0.0905409,0.016692962
1860,stable,0.1250678,0.15658231
1861,stable,0.098701395,0.063369095
1862,stable,0.09292348,0.014481198
1863,stable,0.10292971,0.018865244
1864,falling,0.09952536,0.009086954
1865,falling,0.095697194,0.012076778
1866,falling,0.07338776,0.018869448
1867,falling,0.089202315,0.0848057
1868,falling,0.039528586,0.012524427
1869,falling,0.043829594,0.008991377
1870,stable,0.054268282,0.025879804
1871,stable,0.046857662,0.011558352
1872,stable,0.06735174,0.10733569
1873,stable,0.05318112,0.017870776
1874,stable,0.049570274,0.01577066
1875,stable,0.090944,0.14223331
1876,rising,0.050759237,0.022740794
1877,rising,0.053861458,0.055756733
1878,rising,0.054086495,0.02821408
1879,rising,0.05305694,0.012826436
1880,rising,0.058853127,0.035832167
1881,rising,0.079784304,0.08925486
1882,stable,0.06410047,0.021836849
1883,stable,0.08414796,0.17259476
1884,stable,0.061460547,0.02026043
1885,stable,0.119229555,0.30357268
1886,stable,0.09087572,0.1289105
1887,falling,0.07094281,0.023349656
1888,stable,0.07425184,0.1041242
1889,falling,0.06371706,0.028028252
1890,falling,0.063879564,0.050033998
1891,falling,0.059162013,0.025665227
1892,falling,0.05629324,0.019521954
1893,falling,0.067182064,0.024741199
1894,stable,0.07023628,0.01717971
1895,stable,0.0631853,0.061311495
1896,stable,0.07436,0.097256966
1897,stable,0.046417058,0.008306336
1898,stable,0.08890034,0.11701558
1899,stable,0.052165207,0.017205529
1900,rising,0.05273794,0.017830744
1901,rising,1.5177369,0.06616092
1902,rising,2.110666,0.054528754
1903,rising,2.5054374,0.10979788
1904,rising,2.6695983,0.085735165
1905,stable,2.7951431,0.13096994
1906,stable,2.818226,0.08720469
1907,stable,2.835613,0.13529897
1908,stable,2.9256632,0.10083926
1909,stable,2.801181,0.24198112
1910,stable,2.937447,0.07516317
1911,stable,2.9102995,0.12308631
1912,falling,2.9619637,0.09081621
1913,spike,0.18340974,0.31572294
1914,spike,0.26503748,0.51117176
1915,spike,0.26211223,0.43135038
1916,spike,0.142255,0.1831419
1917,spike,0.11376591,0.020186162
1918,spike,0.09984087,0.030861868
1919,spike,0.096163176,0.030838966
1920,spike,0.09728578,0.021167194
1921,spike,0.08373186,0.09870363
1922,spike,0.06749569,0.019199822
1923,spike,0.06360813,0.0621088
1924,falling,0.059267215,0.056436043
1925,stable,0.056660213,0.025105478
1926,stable,0.082279496,0.030525919
1927,stable,0.05304103,0.02924384
1928,stable,0.087060735,0.07704529
1929,stable,0.075658515,0.096467234
1930,stable,0.10225245,0.12161795
1931,stable,0.16368622,0.24953547
1932,stable,0.10452362,0.08930926
1933,stable,0.076935716,0.06920909
1934,stable,0.09221155,0.10840763
1935,stable,0.088489056,0.07468769
1936,falling,0.095139824,0.13632964
1937,falling,0.06485399,0.11874068
1938,falling,0.04921006,0.0689693
1939,falling,0.033721764,0.028925918
1940,falling,1.5927383,0.06647254
1941,falling,2.223138,0.1457073
1942,falling,2.529537,0.1301423
1943,stable,2.723952,0.15603758
1944,stable,2.8270721,0.1426466
1945,stable,2.9130123,0.1886007
1946,stable,3.1621203,0.38815644
1947,stable,3.0428762,0.22326635
1948,rising,2.9994736,0.3212952
1949,rising,2.9591918,0.13618948
1950,rising,2.979897,0.1519917
1951,rising,3.091443,0.16735211
1952,spike,0.16738032,0.11717203
1953,spike,0.121433474,0.10860061
1954,spike,0.11310725,0.11886293
1955,spike,0.106873795,0.07445372
1956,spike,0.11377147,0.09234812
1957,spike,0.07956823,0.027920783
1958,spike,0.11997762,0.082157455
1959,spike,0.057975955,0.019889254
1960,spike,0.078347065,0.2092758
1961,spike,0.036607813,0.011722259
1962,spike,0.053279024,0.066284046
1963,spike,0.02557471,0.015867015
1964,falling,0.029976226,0.013472627
1965,falling,0.030487332,0.030099668
1966,falling,0.03222196,0.009587738
1967,falling,0.045109533,0.07318673
1968,stable,0.052575313,0.012756132
1969,stable,0.06706352,0.03308376
1970,stable,0.078621276,0.052448314
1971,rising,0.05317534,0.019749735
1972,rising,0.0764917,0.018652903
1973,rising,0.072162546,0.023867672
1974,rising,0.07559931,0.023589
1975,rising,0.085149735,0.02158364
1976,rising,0.070620164,0.0353326
1977,stable,0.048901107,0.041471954
1978,stable,0.051566765,0.090919785
1979,stable,0.05246738,0.013071065
1980,stable,0.068589844,0.10408659
1981,stable,0.02520571,0.007011518
1982,stable,0.07025644,0.22976653
1983,stable,0.08011489,0.24595487
1984,falling,0.028350333,0.0060081566
1985,falling,0.04535381,0.03426137
1986,falling,0.035570215,0.00966568
1987,falling,0.036482267,0.0076869177
1988,falling,0.04154307,0.010415625
1989,falling,0.03811196,0.014359862
1990,stable,0.047391247,0.033508662
1991,stable,0.041880738,0.02071307
1992,stable,0.037307277,0.011489306
1993,stable,0.05374626,0.082596466
1994,stable,0.06191031,0.010883702
1995,rising,0.08774838,0.021488147
1996,stable,0.07334593,0.06695865
1997,rising,0.06950603,0.018611522
1998,rising,0.07126819,0.018899135
1999,rising,0.05961444,0.011421006
2000,rising,0.09005642,0.12733178
2001,rising,0.075318195,0.044923842
2002,stable,0.082243204,0.020988576
2003,stable,0.08912392,0.1101908
2004,stable,0.1003046,0.12558246
2005,stable,0.11394254,0.29603112
2006,stable,0.08176648,0.038886
2007,stable,0.043952648,0.010979963
2008,stable,0.052270614,0.07441028
2009,falling,0.06335055,0.1336401
2010,falling,0.026855381,0.007802207
2011,falling,0.024662908,0.0067699607
2012,falling,0.025665702,0.011675096
2013,falling,0.03001901,0.0107738925
2014,stable,0.023783581,0.015736822
2015,stable,0.018329626,0.0041996394
2016,stable,0.018628068,0.0046855826
2017,stable,0.051003862,0.1250948
2018,stable,0.05629064,0.11010401
2019,stable,0.03521258,0.015730834
2020,rising,0.038600318,0.015369993
2021,rising,0.04981126,0.07305769
2022,rising,0.039258193,0.013933706
2023,rising,0.052144516,0.0205436
2024,rising,0.035280276,0.009107886
2025,stable,0.03771657,0.021999361
2026,stable,0.09214905,0.33923173
2027,stable,0.029240778,0.0064320355
2028,stable,0.045190968,0.10549666
2029,stable,0.029064707,0.009573657
2030,stable,0.03059073,0.010799183
2031,falling,0.02029515,0.0050479
2032,falling,0.023273105,0.0069892607
2033,falling,0.027052011,0.046592742
2034,falling,0.023998013,0.020113861
2035,falling,0.027258592,0.01727029
2036,falling,0.028256722,0.021042218
2037,stable,0.03983249,0.03586996
2038,stable,0.045561567,0.10077885
2039,stable,0.023970634,0.0073744906
2040,stable,0.058636244,0.13077116
2041,stable,0.0403765,0.010602572
2042,stable,0.040825564,0.00901824
2043,rising,0.040117666,0.012481956
2044,rising,0.04111336,0.00771512
2045,rising,0.03944479,0.005557857
2046,rising,0.038209867,0.006131145
2047,rising,0.045750216,0.01068936
2048,rising,0.04448881,0.0073283636
2049,rising,0.043211572,0.010415692
2050,stable,0.04850115,0.012616516
2051,stable,0.10340863,0.20751177
2052,stable,0.042746324,0.026093036
2053,stable,0.034162525,0.0143190725
2054,stable,0.03539835,0.008388077
2055,stable,0.031878237,0.0154053345
2056,falling,0.044021208,0.058979254
2057,falling,0.047547955,0.12962335
2058,falling,0.023972455,0.01387807
2059,falling,0.017800821,0.015912836
2060,falling,0.02472105,0.034693908
2061,falling,0.017380523,0.00777517
2062,stable,0.013548086,0.007354235
2063,stable,0.034795363,0.11710225
2064,stable,0.012081529,0.0060423645
2065,stable,0.018385878,0.020819258
2066,stable,0.055602636,0.18270633
2067,stable,0.04828072,0.0242322
2068,rising,0.042380508,0.015781747
2069,rising,0.043753963,0.031412072
2070,rising,0.045840934,0.015930727
2071,rising,0.046219956,0.019660523
2072,rising,0.05265243,0.012735597
2073,rising,0.054825697,0.016485961
2074,stable,0.8494069,0.04175653
2075,stable,1.2158884,0.058287013
2076,stable,1.4021213,0.10964959
2077,stable,1.4928114,0.12038609
2078,stable,1.532367,0.15959564
2079,stable,1.5902101,0.21764201
2080,falling,1.5986398,0.10960948
2081,falling,1.5685905,0.11861018
2082,falling,1.5293533,0.11459258
2083,falling,1.5658973,0.13928498
2084,falling,1.4102329,0.09053665
2085,falling,1.5746349,0.09417554
2086,spike,0.1512761,0.28291437
2087,spike,0.13499784,0.3374159
2088,spike,0.11886014,0.27020845
2089,spike,0.07587616,0.15712583
2090,spike,0.046462722,0.031624068
2091,spike,0.03655037,0.007974138
2092,spike,0.032586176,0.01094657
2093,spike,0.037755266,0.016066648
2094,spike,0.04339903,0.013771871
2095,spike,0.03779066,0.027587738
2096,spike,0.02611301,0.020558825
2097,stable,0.022343475,0.0062409393
2098,stable,0.023573041,0.03043066
2099,stable,0.043309193,0.08038708
2100,stable,0.034846794,0.026947707
2101,stable,0.05143082,0.029420245
2102,stable,0.08397365,0.14435306
2103,falling,0.05793377,0.10092396
2104,falling,0.038999476,0.01390542
2105,falling,0.040812984,0.036609333
2106,falling,0.065459244,0.031078165
2107,falling,0.09976824,0.041299175
2108,falling,0.09903242,0.026375754
2109,stable,0.08599817,0.028017323
2110,stable,0.07171963,0.058922257
2111,stable,0.054062042,0.007097728
2112,stable,0.09053561,0.1807868
2113,stable,0.057834666,0.019890245
2114,stable,0.09069033,0.11964506
2115,stable,0.04856093,0.055525437
2116,rising,0.04012174,0.0055175424
2117,rising,0.04261416,0.010281796
2118,rising,0.03572724,0.005257727
2119,rising,0.045276698,0.01792011
2120,rising,0.02371437,0.027379263
2121,rising,0.0583019,0.16641423
2122,stable,0.029282453,0.014000421
2123,stable,0.04273391,0.0076783984
2124,stable,0.052191623,0.029640947
2125,stable,0.04636496,0.00914218
2126,stable,0.07153095,0.120586194
2127,stable,0.042525157,0.010219279
2128,falling,0.05646341,0.06407561
2129,falling,0.05638583,0.010101377
2130,falling,0.058193862,0.034051217
2131,falling,0.049149886,0.012130522
2132,falling,0.060197778,0.016088052
2133,stable,0.10653492,0.10082363
2134,stable,0.070049055,0.012934141
2135,stable,0.060852583,0.10570931
2136,stable,0.06483956,0.13527617
2137,stable,0.04919297,0.040091358
2138,stable,0.027328437,0.0042834342
2139,stable,0.051562443,0.123433754
2140,rising,0.05263633,0.12090337
2141,rising,0.02536812,0.009624271
2142,rising,0.021318851,0.014529826
2143,rising,0.017143972,0.004375623
2144,rising,0.020186897,0.010834991
2145,rising,0.023308476,0.005768978
2146,rising,0.036215033,0.069316305
2147,stable,0.03417454,0.01698068
2148,stable,0.03587147,0.010571083
2149,stable,0.052516613,0.03115976
2150,stable,0.03237982,0.015360962
2151,stable,0.026873406,0.01368162
2152,falling,0.03875576,0.024050655
2153,falling,0.06651423,0.029646507
2154,falling,0.08163491,0.022696711
2155,falling,0.07061026,0.025256706
2156,falling,0.042679135,0.018900309
2157,stable,0.03409888,0.02171081
2158,stable,0.02796634,0.01344225
2159,stable,0.048167612,0.13640669
2160,stable,0.02301904,0.0069705416
2161,stable,0.06369753,0.2171245
2162,stable,0.0598596,0.18108873
2163,rising,0.020466793,0.0054329387
2164,rising,0.030632855,0.048432376
2165,rising,0.023045849,0.007629392
2166,rising,0.019068258,0.009740076
2167,rising,0.013767312,0.004503284
2168,rising,0.017508099,0.0136488555
2169,rising,0.026701536,0.009808086
2170,stable,0.033540197,0.014437809
2171,stable,0.040346947,0.012892307
2172,stable,0.04011613,0.011771532
2173,stable,0.058616772,0.100076415
2174,stable,0.048379287,0.015608017
2175,stable,0.053184163,0.06171103
2176,falling,0.049630318,0.007536108
2177,falling,0.056354403,0.0145212365
2178,falling,0.049379025,0.014799652
2179,falling,0.06392797,0.07778562
2180,falling,0.058105286,0.07358685
2181,stable,0.056429204,0.026482115
2182,stable,0.06861958,0.08425417
2183,stable,0.054779146,0.014789304
2184,stable,0.065224275,0.13479699
2185,stable,0.06941627,0.1693488
2186,stable,1.5328906,0.084019735
2187,stable,2.1265829,0.10643213
2188,rising,2.5612504,0.15173955
2189,rising,2.7597091,0.13332301
2190,rising,2.871174,0.12496454
2191,rising,2.9414217,0.12078234
2192,rising,2.9087918,0.14698435
2193,rising,2.8763902,0.17907251
2194,stable,2.9511275,0.27796236
2195,stable,3.0373333,0.3323183
2196,stable,2.5870745,0.1126765
2197,stable,2.522699,0.16711655
2198,spike,0.11531775,0.1260871
2199,spike,0.16690208,0.23235825
2200,spike,0.21789259,0.3589483
2201,spike,0.18717809,0.26640183
2202,spike,0.13337657,0.14762338
2203,spike,0.08425777,0.012126859
2204,spike,0.08427519,0.014820554
2205,spike,0.08912537,0.036455438
2206,spike,0.050226193,0.02110959
2207,spike,0.053047966,0.017724976
2208,spike,0.081084035,0.20064199
2209,falling,0.07011488,0.09115504
2210,falling,0.05697829,0.013106329
2211,stable,0.060891114,0.008659898
2212,stable,0.07230899,0.08410961
2213,stable,0.03974522,0.035335854
2214,stable,0.04026776,0.019860081
2215,rising,0.061928913,0.05146843
2216,stable,0.072833635,0.025830979
2217,rising,0.08502102,0.05926653
2218,stable,0.07920842,0.023025956
2219,stable,0.1078123,0.099997565
2220,stable,0.10663443,0.032510478
2221,stable,0.0968463,0.07472753
2222,stable,0.10980194,0.121305734
2223,stable,0.084402815,0.027778255
2224,stable,0.0857041,0.09986094
2225,falling,0.0900642,0.06984773
2226,falling,0.091458894,0.018407559
2227,falling,0.08164248,0.018119486
2228,falling,0.11019377,0.0313219
2229,falling,0.10515191,0.04547197
2230,stable,0.08816626,0.07134415
2231,stable,0.0634212,0.012557679
2232,stable,0.08047615,0.027107362
2233,stable,0.07035112,0.019462664
2234,stable,0.08199087,0.122708395
2235,rising,0.05368551,0.019342175
2236,rising,0.066924624,0.030637834
2237,rising,0.08325503,0.023764698
2238,rising,0.07628529,0.020807019
2239,rising,0.06875761,0.020758864
2240,rising,0.04949552,0.015910678
2241,rising,0.054818943,0.04488331
2242,stable,0.06239241,0.02849496
2243,stable,0.044429388,0.02438358
2244,stable,0.04072351,0.033519924
2245,stable,0.045685526,0.016977632
2246,stable,0.07953031,0.13333434
2247,stable,0.04980434,0.010132029
2248,falling,0.06509624,0.059777625
2249,falling,0.08060236,0.090098105
2250,falling,0.052022863,0.016701175
2251,falling,0.051286057,0.017247666
2252,falling,0.053471338,0.038742248
2253,falling,0.059903856,0.018281914
2254,falling,0.095677815,0.25530836
2255,stable,0.06738074,0.06637583
2256,stable,0.04340468,0.014453992
2257,stable,0.06213815,0.13216266
2258,stable,0.072077364,0.15379484
2259,stable,0.034966964,0.031458136
2260,stable,0.06540607,0.17520423
2261,rising,0.024166351,0.007920166
2262,rising,0.031525705,0.011557861
2263,rising,0.03518687,0.011398194
2264,rising,0.033477522,0.006139415
2265,rising,0.033459824,0.0058370875
2266,rising,0.034779064,0.0062249037
2267,stable,0.047581673,0.035861004
2268,stable,0.077065,0.08880559
2269,stable,0.09457294,0.10758381
2270,stable,0.08673636,0.10011715
2271,stable,0.09297705,0.14517859
2272,falling,0.072216764,0.032073446
2273,falling,0.067115,0.036564525
2274,falling,0.055387385,0.0098469
2275,falling,0.054145165,0.016008584
2276,falling,0.07442881,0.12730712
2277,falling,0.06446724,0.014039357
2278,stable,0.069546804,0.016730716
2279,stable,0.062159188,0.014684621
2280,stable,0.10825037,0.31970802
2281,stable,0.0438208,0.010023609
2282,stable,0.04190905,0.019030036
2283,stable,0.09250542,0.2143121
2284,stable,0.056896385,0.008768265
2285,rising,0.061268054,0.04357018
2286,rising,0.06579983,0.024229316
2287,rising,0.061603297,0.017052686
2288,rising,0.06402306,0.01884989
2289,rising,0.07833488,0.02057197
2290,rising,0.08289651,0.06449245
2291,stable,0.09928264,0.090649396
2292,stable,0.09143798,0.12351302
2293,stable,0.054250617,0.03591284
2294,stable,0.028007917,0.006765327
2295,stable,0.04829592,0.063284606
2296,falling,0.045619037,0.010224054
2297,falling,0.053747427,0.036002234
2298,falling,0.043886747,0.016837483
2299,falling,0.04702569,0.041463856
2300,falling,0.049176518,0.0068253498
2301,falling,0.05109698,0.029540597
2302,stable,0.052855168,0.05647741
2303,stable,0.06544491,0.10752068
2304,stable,0.075680666,0.18209207
2305,stable,0.054510374,0.00899322
2306,stable,0.062577404,0.011249788
2307,stable,0.052184526,0.009257416
2308,stable,0.059715256,0.017507046
2309,rising,0.053871915,0.012159998
2310,rising,0.051155653,0.007981379
2311,rising,0.05945205,0.03263958
2312,rising,0.045359604,0.017013602
2313,rising,0.043189205,0.0066677886
2314,stable,0.05873852,0.031982422
2315,stable,0.04878333,0.009644989
2316,stable,0.08793186,0.11029194
2317,stable,0.06560286,0.035433594
2318,stable,0.078273505,0.13013014
2319,stable,0.068146676,0.11169954
2320,falling,0.04174996,0.014776754
2321,falling,0.041480422,0.011333611
2322,falling,0.060814705,0.03757832
2323,falling,0.051345762,0.011930715
2324,falling,0.05272204,0.015316244
2325,falling,0.045084767,0.011658168
2326,stable,0.05576363,0.05004997
2327,stable,0.047475167,0.008432498
2328,stable,0.06426398,0.01679988
2329,stable,0.04439105,0.0739642
2330,stable,0.030103052,0.0064267376
2331,stable,0.044177365,0.013065596
2332,rising,0.044785082,0.010881114
2333,rising,0.0689065,0.03064688
2334,rising,0.078067295,0.01950028
2335,rising,0.055429544,0.022517407
2336,rising,0.05421042,0.018247848
2337,rising,0.054566678,0.012053107
2338,stable,0.06815325,0.07570829
2339,stable,0.06544979,0.08389083
2340,stable,0.042813417,0.008595148
2341,stable,0.07862548,0.1257756
2342,stable,0.042181622,0.017414967
2343,falling,0.038083926,0.018588206
2344,falling,0.059061356,0.072215006
2345,falling,0.024128344,0.034712575
2346,falling,0.034160815,0.016322237
2347,falling,0.026069371,0.010266156
2348,falling,0.022389013,0.009009824
2349,falling,0.039905563,0.01477906
2350,stable,0.05012958,0.053521533
2351,stable,0.042186256,0.010536187
2352,stable,0.047902644,0.009944489
2353,stable,0.0999346,0.1896572
2354,stable,0.086136304,0.14012617
2355,stable,0.06936507,0.055131834
2356,rising,0.07470178,0.09450887
2357,rising,0.062130522,0.018698538
2358,rising,0.06073357,0.01838435
2359,rising,0.055836197,0.007840789
2360,rising,0.066418976,0.007607024
2361,stable,0.0763089,0.04513535
2362,stable,0.08716693,0.09553184
2363,stable,0.06789904,0.011690657
2364,stable,0.08353765,0.022800336
2365,stable,0.063141264,0.01700048
2366,stable,0.064354904,0.013054049
2367,stable,0.06579464,0.011385192
2368,stable,0.08398298,0.077913426
2369,falling,0.05072261,0.009336596
2370,falling,0.05568869,0.006490039
2371,falling,0.07699519,0.012097143
2372,falling,0.0539928,0.020248778
2373,falling,0.04688994,0.007653773
2374,stable,0.07093846,0.15692738
2375,stable,0.062067527,0.10799544
2376,stable,0.097695634,0.24511066
2377,stable,0.057223972,0.058740843
2378,stable,0.046221394,0.040731143
2379,stable,0.03894108,0.008608628
2380,rising,0.038624644,0.008956561
2381,rising,0.040173277,0.020034602
2382,rising,0.035439905,0.010116247
2383,rising,0.02306981,0.0051524043
2384,rising,0.0285998,0.010643523
2385,rising,0.024423124,0.007945648
2386,stable,0.050010856,0.051386986
2387,stable,0.033398848,0.009286944
2388,stable,0.045955244,0.013650879
2389,stable,1.1040118,0.11835703
2390,stable,1.6320866,0.14102134
2391,stable,1.8317918,0.13641569
2392,falling,1.9372061,0.1514206
2393,falling,2.0033376,0.116263576
2394,falling,1.9742141,0.10787063
2395,falling,1.9713577,0.12736985
2396,falling,1.9816658,0.24822174
2397,falling,1.904414,0.26275292
2398,stable,1.8679788,0.38348344
2399,stable,2.1033118,0.13135041
2400,stable,2.1744304,0.13001353
2401,spike,0.125269,0.34571984
2402,spike,0.0784442,0.03698231
2403,spike,0.07961599,0.02728329
2404,spike,0.09429167,0.08660454
2405,spike,0.08848533,0.036003795
2406,spike,0.09765779,0.0295757
2407,spike,0.101652354,0.03066337
2408,spike,0.14675252,0.06150625
2409,spike,0.15823266,0.14373803
2410,spike,0.09534604,0.14934173
2411,spike,0.07664184,0.16239987
2412,falling,0.04590757,0.022780659
2413,falling,0.042236708,0.022337003
2414,falling,0.068149254,0.11688025
2415,falling,0.09970137,0.04073136
2416,falling,0.078492455,0.03150637
2417,falling,0.096049584,0.055689845
2418,falling,0.05622128,0.041306112
2419,falling,0.047348596,0.025022186
2420,falling,0.070745096,0.03329039
2421,falling,0.14257066,0.054549526
2422,stable,0.13492443,0.05684266
2423,stable,0.08805568,0.027303057
2424,stable,0.05979476,0.012205854
2425,stable,0.049038626,0.009119233
2426,stable,0.048441783,0.008283354
2427,stable,0.05854378,0.11110724
2428,rising,0.061767228,0.0834568
2429,rising,0.047640227,0.014404241
2430,rising,0.022185273,0.0077169663
2431,rising,0.025725467,0.024908088
2432,rising,0.03601437,0.031316973
2433,rising,0.050129518,0.06347598
2434,stable,0.04446522,0.0153239975
2435,stable,0.03372813,0.011518043
2436,stable,0.036254045,0.011923763
2437,stable,0.039651774,0.008248894
2438,stable,0.10098742,0.085939206
2439,stable,0.1123849,0.11557199
2440,stable,0.100588754,0.13721235
2441,falling,0.07623605,0.01702948
2442,falling,0.07709868,0.04460481
2443,falling,0.07753196,0.02471502
2444,falling,0.05252044,0.013735173
2445,stable,0.06471666,0.019784
2446,stable,0.051187005,0.01561827
2447,stable,0.052487332,0.015332876
2448,stable,0.10196265,0.061103407
2449,stable,0.036190044,0.01347695
2450,stable,0.053732,0.12893234
2451,stable,0.023873948,0.012053599
2452,rising,0.039355084,0.09403415
2453,rising,0.025678929,0.025317755
2454,rising,0.025006713,0.017620185
2455,rising,0.025537908,0.008503746
2456,rising,0.03509625,0.009664803
2457,rising,0.039894994,0.013272165
2458,stable,0.05242197,0.09441427
2459,stable,0.062200375,0.1048366
2460,stable,0.093903996,0.14831494
2461,stable,0.061779145,0.018556945
2462,stable,0.079619184,0.18326312
2463,falling,0.044376623,0.025799291
2464,falling,0.08310032,0.055602804
2465,falling,0.088562325,0.04616186
2466,falling,0.092134,0.02265418
2467,falling,0.084166445,0.06908274
2468,falling,0.054115467,0.0112110665
2469,falling,0.057044737,0.016867891
2470,stable,0.08525267,0.038723588
2471,stable,0.08644916,0.068665065
2472,stable,0.06040567,0.019527575
2473,stable,0.05955753,0.015561628
2474,stable,0.07604929,0.016986862
2475,stable,0.06712876,0.03156163
2476,stable,0.07475303,0.033076495
2477,rising,0.07775678,0.021832794
2478,rising,0.0871888,0.031900235
2479,rising,0.062143426,0.024130782
2480,rising,0.05040564,0.017697398
2481,rising,0.080051705,0.0716745
2482,stable,0.044874705,0.014557168
2483,stable,0.07177131,0.016372776
2484,stable,0.067485504,0.0442345
2485,stable,0.04621601,0.01429367
2486,stable,0.0734288,0.14583497
2487,stable,0.06450152,0.13081667
2488,falling,0.053897217,0.017878791
2489,falling,0.06388746,0.079392605
2490,falling,0.035717536,0.016360842
2491,falling,0.05274334,0.014744059
2492,falling,0.05029069,0.013449445
2493,falling,0.053837545,0.015714258
2494,stable,0.076530404,0.030248657
2495,stable,0.09040332,0.08995304
2496,stable,0.07888123,0.038781397
2497,stable,0.110435754,0.07696182
2498,stable,0.10930211,0.038996924
2499,stable,0.10149717,0.04019167
2500,rising,0.121768214,0.031151406
2501,rising,0.08104306,0.017200049
2502,rising,0.08697988,0.018216517
2503,rising,0.051189773,0.010967852
2504,rising,0.05135043,0.008870244
2505,rising,0.047839593,0.008574299
2506,stable,0.06366303,0.061775398
2507,stable,0.05379486,0.033677287
2508,stable,0.047926508,0.013272925
2509,stable,0.08835835,0.046347734
2510,stable,0.048446283,0.025778221
2511,stable,0.046331547,0.0102223195
2512,stable,0.056657664,0.046293303
2513,falling,0.047409996,0.011609007
2514,falling,0.047166087,0.009463853
2515,falling,0.04994901,0.008654418
2516,falling,0.056151908,0.011524231
2517,stable,0.081196465,0.054619662
2518,falling,0.05908387,0.026905661
2519,stable,0.05852293,0.01384336
2520,stable,0.07858854,0.13168532
2521,stable,0.093255974,0.14528438
2522,stable,0.047020428,0.0117206
2523,stable,0.04566528,0.011986944
2524,rising,0.048053633,0.046021715
2525,rising,0.05289076,0.017531564
2526,rising,0.031015191,0.010460226
2527,rising,0.036293566,0.012043009
2528,rising,0.04997208,0.021338737
2529,rising,0.0464411,0.054234996
2530,stable,0.03961278,0.07360285
2531,stable,0.053653207,0.016026389
2532,stable,0.05740355,0.012762818
2533,stable,0.040903356,0.032119248
2534,stable,0.04467149,0.04643301
2535,stable,0.04769765,0.01732924
2536,falling,0.077824526,0.09364004
2537,falling,0.053700443,0.016851993
2538,falling,0.04860498,0.019909378
2539,falling,0.0684916,0.0141794495
2540,falling,0.07848824,0.020784747
2541,falling,0.09167416,0.019583609
2542,stable,0.115161404,0.032057185
2543,stable,0.09584745,0.06170786
2544,stable,0.10901156,0.036168568
2545,stable,0.078306206,0.010834128
2546,stable,0.08483728,0.013602407
2547,stable,0.10953334,0.11870159
2548,stable,0.0883095,0.053517118
2549,rising,0.09265931,0.023758413
2550,rising,0.08426762,0.02633725
2551,rising,0.07600846,0.04280658
2552,rising,0.10723187,0.0376177
2553,stable,0.09279912,0.06567645
2554,rising,0.21610953,0.44688374
2555,stable,0.13299146,0.15000327
2556,stable,0.113901295,0.028899172
2557,stable,0.20107892,0.38484454
2558,stable,0.13758454,0.2420215
2559,stable,0.11301835,0.17951708
2560,falling,0.0904748,0.115458325
2561,falling,0.09984744,0.06648146
2562,falling,0.078516014,0.038100533
2563,falling,0.05170401,0.010783054
2564,falling,0.053791534,0.017699396
2565,falling,0.045836616,0.018083861
2566,stable,0.049910717,0.05922441
2567,stable,0.05092285,0.059217755
2568,stable,0.052678358,0.10609
2569,stable,0.04103805,0.011943221
2570,stable,0.057682905,0.10228206
2571,stable,0.055785913,0.08593923
2572,rising,0.049807537,0.017038226
2573,rising,0.04695574,0.021449491
2574,rising,0.07042185,0.16354911
2575,rising,0.050561536,0.019235298
2576,rising,0.03262321,0.012205899
2577,rising,0.037062883,0.051125813
2578,rising,0.033394318,0.008754472
2579,stable,0.070011094,0.09931264
2580,stable,0.07463067,0.11777324
2581,stable,0.028722962,0.026073331
2582,stable,0.06681528,0.23690638
2583,falling,0.03188193,0.014131709
2584,falling,0.06366069,0.18510571
2585,falling,0.023060087,0.004866071
2586,falling,0.03743539,0.034324754
2587,falling,0.03794361,0.014377268
2588,falling,0.05610917,0.016073588
2589,falling,0.037551437,0.0135767115
2590,falling,0.043338437,0.040859643
2591,stable,0.07050008,0.09611464
2592,stable,0.07814116,0.013229575
2593,stable,0.0850524,0.09847449
2594,stable,0.073628515,0.0105250655
2595,stable,0.08931111,0.084778175
2596,rising,0.09452744,0.06187535
2597,rising,0.090425394,0.029048469
2598,rising,0.07760452,0.025296597
2599,rising,0.08630972,0.024909418
2600,rising,0.11854711,0.3327779
2601,rising,0.0801569,0.061563347
2602,rising,0.14086276,0.11652373
2603,stable,0.105713196,0.26137173
2604,stable,0.073267244,0.04742772
2605,stable,0.0728338,0.015155041
2606,stable,0.0829845,0.17185253
2607,stable,0.051239815,0.01907175
2608,falling,0.041282415,0.02069572
2609,falling,0.047500785,0.056625836
2610,falling,0.04468811,0.033601422
2611,falling,0.04209942,0.025351824
2612,falling,0.03561484,0.01400541
2613,falling,0.031231612,0.023151638
2614,stable,0.023808666,0.011273083
2615,stable,0.03681263,0.053278744
2616,stable,0.02632928,0.02203436
2617,stable,1.3173008,0.06531428
2618,stable,1.9575169,0.0938846
2619,stable,2.1120448,0.10773339
2620,rising,2.3380473,0.12464675
2621,rising,2.4693,0.16004553
2622,rising,2.4328806,0.10446716
2623,rising,2.4453747,0.14009015
2624,rising,2.424091,0.12386211
2625,rising,2.4778583,0.1278775
2626,stable,2.3410099,0.1735822
2627,stable,2.4319642,0.13682823
2628,stable,2.3395271,0.11597447
2629,spike,0.10945478,0.051549178
2630,spike,0.14775041,0.10951587
2631,spike,0.16040036,0.17508382
2632,spike,0.13706881,0.105987296
2633,spike,0.116010435,0.10530557
2634,spike,0.088531904,0.03216958
2635,spike,0.09574301,0.027233737
2636,spike,0.0840318,0.03108536
2637,spike,0.04239721,0.0213285
2638,spike,0.057889435,0.022125978
2639,spike,0.046027545,0.02030097
2640,falling,0.06779446,0.017905174
2641,falling,0.08644568,0.021548977
2642,stable,0.13049586,0.07569071
2643,stable,0.11385675,0.047133796
2644,stable,0.099500746,0.051727816
2645,stable,0.07366446,0.02201187
2646,stable,0.09433685,0.03194846
2647,rising,0.1481302,0.070857815
2648,rising,0.16452287,0.09394597
2649,rising,0.19718486,0.07598854
2650,rising,0.18220453,0.07542355
2651,stable,0.12763521,0.04393492
2652,stable,0.07838828,0.06618009
2653,stable,0.06801817,0.01679707
2654,stable,0.09619057,0.21463664
2655,stable,0.0514793,0.011082752
2656,stable,0.08898507,0.17705107
2657,falling,0.051372588,0.016006663
2658,falling,0.040360965,0.008406039
2659,falling,0.045980982,0.019268358
2660,falling,0.03402435,0.019034442
2661,falling,0.034006275,0.019127736
2662,stable,0.027430018,0.017923905
2663,stable,0.04028852,0.01646127
2664,stable,0.042483762,0.029389739
2665,stable,0.061716117,0.08503463
2666,stable,0.072858766,0.041639753
2667,stable,0.07806044,0.050526552
2668,rising,0.06991329,0.028171878
2669,rising,0.07507257,0.1062911
2670,rising,0.075675994,0.03348876
2671,rising,0.09785063,0.05395307
2672,rising,0.080743946,0.036065247
2673,rising,0.12554659,0.05196067
2674,rising,0.15495604,0.047928303
2675,stable,0.10892965,0.28006476
2676,stable,0.06644316,0.01820006
2677,stable,0.060728747,0.036848273
2678,stable,0.07419996,0.1428501
2679,stable,0.08417528,0.10495561
2680,falling,0.07544686,0.047916375
2681,falling,0.07860999,0.056984056
2682,falling,0.05198958,0.009133826
2683,falling,0.05057878,0.007043249
2684,falling,0.059049852,0.012054893
2685,falling,0.058942836,0.048070095
2686,stable,0.048430804,0.005653536
2687,stable,0.05269352,0.008134768
2688,stable,0.06925717,0.10861512
2689,stable,0.07843075,0.13445444
2690,stable,0.05309782,0.008912818
2691,rising,0.053212214,0.09956604
2692,rising,0.03496928,0.010203511
2693,rising,0.04548858,0.03904863
2694,rising,0.040426996,0.00784477
2695,rising,0.039959345,0.024459772
2696,stable,0.04968167,0.026930025
2697,rising,0.05614628,0.11163665
2698,rising,0.037568074,0.017099151
2699,stable,0.033655487,0.01340925
2700,stable,0.049147017,0.11521972
2701,stable,0.03141804,0.016049016
2702,stable,0.052590836,0.06852277
2703,stable,0.069761544,0.1731384
2704,falling,0.03853983,0.009790545
2705,falling,0.034943257,0.009625722
2706,falling,0.03408363,0.0131079005
2707,falling,0.03821789,0.0075886426
2708,falling,0.04756076,0.0151244495
2709,falling,0.06023618,0.027708963
2710,stable,0.063131206,0.056493662
2711,stable,0.06599605,0.080761425
2712,stable,0.073833145,0.11904601
2713,stable,0.033561133,0.007406778
2714,stable,0.03486607,0.0068838983
2715,stable,0.029600399,0.0059385616
2716,rising,0.04869919,0.012344056
2717,rising,0.05692602,0.03474385
2718,rising,0.049897242,0.016399609
2719,rising,0.066756636,0.025894938
2720,rising,0.029920755,0.0069907615
2721,rising,0.037189476,0.007711953
2722,stable,0.046797708,0.039774854
2723,stable,0.04842973,0.07234984
2724,stable,0.05571297,0.092823915
2725,stable,0.052917097,0.0726279
2726,stable,0.04182219,0.010315467
2727,stable,0.04490467,0.011702045
2728,stable,0.040033862,0.044632472
2729,falling,0.027881673,0.030954719
2730,falling,0.023694532,0.009733844
2731,falling,0.03675341,0.023137396
2732,falling,0.04172582,0.029690737
2733,falling,0.022590188,0.007833572
2734,falling,0.03844031,0.051679734
2735,stable,0.023561023,0.005741244
2736,stable,0.045203324,0.14258757
2737,stable,0.01942465,0.0042037107
2738,stable,0.051680252,0.17402348
2739,stable,0.019841107,0.005540466
2740,rising,0.038539764,0.08862688
2741,rising,0.019957827,0.003811489
2742,rising,0.024983617,0.009013606
2743,rising,0.046023775,0.14045557
2744,rising,0.020254757,0.005909343
2745,rising,0.025112528,0.02415762
2746,stable,0.027198171,0.008644619
2747,stable,0.0247767,0.005322207
2748,stable,0.037296284,0.0061651357
2749,stable,0.036487795,0.009102768
2750,stable,0.0401888,0.018169494
2751,stable,0.040485498,0.00948072
2752,falling,0.047345217,0.034666404
2753,falling,0.040746126,0.009207705
2754,falling,0.041269455,0.010440319
2755,falling,0.050254744,0.06285743
2756,falling,0.041883357,0.053629868
2757,falling,0.04144747,0.020420616
2758,stable,0.037582282,0.0075319675
2759,stable,0.048779983,0.02118691
2760,stable,0.025438068,0.014045671
2761,stable,0.031591814,0.006998063
2762,stable,0.024294835,0.01330682
2763,stable,0.02220984,0.005304658
2764,rising,0.040709164,0.05550383
2765,rising,0.030241529,0.022671992
2766,rising,0.028578468,0.0069988556
2767,rising,0.06472076,0.13490207
2768,rising,0.051071025,0.0116559705
2769,stable,0.06384936,0.02584841
2770,stable,0.074008256,0.009808856
2771,stable,0.07115605,0.010669495
2772,stable,0.13154909,0.2781697
2773,stable,0.09835175,0.060016584
2774,stable,0.09125306,0.049503077
2775,stable,0.109811105,0.09473281
2776,falling,0.078335695,0.017099744
2777,falling,0.07531866,0.013245142
2778,falling,0.08166974,0.019105708
2779,falling,0.06577518,0.015624138
2780,stable,0.058148,0.022837132
2781,falling,0.06478427,0.013305753
2782,stable,0.03907313,0.03923535
2783,stable,0.03209312,0.008273813
2784,stable,0.023583723,0.011294663
2785,stable,0.032172997,0.02089283
2786,stable,0.061792616,0.19931953
2787,rising,0.025664384,0.055697642
2788,rising,0.01748907,0.008446264
2789,rising,0.02540842,0.018203713
2790,rising,0.024895208,0.006730579
2791,rising,0.01931908,0.0053216773
2792,rising,0.03102065,0.011709776
2793,stable,0.047376122,0.01183721
2794,rising,0.035068624,0.011606283
2795,stable,0.04326681,0.030011024
2796,stable,0.10387213,0.25713816
2797,stable,0.0496899,0.015022964
2798,stable,0.049814276,0.01248583
2799,stable,0.053619385,0.018509459
2800,falling,0.053170267,0.019158851
2801,falling,0.038525317,0.008175467
2802,falling,0.035931543,0.009789442
2803,falling,0.043762695,0.0118003385
2804,falling,0.057038255,0.031673875
2805,falling,0.053732276,0.011683635
2806,stable,0.0723952,0.06705862
2807,stable,0.09028024,0.1520814
2808,stable,0.10865722,0.14504328
2809,stable,0.0885748,0.13720341
2810,stable,0.06586954,0.009995752
2811,stable,0.06424478,0.008433436
2812,stable,0.07577634,0.086082436
2813,rising,0.0653204,0.011997238
2814,rising,0.08084825,0.023478022
2815,rising,0.08510115,0.016142612
2816,rising,0.08493426,0.018010452
2817,rising,0.058626994,0.018745387
2818,stable,0.058521092,0.022887284
2819,stable,0.11359851,0.31476736
2820,stable,0.09117819,0.13053194
2821,stable,0.07814827,0.16438724
2822,stable,0.076311335,0.12504189
2823,stable,0.051949933,0.097487345
2824,falling,0.058797576,0.07418218
2825,falling,0.0551445,0.019775901
2826,falling,0.050917033,0.021820273
2827,falling,0.039109267,0.021387782
2828,falling,0.05687402,0.0152869
2829,falling,0.06129956,0.014338187
2830,stable,0.07269388,0.1088659
2831,stable,0.096754104,0.12983103
2832,stable,0.049584117,0.020973928
2833,stable,0.048704453,0.018796839
2834,stable,0.06261198,0.13775462
2835,rising,0.04414425,0.09245615
2836,rising,0.027547324,0.07085912
2837,rising,0.026803486,0.023229973
2838,rising,0.022183131,0.013981571
2839,rising,0.025022317,0.013882357
2840,rising,0.028510153,0.008815682
2841,rising,0.040958814,0.033018656
2842,stable,0.04692233,0.037110757
2843,stable,0.060754146,0.07232706
2844,stable,0.045606203,0.07866967
2845,stable,0.048851397,0.10158054
2846,stable,0.054603986,0.11281429
2847,falling,0.043028858,0.0162403
2848,falling,0.04571501,0.016887862
2849,falling,0.035169978,0.030386426
2850,falling,0.02927379,0.008605391
2851,falling,0.030470591,0.00964329
2852,falling,0.04429502,0.017187009
2853,falling,0.053400584,0.068953596
2854,stable,0.045385774,0.010326497
2855,stable,0.04527404,0.023653073
2856,stable,0.09256185,0.18304001
2857,stable,0.07181266,0.01684564
2858,stable,0.12095249,0.15977426
2859,rising,0.08727953,0.02437121
2860,rising,0.08664917,0.025343867
2861,rising,0.09860793,0.06298001
2862,rising,0.07265258,0.017752869
2863,rising,0.09491585,0.026043111
2864,rising,0.10317637,0.20362371
2865,rising,0.078542374,0.015880283
2866,stable,0.13201071,0.026023954
2867,stable,0.08724474,0.048472576
2868,stable,0.06778216,0.11203641
2869,stable,0.06352751,0.09710331
2870,stable,0.060247682,0.070090525
2871,stable,0.03870882,0.01613632
2872,stable,0.037668016,0.033266377
2873,falling,0.037643,0.01553962
2874,falling,0.042229276,0.017368833
2875,falling,0.048905116,0.020925913
2876,falling,0.05263294,0.014795761
2877,stable,0.047595482,0.009472257
2878,stable,0.06896015,0.03450068
2879,stable,0.08273037,0.14241856
2880,stable,0.07953606,0.10894508
2881,stable,0.07391145,0.008545028
2882,stable,0.06830535,0.008717697
2883,stable,0.08014463,0.0132601475
2884,rising,0.061425272,0.008227506
2885,rising,0.07143454,0.06708783
2886,rising,0.061796807,0.028417738
2887,rising,0.060359776,0.012078455
2888,rising,0.09343228,0.031000232
2889,stable,0.09116776,0.021305526
2890,stable,0.050045513,0.017460765
2891,stable,0.07609476,0.057148583
2892,stable,0.07479934,0.03792739
2893,stable,0.05788071,0.0713744
2894,stable,0.06541637,0.07333485
2895,stable,0.0645192,0.060974203
2896,falling,0.06320557,0.023353118
2897,falling,0.06885839,0.011532651
2898,falling,0.061369024,0.01116594
2899,stable,0.042021494,0.0076372973
2900,falling,0.058689103,0.009838359
2901,falling,0.06545073,0.015386858
2902,stable,0.101304054,0.10682162
2903,stable,0.07389378,0.084997386
2904,stable,0.07030276,0.017211739
2905,stable,0.071743466,0.11590224
2906,stable,0.062050894,0.022853525
2907,stable,0.06332237,0.10685842
2908,rising,0.051333442,0.07063385
2909,rising,0.044545095,0.005463513
2910,rising,0.052768357,0.0077942447
2911,rising,0.058395624,0.009363068
2912,rising,0.052089088,0.012050463
2913,stable,0.042934816,0.014427703
2914,rising,0.043152858,0.039736886
2915,stable,0.05619467,0.106403165
2916,stable,0.053832516,0.09064384
2917,stable,0.05331138,0.0945182
2918,stable,0.069639854,0.03539966
2919,stable,0.026879637,0.009931742
2920,falling,0.06424827,0.036384486
2921,falling,0.034968235,0.028026996
2922,falling,0.04147067,0.014551344
2923,falling,0.035729356,0.01489786
2924,falling,0.047024745,0.012372943
2925,falling,0.06789791,0.047594413
2926,stable,0.05404933,0.018903047
2927,stable,0.036617205,0.008644331
2928,stable,0.042043142,0.0059237997
2929,stable,0.07804336,0.21029484
2930,stable,0.047876246,0.008812284
2931,stable,0.04748359,0.007580923
2932,rising,0.040485594,0.012097333
2933,rising,0.040429045,0.022579683
2934,rising,0.043519836,0.014818563
2935,rising,0.044356238,0.01391738
2936,rising,0.07619194,0.14168908
2937,rising,0.057093058,0.02318811
2938,stable,0.068781406,0.025516855
2939,stable,0.05921574,0.011639306
2940,stable,0.052064843,0.023288898
2941,stable,0.053637836,0.016035926
2942,stable,0.07212739,0.08327858
2943,falling,0.06668864,0.013200332
2944,stable,0.08249609,0.03907047
2945,falling,0.0679849,0.011911485
2946,falling,0.06119462,0.01285753
2947,falling,0.06479697,0.01395385
2948,falling,0.09767517,0.13429767
2949,falling,0.08985015,0.064066656
2950,stable,0.051380098,0.022792112
2951,stable,0.09986679,0.23610108
2952,stable,0.05696679,0.0050210073
2953,stable,0.06485595,0.03149865
2954,stable,0.05353571,0.006912612
2955,stable,0.095217705,0.204789
2956,stable,0.034714352,0.0049601216
2957,rising,0.041978087,0.008083064
2958,rising,0.04315688,0.018045286
2959,rising,0.04455745,0.014408896
2960,rising,0.037751734,0.0075848377
2961,stable,0.044837784,0.027823433
2962,stable,0.059475992,0.0574283
2963,stable,0.05682421,0.022048779
2964,stable,0.8686485,0.19944319
2965,stable,1.2459558,0.09295088
2966,stable,1.4281433,0.08702438
2967,stable,1.6048846,0.19552301
2968,falling,1.6083027,0.14133248
2969,falling,1.6231309,0.10451202
2970,falling,1.6222998,0.15731609
2971,falling,1.638558,0.13994592
2972,falling,1.6574072,0.16234297
2973,falling,1.7542765,0.30046955
2974,stable,1.6369281,0.15353894
2975,stable,1.7786976,0.13305344
2976,spike,0.14904906,0.3810617
2977,spike,0.12563032,0.42248765
2978,spike,0.048231397,0.06845995
2979,spike,0.059748128,0.10171548
2980,spike,0.07325247,0.2258114
2981,spike,0.061865106,0.1735976
2982,spike,0.024306672,0.008827181
2983,spike,0.02540462,0.0110827675
2984,spike,0.028452344,0.033466466
2985,spike,0.032713186,0.061688427
2986,spike,1.4668612,0.065258116
2987,falling,2.3203292,0.19073011
2988,falling,2.7603571,0.20623419
2989,falling,2.9068944,0.21375652
2990,falling,2.8187306,0.32027435
2991,falling,2.9556067,0.23544411
2992,falling,3.0232568,0.23307182
2993,falling,3.0337093,0.24176683
2994,falling,3.16733,0.23598492
2995,falling,2.9789948,0.31513306
2996,falling,2.772439,0.19532979
2997,falling,2.837116,0.29595017
2998,spike,0.21215121,0.57120454
2999,spike,0.07825099,0.12380615
3000,spike,0.07368943,0.086636074
3001,spike,0.09181308,0.15054467
3002,spike,0.06796194,0.025120368
3003,spike,0.07263576,0.030110845
3004,spike,0.043871157,0.013069474
3005,spike,0.05211608,0.032426383
3006,spike,0.043064464,0.012103027
3007,spike,0.04727246,0.014095092
3008,spike,0.049848378,0.024515586
3009,falling,0.04146468,0.010322066
3010,falling,0.058837645,0.03805598
3011,stable,0.05633907,0.014558449
3012,stable,0.081631415,0.1002858
3013,stable,0.13479848,0.0733661
3014,falling,0.11684971,0.05321525
3015,stable,0.79639167,0.1238958
3016,falling,1.0500481,0.121551074
3017,falling,1.1897753,0.10567855
3018,falling,1.2344799,0.14646737
3019,falling,1.1914749,0.10425007
3020,falling,1.2767346,0.14843674
3021,stable,1.2048538,0.05609755
3022,stable,1.2535934,0.098623775
3023,stable,1.3108765,0.22880554
3024,stable,1.4200443,0.27206704
3025,stable,1.6094816,0.16767
3026,stable,1.3142896,0.08117471
3027,spike,0.06497071,0.08068835
3028,spike,0.04934524,0.037296653
3029,spike,0.09549331,0.26859546
3030,spike,0.04440341,0.023600906
3031,spike,0.040979095,0.011427276
3032,spike,0.03391744,0.016392158
3033,spike,0.6976159,0.04257703
3034,spike,0.9299203,0.110566035
3035,spike,1.0696632,0.19850473
3036,spike,1.1268617,0.11053088
3037,spike,1.2712123,0.15386298
3038,falling,1.2358494,0.1698704
3039,falling,1.2046273,0.23479277
3040,falling,1.1501796,0.28051004
3041,falling,1.1466484,0.30775896
3042,falling,1.2321333,0.30609712
3043,falling,1.3046452,0.21131703
3044,falling,1.3961018,0.22487544
3045,spike,0.2695225,0.44205764
3046,spike,0.14252637,0.14113061
3047,spike,0.14764532,0.20509095
3048,spike,0.063383006,0.022283763
3049,spike,0.07971506,0.14244442
3050,spike,0.048385542,0.00483844
3051,spike,0.052838054,0.012719677
3052,spike,0.06385463,0.118570685
3053,spike,0.038511313,0.022230608
3054,spike,0.02966551,0.014061876
3055,spike,0.02422664,0.011882284
3056,stable,0.028251098,0.04528026
3057,stable,0.039259706,0.013578081
3058,stable,0.05140728,0.024640003
3059,stable,0.0641631,0.020699628
3060,stable,0.12386442,0.18545952
3061,stable,0.12829773,0.15766473
3062,falling,0.11954631,0.051720396
3063,falling,0.13775232,0.06329179
3064,stable,0.16160554,0.11845254
3065,falling,0.15896693,0.075228415
3066,falling,0.10958045,0.06260362
3067,falling,0.085944906,0.04566146
3068,falling,0.096576266,0.050497506
3069,falling,0.06690902,0.057333145
3070,stable,0.03976626,0.015045035
3071,stable,0.02211124,0.009323553
3072,stable,0.023947788,0.017848497
3073,stable,0.015455424,0.009785484
3074,stable,0.020106988,0.012212933
3075,stable,0.021085376,0.013035904
3076,rising,0.028166959,0.019066656
3077,rising,0.022964943,0.008089653
3078,rising,0.022034427,0.01760522
3079,rising,0.020460503,0.011069446
3080,rising,0.034112133,0.044496927
3081,rising,0.03456491,0.011055571
3082,stable,0.047911294,0.01490037
3083,stable,0.08343666,0.12319544
3084,stable,0.08558178,0.16092151
3085,stable,0.056332465,0.009098489
3086,stable,0.076103576,0.12255536
3087,stable,0.071224235,0.09484719
3088,falling,0.0705856,0.06627601
3089,falling,0.04148879,0.009191298
3090,falling,0.044271644,0.018775119
3091,falling,0.05241426,0.01575895
3092,falling,0.06463106,0.021036854
3093,falling,0.05580131,0.022007816
3094,stable,0.07975184,0.048785195
3095,stable,0.046686642,0.07868054
3096,stable,0.041003328,0.050821252
3097,stable,0.042496074,0.008378896
3098,stable,0.044170756,0.008921971
3099,rising,0.08537437,0.15129964
3100,stable,0.08036534,0.09298452
3101,rising,0.0681783,0.012881597
3102,rising,0.062049735,0.014701779
3103,rising,0.05171529,0.015186329
3104,rising,0.044739153,0.010145675
3105,stable,0.06291492,0.044279758
3106,stable,0.055257477,0.012701452
3107,stable,0.09196761,0.14415105
3108,stable,0.08459998,0.10806652
3109,stable,0.12013654,0.046170536
3110,stable,0.082558624,0.04207728
3111,falling,0.084552415,0.1424476
3112,falling,0.0825882,0.0818723
3113,falling,0.056972314,0.02221075
3114,falling,0.051130828,0.024814568
3115,falling,0.06340841,0.025688592
3116,falling,0.10083262,0.0908874
3117,falling,0.066038124,0.020487534
3118,stable,0.078605935,0.024320055
3119,stable,0.06151547,0.09108983
3120,stable,0.039539397,0.0067153485
3121,stable,0.06415384,0.11181915
3122,stable,0.062334843,0.05086626
3123,rising,0.060335908,0.12472255
3124,rising,0.048279766,0.04868758
3125,rising,0.052041046,0.021513632
3126,rising,0.064500704,0.01854621
3127,rising,0.06790063,0.019720402
3128,rising,0.066310465,0.053079788
3129,rising,0.072043374,0.05805948
3130,stable,0.09043474,0.07031652
3131,stable,0.12298742,0.098157145
3132,stable,0.14589445,0.1740527
3133,stable,0.11500775,0.18222249
3134,stable,0.08313753,0.07678839
3135,falling,0.07066036,0.039683294
3136,falling,0.09128758,0.028299047
3137,falling,0.1071013,0.022049855
3138,falling,0.05655126,0.018248828
3139,falling,0.040274844,0.015738213
3140,falling,0.034317635,0.0141596235
3141,falling,0.049195003,0.02087786
3142,falling,0.03623199,0.016597359
3143,stable,0.057177518,0.15488064
3144,stable,0.04281123,0.08714024
3145,stable,0.06681945,0.17899956
3146,stable,0.029234266,0.01402102
3147,stable,0.025051014,0.0052374722
3148,rising,0.040117256,0.050824236
3149,rising,0.018911514,0.00833606
3150,rising,0.023830352,0.012975973
3151,rising,0.022720058,0.009271164
3152,rising,0.022609496,0.0163734
3153,rising,0.023163028,0.0357866
3154,rising,0.025982141,0.009993952
3155,stable,0.019956687,0.0046888315
3156,stable,0.037824783,0.06537864
3157,stable,0.024464551,0.0056063677
3158,stable,0.05612011,0.15820561
3159,stable,0.054119725,0.10968116
3160,stable,0.046451136,0.065907106
3161,falling,0.051199913,0.048062578
3162,falling,0.037578158,0.0064982027
3163,falling,0.049433623,0.012633803
3164,falling,0.06640168,0.008311606
3165,falling,0.07513131,0.013043465
3166,stable,0.07545806,0.013824849
3167,stable,0.08931685,0.022424966
3168,stable,0.08830387,0.018054489
3169,stable,0.10340191,0.030166538
3170,stable,0.09224551,0.026652701
3171,rising,0.11981604,0.060472406
3172,rising,0.11845231,0.03162841
3173,rising,0.13930911,0.04275727
3174,rising,0.09674012,0.027850427
3175,rising,0.05104641,0.013440991
3176,rising,0.040813483,0.02070533
3177,rising,0.060778435,0.016633645
3178,stable,0.048034664,0.012167073
3179,stable,0.03028645,0.0056661116
3180,stable,0.06209069,0.121656574
3181,stable,0.050267823,0.008682935
3182,stable,0.04392255,0.023276288
3183,falling,0.057001676,0.09655013
3184,falling,0.07820933,0.07022147
3185,falling,0.03433781,0.012025087
3186,falling,0.03274117,0.013009367
3187,falling,0.027652334,0.007520536
3188,falling,0.04592826,0.024613837
3189,stable,0.0708564,0.03455015
3190,stable,0.07311552,0.02077108
3191,stable,0.07697324,0.058120914
3192,stable,0.059319083,0.10229054
3193,stable,0.06823583,0.11454577
3194,stable,0.045647375,0.0431388
3195,stable,0.051438857,0.06810217
3196,rising,0.05218721,0.04072857
3197,rising,0.06286761,0.026079284
3198,rising,0.052387375,0.013176023
3199,rising,0.043256108,0.015491864
3200,rising,0.042970207,0.027956959
3201,rising,0.061335873,0.044693083
3202,stable,0.06342468,0.012297582
3203,stable,0.09946198,0.09980287
3204,stable,0.091313146,0.1558535
3205,stable,0.054050405,0.04188922
3206,stable,0.086521275,0.123693384
3207,stable,0.1136067,0.14944446
3208,falling,0.11254276,0.07434371
3209,falling,0.08445422,0.026119588
3210,falling,0.111576095,0.035313826
3211,falling,0.066327706,0.021584816
3212,falling,0.06373145,0.021721303
3213,falling,0.06988766,0.027583355
3214,falling,0.056877717,0.019092366
3215,stable,0.08704395,0.021665758
3216,stable,0.11141587,0.050306715
3217,stable,0.094612494,0.10996407
3218,stable,0.1192144,0.06582641
3219,stable,0.1483668,0.10803527
3220,rising,0.099706925,0.031207925
3221,rising,0.09135484,0.029804308
3222,rising,0.06454607,0.01772433
3223,rising,0.09456868,0.031873908
3224,rising,0.06865308,0.031909157
3225,rising,0.07436853,0.017682297
3226,stable,0.07778685,0.08621794
3227,stable,0.08567632,0.126139
3228,stable,0.067585215,0.051490586
3229,stable,0.09599235,0.14286742
3230,stable,0.06288613,0.047151044
3231,stable,0.04219232,0.023014849
3232,falling,0.04465355,0.026203535
3233,falling,0.066148676,0.038604323
3234,falling,0.06291762,0.025401833
3235,falling,0.047467325,0.016461762
3236,falling,0.04478588,0.019534087
3237,falling,0.030623872,0.017166356
3238,stable,0.040299382,0.032406587
3239,stable,0.032444123,0.022543099
3240,stable,0.045182817,0.014640914
3241,stable,0.04802453,0.1201735
3242,stable,0.87737507,0.087637246
3243,stable,1.2730312,0.101007715
3244,stable,1.502934,0.09225843
3245,rising,1.7070392,0.09384477
3246,rising,1.7160662,0.098164104
3247,rising,1.7810084,0.09836852
3248,rising,1.7211581,0.09858249
3249,rising,1.6603321,0.13108188
3250,stable,1.7218592,0.09549505
3251,stable,1.7587059,0.0986498
3252,stable,1.7578071,0.0757812
3253,stable,1.721555,0.09409778
3254,spike,0.08705032,0.14832072
3255,spike,0.13306516,0.23587374
3256,spike,0.15508515,0.2433588
3257,spike,0.17817585,0.29565185
3258,spike,0.0705692,0.018685171
3259,spike,0.06346402,0.025071401
3260,spike,0.076300845,0.044687852
3261,spike,0.08777718,0.02058959
3262,spike,0.106406786,0.038068887
3263,spike,0.108337685,0.025854683
3264,spike,0.14473817,0.06893689
3265,falling,0.13677643,0.041334875
3266,stable,0.15683033,0.0722091
3267,stable,0.1395094,0.059965506
3268,stable,0.12923816,0.052041363
3269,stable,0.1425643,0.03737223
3270,stable,0.14242212,0.04038001
3271,rising,0.21702881,0.069625065
3272,rising,0.17483331,0.06414562
3273,stable,0.13772954,0.14259702
3274,stable,0.1930101,0.06606491
3275,stable,0.22451891,0.16294153
3276,stable,0.18513854,0.24168536
3277,stable,0.1556911,0.2531075
3278,stable,0.08385699,0.058481067
3279,stable,0.09234955,0.03918063
3280,falling,0.12890695,0.16769767
3281,falling,0.07335974,0.09052693
3282,falling,0.050467268,0.047400616
3283,falling,0.043599434,0.01189482
3284,falling,0.05007532,0.021360496
3285,falling,0.041564643,0.022837488
3286,stable,0.054319125,0.028943365
3287,stable,0.0623633,0.027909921
3288,stable,1.4403327,0.0642417
3289,stable,2.0877702,0.15423338
3290,stable,2.4434469,0.16906969
3291,stable,2.5461662,0.27747908
3292,rising,2.6650035,0.24992305
3293,rising,2.688347,0.16176233
3294,rising,2.6204562,0.1656973
3295,rising,2.6131418,0.19424623
3296,rising,2.697882,0.20058076
3297,stable,2.953446,0.18235023
3298,stable,2.8318825,0.12858768
3299,stable,4.018274,0.18684365
3300,spike,2.0856736,0.234458
3301,spike,2.29998,0.36600724
3302,spike,2.4454896,0.5456019
3303,spike,2.7228029,0.6390898
3304,spike,2.7905412,0.33099207
3305,spike,2.7262225,0.24366367
3306,spike,2.5500832,0.19782291
3307,spike,2.4779444,0.15963313
3308,spike,2.6709964,0.14920013
3309,spike,2.710187,0.124642916
3310,spike,2.7581432,0.16468951
3311,spike,0.10202971,0.08795384
3312,spike,0.11710717,0.07943579
3313,spike,0.12842157,0.10248122
3314,spike,0.114633866,0.03228447
3315,spike,0.12093262,0.06314649
3316,spike,0.15227136,0.06888816
3317,spike,0.19776702,0.10531347
3318,spike,0.1916568,0.07024299
3319,spike,0.17959762,0.086832404
3320,spike,0.19291806,0.13983205
3321,spike,0.17829336,0.08176453
3322,falling,0.14269796,0.054137643
3323,falling,0.11057618,0.06427815
3324,falling,0.13889745,0.46723443
3325,falling,0.12785324,0.4246347
3326,falling,0.045565423,0.025625957
3327,falling,0.08893324,0.23737922
3328,falling,0.040835306,0.025621703
3329,falling,0.052591883,0.040652547
3330,falling,0.044308,0.01986008
3331,falling,0.069841705,0.06881897
3332,falling,0.08489706,0.064504646
3333,falling,0.09065929,0.082312845
3334,stable,0.08488537,0.04627971
3335,stable,0.08803583,0.03916879
3336,stable,0.07182418,0.10364014
3337,stable,0.062023204,0.03862377
3338,stable,0.055899553,0.029607669
3339,stable,0.07963188,0.068164535
3340,rising,0.05990626,0.031196423
3341,rising,0.047539983,0.04666088
3342,rising,0.045633893,0.056792095
3343,rising,0.05596391,0.07791353
3344,rising,0.040225487,0.031464174
3345,rising,0.08755625,0.090378694
3346,stable,0.18484324,0.56868035
3347,stable,0.09525217,0.035139807
3348,stable,0.089251705,0.020299826
3349,stable,0.12275259,0.34923938
3350,stable,0.116377205,0.3284444
3351,falling,0.11606311,0.28254578
3352,falling,0.103474714,0.1247225
3353,falling,0.08815287,0.04918546
3354,falling,0.090625376,0.03471423
3355,falling,0.105643116,0.03631811
3356,falling,0.098426454,0.028189713
3357,falling,0.06977524,0.044492234
3358,falling,0.054330036,0.032477558
3359,stable,0.057259616,0.053801566
3360,stable,0.077860974,0.05417412
3361,stable,0.073492646,0.09470136
3362,stable,0.052088033,0.013527125
3363,stable,0.041659255,0.099014744
3364,stable,0.036083836,0.07114717
3365,rising,0.04051546,0.019489937
3366,rising,0.038582746,0.008771424
3367,rising,0.04416476,0.015386034
3368,rising,0.0884514,0.28337747
3369,rising,0.042653203,0.034489717
3370,stable,0.09764077,0.3432992
3371,stable,0.060705587,0.07406168
3372,stable,0.05353334,0.033426058
3373,stable,0.093848184,0.23562993
3374,stable,0.049779706,0.006814937
3375,stable,0.08544335,0.20257512
3376,falling,0.05069067,0.008167499
3377,stable,0.040556923,0.017485471
3378,falling,0.043439094,0.015906604
3379,falling,0.04407948,0.010361192
3380,falling,0.04166079,0.0052400935
3381,falling,0.04761375,0.048672564
3382,stable,0.03831761,0.0073868
3383,stable,0.064752236,0.11527589
3384,stable,0.045645636,0.013253898
3385,stable,0.034841254,0.00583156
3386,stable,0.06003679,0.11781637
3387,stable,0.03778627,0.013598766
3388,stable,0.04690779,0.06590385
3389,rising,0.03748258,0.011095854
3390,rising,0.03994533,0.02236765
3391,rising,0.05200029,0.030310152
3392,rising,0.048968248,0.010851129
3393,rising,0.06264395,0.08133443
3394,rising,0.070029095,0.11376381
3395,stable,0.055064123,0.013173277
3396,stable,0.06145613,0.11165527
3397,stable,0.08670333,0.18700589
3398,stable,0.0387209,0.0077179456
3399,stable,0.039963704,0.011985413
3400,stable,0.04541494,0.011593919
3401,falling,0.03638754,0.0056417035
3402,falling,0.041644316,0.00605557
3403,falling,0.039961077,0.017216569
3404,falling,0.048306584,0.0107469745
3405,stable,0.03765045,0.0081110485
3406,stable,0.051669676,0.046221487
3407,stable,0.066587046,0.07113449
3408,stable,0.057341155,0.015900996
3409,stable,0.06499741,0.015621592
3410,stable,0.081887014,0.14021201
3411,stable,0.076586835,0.051787265
3412,rising,0.073838145,0.0113333585
3413,rising,0.07159743,0.036142457
3414,rising,0.058720645,0.008622516
3415,rising,0.06435957,0.020880258
3416,stable,0.06971482,0.032673437
3417,rising,0.08691535,0.040501308
3418,stable,0.11639181,0.16598436
3419,stable,0.09615419,0.09398828
3420,stable,0.072542064,0.04089347
3421,stable,0.06775989,0.03669979
3422,stable,0.07662212,0.13030474
3423,falling,0.05328239,0.028797783
3424,falling,0.046143908,0.0071912967
3425,falling,0.04769542,0.025331609
3426,falling,0.044058163,0.013906619
3427,falling,0.045811713,0.013175401
3428,falling,0.038001087,0.011047723
3429,falling,0.03745144,0.018123692
3430,falling,0.048208125,0.09567483
3431,stable,0.022277115,0.006541767
3432,stable,0.032245114,0.01239529
3433,stable,0.04707137,0.015725113
3434,stable,0.036402855,0.09727736
3435,rising,0.025219582,0.0070252065
3436,rising,0.024144756,0.007833269
3437,rising,0.026970621,0.018755605
3438,rising,0.023422005,0.009717959
3439,rising,0.024207262,0.011458063
3440,rising,0.021920796,0.0038454575
3441,rising,0.024112726,0.009152871
3442,stable,0.03642598,0.07212938
3443,stable,0.030487226,0.00727827
3444,stable,0.036931094,0.018888183
3445,stable,0.02670348,0.0073303636
3446,stable,0.053031232,0.098269
3447,stable,0.05406073,0.12295443
3448,falling,0.034890354,0.03464702
3449,falling,0.03265071,0.035791457
3450,falling,0.0288436,0.008281529
3451,falling,0.027201666,0.007331321
3452,falling,0.03871854,0.011033386
3453,falling,0.041219175,0.019133622
3454,stable,0.044951197,0.016879827
3455,stable,0.048429783,0.011219075
3456,stable,0.03673427,0.017982662
3457,stable,0.03725136,0.04801785
3458,stable,0.03190515,0.011615009
3459,stable,0.025004746,0.013212325
3460,rising,0.023155874,0.0077471747
3461,rising,0.021961669,0.0050193896
3462,rising,0.022437682,0.018464908
3463,rising,0.021772463,0.007187022
3464,rising,0.02565888,0.03709765
3465,stable,0.027236488,0.034910142
3466,stable,0.039213933,0.028197989
3467,stable,0.06371603,0.17855884
3468,stable,0.045537665,0.09550766
3469,stable,0.040781904,0.035044048
3470,stable,0.05533095,0.09614012
3471,stable,0.043714482,0.0060445196
3472,falling,0.043598764,0.009333006
3473,falling,0.04442032,0.0074017905
3474,falling,0.07468056,0.1715918
3475,falling,0.042049006,0.007966552
3476,falling,0.040597208,0.006152074
3477,falling,0.044989977,0.007517561
3478,stable,0.053078134,0.022484884
3479,stable,0.04678101,0.012582687
3480,stable,0.06685881,0.12855841
3481,stable,0.049978938,0.017518623
3482,stable,0.059076402,0.13207802
3483,stable,0.040907238,0.106788605
3484,rising,0.03613021,0.06295625
3485,rising,0.024236029,0.025039548
3486,rising,0.02230989,0.018411992
3487,rising,0.026186453,0.0044491836
3488,rising,0.037914526,0.01719426
3489,rising,0.025799526,0.0043472485
3490,stable,0.04135942,0.054597747
3491,stable,0.04309752,0.09048094
3492,stable,0.039662406,0.04883623
3493,stable,0.06104248,0.13289925
3494,stable,0.035207707,0.006986414
3495,stable,0.041935124,0.009092845
3496,falling,0.049350258,0.040919926
3497,falling,0.041135315,0.0087313205
3498,falling,0.04938991,0.023208544
3499,falling,0.034778576,0.01960783
3500,falling,0.029482286,0.008187308
3501,falling,0.030844707,0.019118758
3502,stable,0.034592226,0.007564881
3503,stable,0.04939621,0.10351321
3504,stable,0.057004355,0.13898471
3505,stable,0.039027777,0.01783864
3506,stable,0.046844702,0.01320418
3507,stable,0.05059857,0.108829364
3508,rising,0.044559978,0.067040704
3509,rising,0.048966315,0.06425287
3510,rising,0.03687192,0.013008266
3511,rising,0.034358524,0.0070457193
3512,rising,0.046914484,0.014509936
3513,rising,0.039958857,0.017718224
3514,stable,0.04878187,0.03418401
3515,stable,0.05670685,0.012731277
3516,stable,0.064767286,0.101442456
3517,stable,0.038142826,0.01974568
3518,stable,0.040629618,0.0236126
3519,stable,0.036983345,0.01375706
3520,falling,0.046191376,0.013486899
3521,falling,0.03810366,0.021783492
3522,falling,0.04480012,0.022402085
3523,falling,0.04352595,0.0182584
3524,falling,0.037008345,0.0149010755
3525,falling,0.05103175,0.085955545
3526,stable,0.05778633,0.08736821
3527,stable,0.044230867,0.008549241
3528,stable,0.04513554,0.017501315
3529,stable,0.06990504,0.17947823
3530,stable,0.04101862,0.00823591
3531,rising,0.057191607,0.103331566
3532,stable,0.04777475,0.010258233
3533,rising,0.05242866,0.043690264
3534,rising,0.03681669,0.017501002
3535,rising,0.034505017,0.0056265397
3536,rising,0.055939242,0.012216114
3537,rising,0.055363663,0.012565165
3538,rising,0.052451536,0.009906059
3539,stable,0.11378937,0.3255739
3540,stable,0.06461629,0.014332373
3541,stable,0.07514146,0.013233832
3542,stable,0.10041729,0.049957115
3543,stable,0.08991848,0.02431169
3544,falling,0.09884823,0.043612275
3545,falling,0.09837939,0.03042558
3546,falling,0.09774394,0.019691655
3547,falling,0.10111631,0.021346351
3548,falling,0.07455529,0.027363533
3549,falling,0.07852159,0.037601817
3550,stable,0.07329885,0.013401772
3551,stable,0.07175908,0.021269899
3552,stable,0.08319914,0.18828382
3553,stable,0.046371203,0.008848563
3554,stable,0.056995135,0.024304198
3555,stable,0.07703519,0.13128552
3556,rising,0.048678048,0.037890606
3557,rising,0.039370757,0.0049219388
3558,rising,0.042725895,0.008661978
3559,stable,0.03817711,0.007697069
3560,rising,0.02592051,0.004571774
3561,rising,0.03786912,0.02217771
3562,rising,0.043066878,0.04902004
3563,stable,0.053528644,0.015565398
3564,stable,0.052961763,0.09117173
3565,stable,0.030090641,0.0060101287
3566,stable,0.05313011,0.08618854
3567,falling,0.057876907,0.015663182
3568,falling,0.05010613,0.020117503
3569,falling,0.05284724,0.019584998
3570,falling,0.052398946,0.019907992
3571,falling,0.036930945,0.01594536
3572,falling,0.03728738,0.012046526
3573,falling,0.043482546,0.012052542
3574,stable,0.04477688,0.011325299
3575,stable,0.0680656,0.15059112
3576,stable,0.029741904,0.0053918594
3577,stable,0.03009203,0.008232372
3578,stable,0.07773316,0.18210243
3579,stable,0.030204443,0.009462933
3580,stable,0.039995216,0.0132598765
3581,rising,0.040165205,0.049068067
3582,rising,0.03701398,0.004713348
3583,rising,0.03824095,0.0059009166
3584,rising,0.03700717,0.004652781
3585,rising,0.036609594,0.006620627
3586,stable,0.043523327,0.016025005
3587,stable,0.067715235,0.07641321
3588,stable,0.07004638,0.114818335
3589,stable,0.048321422,0.011605362
3590,stable,0.05838732,0.030745827
3591,stable,0.06699513,0.083384454
3592,falling,0.06768245,0.02296775
3593,falling,0.07723378,0.028820943
3594,falling,0.041627213,0.026325317
3595,falling,0.035267513,0.018152844
3596,falling,0.036872216,0.009312137
3597,falling,0.03645859,0.011999205
3598,stable,0.11302199,0.21295679
3599,stable,0.06439045,0.14993744
3600,stable,0.0411919,0.012599016
3601,stable,0.035205763,0.015277735
3602,stable,0.039097365,0.013293219
3603,rising,0.063850865,0.15518527
3604,rising,0.052646387,0.099743694
3605,rising,0.027304707,0.012725179
3606,rising,0.03253359,0.021653833
3607,rising,0.027714526,0.00683409
3608,rising,0.031863432,0.008582833
3609,rising,0.06994716,0.17182417
3610,stable,0.037975542,0.055328313
3611,stable,0.030614037,0.03929996
3612,stable,0.030395372,0.040881645
3613,stable,0.073345825,0.25813004
3614,stable,0.04486296,0.012999815
3615,stable,0.0349975,0.006769287
3616,falling,0.059404965,0.058219247
3617,falling,0.051127203,0.0235549
3618,falling,0.071646504,0.12048861
3619,falling,0.045675974,0.0075471317
3620,falling,0.056959756,0.034808114
3621,falling,0.0500256,0.04510735
3622,stable,0.045951612,0.012140943
3623,stable,0.05504973,0.0145468
3624,stable,0.051187303,0.022242296
3625,stable,0.06929289,0.1576854
3626,stable,0.07245893,0.13622239
3627,stable,0.044431828,0.010963936
3628,rising,0.03345744,0.057935867
3629,rising,0.05222487,0.024852997
3630,rising,0.04709438,0.013186305
3631,rising,0.056239154,0.015001201
3632,rising,0.050692633,0.012670631
3633,rising,0.06877036,0.018314362
3634,stable,0.056531988,0.011048247
3635,stable,0.08375857,0.038167916
3636,stable,0.09166422,0.07712034
3637,stable,0.096844204,0.046612438
3638,stable,0.062253784,0.012688463
3639,falling,0.08730113,0.014285729
3640,stable,0.07114272,0.06958057
3641,falling,0.05262081,0.045045078
3642,falling,0.05038347,0.018287394
3643,falling,0.04102656,0.016297655
3644,falling,0.032689087,0.008124939
3645,falling,0.050909407,0.13878833
3646,falling,0.045639876,0.10325687
3647,stable,0.067467205,0.10603581
3648,stable,0.017850153,0.0075000157
3649,stable,0.014974339,0.0041157412
3650,stable,0.017899424,0.0101209665
3651,stable,0.011163782,0.0038759783
3652,stable,0.023500612,0.0617983
3653,rising,0.012381061,0.0062016016
3654,rising,0.014591382,0.012493838
3655,rising,0.010940662,0.009958025
3656,rising,0.011737788,0.005821105
3657,rising,0.02043497,0.022532457
3658,stable,0.024168018,0.011448472
3659,stable,0.035107236,0.06628933
3660,stable,0.04326608,0.10824595
3661,stable,0.024294263,0.010426756
3662,stable,0.047310695,0.096922144
3663,stable,0.05632029,0.08416651
3664,falling,0.041158404,0.022025023
3665,falling,0.028573295,0.018184507
3666,falling,0.0481819,0.07386351
3667,falling,0.040692054,0.020180998
3668,falling,0.04983055,0.062875
3669,falling,0.027205138,0.01467912
3670,stable,0.02583556,0.025827587
3671,stable,0.020925079,0.010922494
3672,stable,0.07718273,0.30110797
3673,stable,0.058801934,0.06224216
3674,stable,0.03949086,0.01046446
3675,stable,0.06214684,0.123980634
3676,rising,0.03449647,0.007890201
3677,rising,0.059595633,0.10673498
3678,rising,0.045975335,0.039196454
3679,rising,0.03808048,0.00876762
3680,rising,0.038091745,0.010034448
3681,rising,0.0408528,0.015349594
3682,stable,0.041714616,0.011495936
3683,stable,0.077515386,0.100555494
3684,stable,0.052229356,0.008724139
3685,stable,0.12385057,0.19656706
3686,stable,0.05422674,0.012400903
3687,stable,0.06398962,0.044451043
3688,falling,0.05908868,0.009758804
3689,falling,0.062625736,0.00941158
3690,falling,0.08616834,0.07378511
3691,falling,0.059247874,0.007645112
3692,falling,0.08384156,0.13801692
3693,falling,0.05981445,0.05389688
3694,stable,0.06956331,0.08356379
3695,stable,0.060944144,0.0139560485
3696,stable,0.04825924,0.0060162595
3697,stable,0.055172868,0.048771758
3698,stable,0.04984919,0.117973074
3699,stable,0.07773428,0.18796471
3700,rising,0.028993718,0.007713421
3701,rising,0.036419827,0.010595332
3702,rising,0.035655476,0.01393654
3703,rising,0.025686527,0.005753802
3704,rising,0.028484814,0.006817568
3705,rising,0.028357467,0.0075236987
3706,rising,0.03442667,0.012123506
3707,stable,0.037295952,0.015039505
3708,stable,0.04547242,0.09877294
3709,stable,0.026428545,0.014768095
3710,stable,0.03339454,0.012195942
3711,stable,0.044161502,0.05404312
3712,falling,0.05478364,0.025760584
3713,falling,0.041605886,0.056828152
3714,falling,0.021332782,0.008229988
3715,falling,0.02598815,0.007113058
3716,falling,0.052898005,0.15137638
3717,falling,0.03274802,0.024014434
3718,stable,0.025905604,0.009031931
3719,stable,0.024315279,0.0060655805
3720,stable,0.0571131,0.12773764
3721,stable,0.032755874,0.0050649187
3722,stable,0.057475593,0.09832068
3723,rising,0.037881993,0.008943271
3724,rising,0.053907912,0.06754657
3725,rising,0.0450059,0.0067743724
3726,rising,0.048215795,0.0054474645
3727,rising,0.048182078,0.0083998395
3728,rising,0.043603588,0.0078136455
3729,stable,0.059141885,0.018008817
3730,stable,0.05088402,0.010688083
3731,stable,0.064289674,0.06601163
3732,stable,0.079293475,0.11393562
3733,stable,0.055015367,0.01585435
3734,stable,0.066801466,0.014413052
3735,stable,0.061394565,0.010668979
3736,falling,0.04355795,0.011315021
3737,falling,0.05675649,0.01992854
3738,falling,0.04777602,0.013103562
3739,falling,0.05637933,0.025654458
3740,falling,0.06539421,0.024685647
3741,stable,0.060929727,0.04060598
3742,stable,0.037385676,0.007693819
3743,stable,0.0342698,0.0051371157
3744,stable,0.09377377,0.22362308
3745,stable,0.035511173,0.013971199
3746,stable,0.055716254,0.010393531
3747,stable,0.07172634,0.16538759
3748,stable,0.041641884,0.0060764155
3749,rising,0.037715577,0.015449191
3750,rising,0.03314736,0.005651715
3751,rising,0.028346522,0.008405307
3752,rising,0.028575975,0.005053853
3753,rising,0.028198622,0.0032358707
3754,stable,0.04147726,0.061668165
3755,stable,0.05279942,0.114711694
3756,stable,0.05685209,0.09462094
3757,stable,0.048193462,0.024980137
3758,stable,0.05220377,0.0349533
3759,stable,0.040087078,0.08619058
3760,stable,0.024460323,0.011015263
3761,falling,0.026488068,0.013659526
3762,falling,0.04829886,0.08688872
3763,falling,0.033490457,0.01820607
3764,falling,0.026891101,0.010992886
3765,falling,0.021981245,0.0068729846
3766,stable,0.029924314,0.0503996
3767,stable,0.023663862,0.006827687
3768,stable,0.021868655,0.008172653
3769,stable,0.04030526,0.10355732
3770,stable,0.06398993,0.2279943
3771,rising,0.019238705,0.0029619257
3772,rising,0.030402474,0.0071828063
3773,rising,0.028245652,0.0047197407
3774,rising,0.031866293,0.012068805
3775,rising,0.03593208,0.0102735115
3776,rising,0.0411993,0.012077066
3777,rising,0.041462336,0.034799084
3778,stable,0.033695612,0.0038776232
3779,stable,0.04082163,0.04516672
3780,stable,0.056478545,0.11152368
3781,stable,0.06254738,0.08038292
3782,stable,0.08348896,0.13362156
3783,stable,0.07452495,0.096692726
3784,falling,0.04385427,0.014066738
3785,falling,0.04866402,0.04280049
3786,falling,0.06733249,0.05622242
3787,falling,0.062306296,0.01935473
3788,falling,0.07636855,0.02447029
3789,falling,0.106644325,0.18315916
3790,stable,0.06692645,0.008814909
3791,stable,0.07181479,0.08117841
3792,stable,0.061102226,0.006690469
3793,stable,0.07063099,0.023242757
3794,stable,0.080468275,0.11853272
3795,stable,0.08420622,0.102487296
3796,rising,0.084698915,0.017623337
3797,rising,0.0871243,0.029152911
3798,stable,0.07424662,0.03377986
3799,rising,0.061045762,0.018667294
3800,rising,0.05057373,0.022362651
3801,rising,0.056071904,0.01525368
3802,stable,0.060586683,0.06469874
3803,stable,0.067678645,0.016546138
3804,stable,0.049439482,0.01164877
3805,stable,0.0649491,0.027245682
3806,stable,0.093514495,0.12213366
3807,falling,0.075803,0.01892042
3808,falling,0.06619181,0.056070376
3809,falling,0.057195365,0.02087313
3810,falling,0.054640494,0.029198311
3811,falling,0.048842203,0.014539769
3812,falling,0.05483484,0.011343734
3813,falling,0.045107007,0.009856446
3814,stable,0.06241635,0.013779488
3815,stable,0.07151162,0.09858874
3816,stable,0.0972884,0.23025878
3817,stable,0.04743421,0.031767294
3818,stable,0.05141284,0.052328564
3819,rising,0.031896792,0.011973616
3820,rising,0.041988097,0.07610695
3821,rising,0.026195753,0.0088260565
3822,rising,0.031492013,0.020260194
3823,rising,0.025213612,0.007079107
3824,rising,0.029153207,0.030402182
3825,stable,0.037675187,0.029248059
3826,stable,0.04771628,0.09991856
3827,stable,0.03811936,0.0144275725
3828,stable,0.043807607,0.008265484
3829,stable,0.038389836,0.021014018
3830,stable,0.05257757,0.085699424
3831,falling,0.057922784,0.108418755
3832,falling,0.08203301,0.051156256
3833,falling,0.108710006,0.028332625
3834,falling,0.10120215,0.028400913
3835,falling,0.07695819,0.022272162
3836,falling,0.10270031,0.036670186
3837,falling,0.10113947,0.026462203
3838,stable,0.13729204,0.03655814
3839,stable,0.10205555,0.03881877
3840,stable,0.09869739,0.028444808
3841,stable,0.0856811,0.015879048
3842,stable,0.08184974,0.05818334
3843,stable,0.07298753,0.015273924
3844,rising,0.06939609,0.053474415
3845,stable,0.05929496,0.02320918
3846,rising,0.06248319,0.012003313
3847,rising,0.09081055,0.016501438
3848,rising,0.07793407,0.028615491
3849,stable,0.07770685,0.013979236
3850,rising,0.116813175,0.065775506
3851,stable,0.075389475,0.010557578
3852,stable,0.104926586,0.014518182
3853,stable,0.12588015,0.070448846
3854,stable,0.11510733,0.018722361
3855,stable,0.094229326,0.026413416
3856,stable,0.10947769,0.082663484
3857,falling,0.07896898,0.019480258
3858,falling,0.12081211,0.032411374
3859,falling,0.061197758,0.017653652
3860,falling,0.053455777,0.011446624
3861,falling,0.05220412,0.008312681
3862,stable,0.066948645,0.053669438
3863,stable,0.066288926,0.0871515
3864,stable,0.0647699,0.03878428
3865,stable,0.042186685,0.09161971
3866,stable,0.03299645,0.04548743
3867,stable,0.04232179,0.09845992
3868,rising,0.027446313,0.012316328
3869,stable,0.052773017,0.027907392
3870,rising,0.054700088,0.017466052
3871,rising,0.050204705,0.014272885
3872,rising,0.050528653,0.02803715
3873,rising,0.050434813,0.04913653
3874,stable,0.0362782,0.00915483
3875,stable,0.036989965,0.008491104
3876,stable,0.0656198,0.14047298
3877,stable,0.048267983,0.078111894
3878,stable,0.071975924,0.1283147
3879,stable,0.061169002,0.019411799
3880,falling,0.05892763,0.066410884
3881,falling,0.0279119,0.029696424
3882,falling,0.014841558,0.0066228607
3883,falling,0.017771274,0.006677277
3884,falling,0.020659264,0.0051812045
3885,falling,0.03555138,0.012559321
3886,stable,0.024823077,0.008696719
3887,stable,0.027398242,0.014125373
3888,stable,0.06481941,0.109134935
3889,stable,0.042165387,0.014535413
3890,stable,0.05815928,0.098899625
3891,rising,0.0445254,0.011503293
3892,rising,0.053809263,0.015151592
3893,rising,0.051273677,0.010555219
3894,rising,0.055860173,0.011974185
3895,rising,0.052488673,0.01192743
3896,rising,0.065283984,0.014340127
3897,rising,0.08548857,0.08412566
3898,stable,0.07035044,0.012232088
3899,stable,0.08927998,0.018895524
3900,stable,0.12670349,0.16638367
3901,stable,0.074380755,0.018005366
3902,stable,0.072904296,0.015835479
3903,falling,0.08473169,0.079327725
3904,stable,0.12361715,0.09770207
3905,falling,0.07979771,0.027141698
3906,falling,0.07636665,0.020858832
3907,falling,0.0797139,0.01762617
3908,falling,0.038536977,0.019839162
3909,falling,0.038489867,0.022933394
3910,stable,0.052584972,0.07836253
3911,stable,0.050901104,0.022710925
3912,stable,0.05612494,0.042028308
3913,stable,0.04793534,0.019665569
3914,stable,0.06506876,0.052904394
3915,stable,0.050349887,0.020453073
3916,rising,0.046544313,0.023245208
3917,rising,0.036682937,0.015500943
3918,rising,0.03277615,0.012402106
3919,rising,0.03887508,0.015179816
3920,rising,0.035187732,0.02358238
3921,stable,0.039181996,0.042529937
3922,stable,0.038373873,0.067079276
3923,stable,0.040777363,0.026379533
3924,stable,0.04028162,0.026178367
3925,stable,0.055911835,0.038989425
3926,stable,0.11181994,0.15238692
3927,stable,0.07969847,0.037549715
3928,falling,0.06679735,0.020904107
3929,falling,0.064970575,0.060184225
3930,falling,0.055839226,0.032911647
3931,falling,0.07624729,0.025721354
3932,falling,0.120898925,0.036938116
3933,falling,0.10874369,0.029927
3934,stable,0.084900886,0.0327074
3935,stable,0.08137738,0.051503137
3936,stable,0.07045121,0.07656448
3937,stable,0.060245205,0.024306614
3938,stable,0.059469987,0.016628424
3939,stable,0.058780845,0.029266056
3940,rising,0.064648174,0.027684292
3941,rising,0.081714354,0.02369543
3942,rising,0.05309714,0.017995747
3943,rising,0.06708062,0.018207656
3944,rising,0.04982489,0.014507923
3945,rising,0.050969023,0.015127039
3946,stable,0.05281378,0.0675463
3947,stable,0.05719513,0.009102613
3948,stable,0.039818183,0.0072523495
3949,stable,0.0839365,0.1282963
3950,stable,0.06538337,0.13000439
3951,falling,0.037019815,0.012668106
3952,falling,0.038336385,0.01617527
3953,falling,0.025865292,0.00624895
3954,falling,0.028593563,0.016732173
3955,falling,0.031519618,0.0070164693
3956,falling,0.034413576,0.014316312
3957,stable,0.03617849,0.025664343
3958,stable,0.022728214,0.008016417
3959,stable,0.026882926,0.008279932
3960,stable,0.057717066,0.14774792
3961,stable,0.041945674,0.0241241
3962,stable,0.020252345,0.0064556943
3963,rising,0.04356242,0.06962267
3964,rising,0.052298263,0.015786404
3965,rising,0.080484964,0.030725854
3966,rising,0.10985842,0.054579508
3967,rising,0.08290663,0.024055995
3968,rising,0.06958498,0.019237215
3969,rising,0.09136328,0.028008744
3970,stable,0.09593881,0.023726873
3971,stable,0.11959608,0.15442868
3972,stable,0.128741,0.17476507
3973,stable,0.10185173,0.053326417
3974,stable,0.09279381,0.036284216
3975,falling,0.06870112,0.039254926
3976,falling,0.05245987,0.032024223
3977,falling,0.040678266,0.014710635
3978,falling,0.029842341,0.008932037
3979,falling,0.03332915,0.009424351
3980,falling,0.04262637,0.019264536
3981,falling,0.035464883,0.009917105
3982,stable,0.04051397,0.016192954
3983,stable,0.029925693,0.019924954
3984,stable,0.054780964,0.08919688
3985,stable,0.06666351,0.1114786
3986,stable,0.045864724,0.016313296
3987,stable,0.05909923,0.073428914
3988,rising,0.050485924,0.053976472
3989,rising,0.06920951,0.05318199
3990,rising,0.042638626,0.019062294
3991,rising,0.028454999,0.021725086
3992,rising,0.020446537,0.013601408
3993,rising,0.042083617,0.100695
3994,stable,0.029887231,0.010698033
3995,stable,0.064518504,0.14896958
3996,stable,0.041620534,0.092359565
3997,stable,0.06346044,0.25555018
3998,stable,0.05833781,0.1956436
3999,stable,0.038838845,0.120489106
4000,falling,0.034830615,0.10957326
4001,falling,0.027106654,0.064395696
4002,falling,0.018237585,0.009744737
4003,falling,0.029603992,0.013463703
4004,falling,0.02671656,0.008877603
4005,falling,0.037323114,0.079175435
4006,stable,0.022511667,0.013851155
4007,stable,0.03750101,0.061874595
4008,stable,0.031136708,0.017436126
4009,stable,0.046789266,0.10770165
4010,stable,0.050545003,0.014197792
4011,stable,0.059313495,0.05062625
4012,rising,0.057068296,0.05558394
4013,rising,0.040438298,0.018543515
4014,rising,0.048654135,0.014405542
4015,rising,0.050287835,0.03179889
4016,rising,0.05132915,0.02246764
4017,rising,0.090924114,0.020008357
4018,stable,0.09567024,0.024329351
4019,stable,0.090382054,0.021138154
4020,stable,0.13484839,0.2337716
4021,stable,0.14464979,0.2616873
4022,stable,0.10709976,0.036907833
4023,stable,0.0985327,0.09561635
4024,falling,0.10277697,0.12353648
4025,falling,0.072960444,0.017587846
4026,falling,0.08598194,0.025067458
4027,falling,0.072215416,0.023374168
4028,falling,0.070561394,0.01961119
4029,falling,0.034217965,0.015030068
4030,stable,0.034662798,0.044951428
4031,stable,0.048639476,0.061322827
4032,stable,0.037543822,0.012295014
4033,stable,0.041307684,0.007980878
4034,stable,0.050192896,0.018589389
4035,stable,0.046582777,0.008756527
4036,rising,0.06281018,0.03510184
4037,rising,0.062363427,0.01933772
4038,rising,0.051769767,0.011908379
4039,rising,0.05037502,0.023607295
4040,rising,0.06445016,0.117279775
4041,rising,0.048394166,0.0134471515
4042,stable,0.05717141,0.019120699
4043,stable,0.08303961,0.03137346
4044,stable,0.0368264,0.008859944
4045,stable,0.07854152,0.221607
4046,stable,0.04913577,0.05301547
4047,stable,0.08874966,0.1707423
4048,falling,0.04934325,0.014649631
4049,falling,0.0494392,0.01580594
4050,falling,0.056318413,0.023511136
4051,falling,0.060064334,0.020895487
4052,falling,0.05985994,0.014417512
4053,falling,0.07131572,0.028663145
4054,falling,0.051522803,0.0068822545
4055,stable,0.06384135,0.013877538
4056,stable,0.07962007,0.11323004
4057,stable,0.050249107,0.010566634
4058,stable,0.050910894,0.010441802
4059,stable,0.07286563,0.052419886
4060,rising,0.043287583,0.016809652
4061,rising,0.053871285,0.024770794
4062,rising,0.03416458,0.015365914
4063,rising,0.04291211,0.017201483
4064,rising,0.04491909,0.034079798
4065,rising,0.037287816,0.031522516
4066,rising,0.0432829,0.015422354
4067,stable,0.032181606,0.023137923
4068,stable,0.03424571,0.014268413
4069,stable,0.05056376,0.04991158
4070,stable,0.07965851,0.2149995
4071,falling,0.054564305,0.14486387
4072,falling,0.0405418,0.07014813
4073,falling,0.030197954,0.013360373
4074,falling,0.042495523,0.01597464
4075,falling,0.047970317,0.09377291
4076,falling,0.03556672,0.014869592
4077,falling,0.032858334,0.017899992
4078,stable,0.037950065,0.018562723
4079,stable,0.057855647,0.017972637
4080,stable,0.058196153,0.09747376
4081,stable,0.041961413,0.0143908495
4082,stable,0.070496775,0.09403177
4083,rising,0.070024334,0.038111586
4084,rising,0.057212617,0.053986263
4085,rising,0.054798603,0.016171068
4086,rising,0.069609955,0.02241971
4087,rising,0.062381938,0.009356753
4088,rising,0.07052737,0.011676404
4089,rising,0.07056674,0.009337117
4090,stable,0.08882851,0.034569066
4091,stable,0.0992199,0.022637397
4092,stable,0.08410395,0.016665654
4093,stable,0.085403256,0.03330835
4094,stable,0.10613938,0.044050872
4095,stable,0.079655245,0.10541661
4096,falling,0.07380114,0.06058969
4097,falling,0.07305434,0.036260996
4098,falling,0.04490165,0.007521874
4099,falling,0.042597912,0.008327921
4100,falling,0.040999163,0.012637515
4101,falling,0.047839724,0.03783449
4102,stable,0.05461236,0.05719985
4103,stable,0.055078395,0.09254434
4104,stable,0.04395261,0.008093521
4105,stable,0.046844352,0.010540798
4106,stable,0.056399185,0.0130522
4107,stable,0.057398137,0.023290968
4108,stable,0.051631052,0.049839713
4109,rising,0.056938805,0.017690172
4110,rising,0.07502732,0.030792732
4111,rising,0.07046398,0.03431767
4112,rising,0.05588805,0.043264415
4113,rising,0.024988342,0.0118067935
4114,stable,0.044235095,0.10287831
4115,stable,0.05762982,0.08059624
4116,stable,0.047416676,0.083297715
4117,stable,0.032701742,0.013918348
4118,stable,0.04790234,0.11759583
4119,stable,0.0531766,0.088590875
4120,falling,0.032068454,0.015562439
4121,falling,0.03599181,0.009611496
4122,falling,0.03809112,0.014757546
4123,falling,0.051169652,0.023334958
4124,falling,0.063661955,0.07961277
4125,stable,0.05003353,0.010266471
4126,stable,0.04887645,0.010661084
4127,stable,0.04997929,0.011359126
4128,stable,0.07089969,0.095183566
4129,stable,0.055601075,0.010139123
4130,stable,0.058274165,0.007823582
4131,stable,0.07875161,0.12984987
4132,rising,0.046836462,0.011129377
4133,rising,0.04270757,0.008946386
4134,rising,0.048420135,0.016049895
4135,rising,0.060985066,0.021635981
4136,rising,0.04128677,0.014565694
4137,rising,0.03408293,0.010443864
4138,rising,0.06356813,0.115315534
4139,stable,0.08324336,0.16377594
4140,stable,0.07132606,0.104914546
4141,stable,0.06732656,0.01547995
4142,stable,0.049294822,0.011437943
4143,stable,0.042387176,0.010633543
4144,falling,0.07967673,0.08303132
4145,falling,0.06640547,0.009307799
4146,falling,0.060623124,0.02238278
4147,falling,0.061417844,0.024371224
4148,falling,0.05275591,0.011997025
4149,falling,0.056349777,0.014654704
4150,falling,0.05639107,0.020587822
4151,stable,0.061181683,0.06286391
4152,stable,0.04100684,0.006748312
4153,stable,0.042183824,0.010219685
4154,stable,0.095684916,0.19975254
4155,stable,0.02370088,0.008213457
4156,rising,0.029928425,0.07218726
4157,rising,0.024151526,0.03698589
4158,rising,0.016426183,0.005538929
4159,rising,0.021942204,0.0072805504
4160,rising,0.025773685,0.02748453
4161,rising,0.028025148,0.01134961
4162,rising,0.03344296,0.011314967
4163,stable,0.07006756,0.015141633
4164,stable,0.070968725,0.016049651
4165,stable,0.06956642,0.011331887
4166,stable,0.07520252,0.012357618
4167,falling,0.08683234,0.103215486
4168,falling,0.098069094,0.102659516
4169,falling,0.08577672,0.03636411
4170,falling,0.08469368,0.024873845
4171,falling,0.08347044,0.023558458
4172,falling,0.09107048,0.025634179
4173,stable,0.07283655,0.040628012
4174,stable,0.05707309,0.0063169766
4175,stable,0.12294889,0.15023287
4176,stable,0.031098042,0.016489461
4177,stable,0.031741347,0.009987905
4178,stable,0.029530639,0.009890671
4179,stable,0.052794706,0.12806469
4180,rising,0.038668986,0.072588265
4181,rising,0.030986894,0.04962923
4182,rising,0.023064714,0.0081913965
4183,rising,0.03517566,0.017546767
4184,rising,0.03691243,0.021010593
4185,stable,0.03245664,0.03811374
4186,stable,0.036806885,0.017612835
4187,stable,0.033491425,0.010298191
4188,stable,0.030736567,0.018713398
4189,stable,0.01879715,0.0063052266
4190,stable,0.058222294,0.17365517
4191,falling,0.05162603,0.14859864
4192,stable,0.033087734,0.023676269
4193,falling,0.023966687,0.0096110515
4194,falling,0.031301823,0.007333626
4195,falling,0.032317884,0.0132434955
4196,falling,0.03508766,0.01637756
4197,falling,0.040926553,0.041147225
4198,stable,0.036863457,0.010189135
4199,stable,0.05771907,0.06451496
4200,stable,0.04669732,0.00829198
4201,stable,0.06343928,0.10372256
4202,stable,0.053108014,0.018805115
4203,stable,0.036196705,0.004659171
4204,rising,0.05293682,0.084045775
4205,rising,0.04432223,0.009194234
4206,rising,0.03523748,0.011421374
4207,rising,0.03337993,0.009031334
4208,rising,0.032531958,0.012491424
4209,stable,0.048967496,0.021703064
4210,stable,0.039140407,0.06546599
4211,stable,0.026889237,0.006949097
4212,stable,0.029161936,0.008034172
4213,stable,0.044816677,0.11766552
4214,stable,0.05797145,0.119862415
4215,stable,0.06895743,0.19617218
4216,falling,0.0487378,0.07599942
4217,falling,0.036542285,0.017102977
4218,falling,0.035577346,0.0075334823
4219,falling,0.03798626,0.01233574
4220,falling,0.03083289,0.005907697
4221,falling,0.044541016,0.050164305
4222,falling,0.059418395,0.06947906
4223,stable,0.08644751,0.0652908
4224,stable,0.09689329,0.13795292
4225,stable,0.07128214,0.12810872
4226,stable,0.05570195,0.044473052
4227,stable,0.052053224,0.033632167
4228,rising,0.04895523,0.0063122236
4229,rising,0.051074132,0.027738916
4230,rising,0.04295767,0.0071428954
4231,rising,0.044490274,0.017350268
4232,rising,0.052846722,0.045170125
4233,rising,0.045155633,0.007267954
4234,stable,0.06991293,0.023725217
4235,stable,0.033976506,0.022497809
4236,stable,0.037187066,0.0070957197
4237,stable,0.0387756,0.008387596
4238,stable,0.062798895,0.11565768
4239,stable,0.030385682,0.013041711
4240,falling,0.033994153,0.014810077
4241,falling,0.038734768,0.014621044
4242,falling,0.041017734,0.022686616
4243,falling,0.03862195,0.013213029
4244,falling,0.03776608,0.03056066
4245,stable,0.039892685,0.05911496
4246,stable,0.045573555,0.0845339
4247,stable,0.052997265,0.15959084
4248,stable,0.048196387,0.044323016
4249,stable,0.05814748,0.08759606
4250,stable,0.061961904,0.011639268
4251,rising,0.0754522,0.13068375
4252,rising,0.06282861,0.08407627
4253,rising,0.8758454,0.042491864
4254,rising,1.250864,0.046374768
4255,rising,1.5239629,0.08873803
4256,rising,1.6106554,0.12886907
4257,rising,1.7255456,0.14835778
4258,stable,1.8281168,0.08117776
4259,stable,1.7613634,0.115630925
4260,stable,1.7699363,0.118836746
4261,stable,1.7999382,0.22531839
4262,stable,1.9872544,0.19637005
4263,stable,1.7586173,0.09685847
4264,falling,1.7687917,0.13189594
4265,spike,0.25620672,0.38726985
4266,spike,0.2723828,0.47777972
4267,spike,0.19763729,0.28047496
4268,spike,0.113432966,0.0620452
4269,spike,0.1156318,0.08208068
4270,spike,0.11692687,0.052012093
4271,spike,0.12435921,0.098927945
4272,spike,0.20880963,0.10922559
4273,spike,0.082737215,0.13803932
4274,spike,0.0847529,0.06767263
4275,spike,0.048493866,0.007421576
4276,stable,0.05911774,0.03832963
4277,stable,0.051162235,0.023045508
4278,stable,0.052756954,0.02859738
4279,stable,0.049417462,0.009779734
4280,stable,0.04998937,0.025756283
4281,stable,0.06831144,0.044581767
4282,stable,0.08641646,0.030899918
4283,stable,0.060800493,0.035610657
4284,stable,0.062439445,0.042502984
4285,stable,0.08538585,0.17123546
4286,stable,0.0850064,0.14279622
4287,stable,0.07504609,0.13812071
4288,falling,0.0582482,0.04229598
4289,falling,0.053181626,0.025730873
4290,falling,0.046359822,0.014885977
4291,falling,0.039449405,0.010066233
4292,falling,0.05977028,0.120562896
4293,falling,0.0453161,0.014859612
4294,stable,0.03901481,0.027252523
4295,stable,0.03849095,0.015425113
4296,stable,0.038010634,0.023668146
4297,stable,0.04623678,0.01836946
4298,stable,0.05745747,0.06601114
4299,stable,0.038511343,0.014172247
4300,stable,0.05812468,0.09131512
4301,rising,0.029202143,0.0064481185
4302,rising,0.032527465,0.015982324
4303,rising,0.03188587,0.0075023044
4304,rising,0.040593863,0.011780672
4305,rising,0.052144017,0.018015804
4306,stable,0.056157224,0.022874044
4307,stable,0.06393567,0.111631855
4308,stable,0.07117603,0.12956072
4309,stable,0.06333496,0.13695712
4310,stable,0.05513717,0.0347191
4311,stable,0.05337493,0.024287894
4312,stable,0.052214436,0.015090402
4313,falling,0.044683877,0.059590116
4314,falling,0.06194008,0.11751329
4315,falling,0.04340982,0.0046001673
4316,falling,0.060136236,0.007133347
4317,falling,0.07941223,0.021406077
4318,stable,0.050044112,0.009328459
4319,stable,0.04715836,0.020528873
4320,stable,0.0704725,0.13333432
4321,stable,0.063353315,0.008025303
4322,stable,0.06508728,0.016666312
4323,stable,0.057231985,0.005271511
4324,rising,0.054569982,0.007144411
4325,rising,0.0691164,0.0444586
4326,rising,0.05164053,0.009684298
4327,rising,0.04799027,0.008504279
4328,rising,0.039590456,0.008469922
4329,stable,0.037893333,0.01070957
4330,stable,0.053737942,0.015600491
4331,stable,0.06380097,0.017228067
4332,stable,0.13218997,0.2091966
4333,stable,0.07663596,0.16025004
4334,stable,0.06639491,0.08616162
4335,stable,0.05417001,0.035182837
4336,falling,0.055994693,0.013560735
4337,falling,0.039742175,0.022844482
4338,falling,0.039341453,0.008201067
4339,falling,0.03951041,0.010833017
4340,falling,0.03831197,0.0068102567
4341,falling,0.041500453,0.011314637
4342,stable,0.03020267,0.013272356
4343,stable,0.040255327,0.07971245
4344,stable,0.07157491,0.1320896
4345,stable,0.04317899,0.112477444
4346,stable,0.054983906,0.16298969
4347,stable,0.056458473,0.15917692
4348,rising,0.031238569,0.021611875
4349,rising,0.023826074,0.004739171
4350,rising,0.028994482,0.0076848348
4351,rising,0.03494728,0.00409537
4352,rising,0.0371113,0.0088289
4353,stable,0.055411685,0.05484128
4354,stable,0.045793507,0.010214534
4355,stable,0.052090205,0.010252316
4356,stable,0.05691048,0.12826143
4357,stable,0.060264524,0.09919957
4358,stable,0.07239235,0.12285485
4359,stable,0.05077337,0.013624194
4360,falling,0.044542383,0.019352168
4361,falling,0.04115274,0.011138883
4362,falling,0.058867596,0.013818921
4363,falling,0.038997117,0.019267226
4364,falling,0.048295304,0.016035914
4365,stable,0.043826792,0.010557619
4366,stable,0.04199622,0.012739009
4367,stable,0.05707602,0.119461976
4368,stable,0.08563398,0.17293704
4369,stable,0.031275276,0.008686499
4370,stable,0.034302495,0.0075290687
4371,stable,0.05510902,0.10959507
4372,rising,0.03590616,0.009943093
4373,rising,0.04953648,0.051022425
4374,rising,0.03999327,0.011574862
4375,rising,0.043740492,0.007846453
4376,rising,0.04965526,0.016796205
4377,rising,0.05405688,0.033946652
4378,stable,0.043711625,0.03051123
4379,stable,0.050010398,0.020577304
4380,stable,0.047156923,0.008017764
4381,stable,0.06156771,0.09691643
4382,stable,0.086059704,0.071355835
4383,falling,0.05585287,0.007922069
4384,falling,0.072173856,0.037749592
4385,falling,0.047716912,0.009577148
4386,falling,0.050676413,0.01167953
4387,falling,0.0529301,0.019285625
4388,falling,0.057819255,0.033551555
4389,falling,0.048800264,0.015461509
4390,stable,0.06294198,0.036361765
4391,stable,0.06469184,0.17546004
4392,stable,0.05587989,0.13561444
4393,stable,0.09214528,0.2634923
4394,stable,0.04599277,0.11897453
4395,rising,0.026024217,0.005272175
4396,stable,0.044360694,0.0092726555
4397,rising,0.054291982,0.052473173
4398,rising,0.05005546,0.02193334
4399,rising,0.04083486,0.015496967
4400,rising,0.043810215,0.009786546
4401,rising,0.03397548,0.014729966
4402,rising,0.033985082,0.0096684825
4403,stable,0.050947085,0.06773487
4404,stable,0.047576174,0.072038256
4405,stable,0.044327512,0.014588761
4406,stable,0.052509263,0.10320057
4407,stable,0.0515563,0.09239699
4408,stable,0.04601763,0.03420334
4409,falling,0.05148543,0.022758486
4410,falling,0.044358753,0.014447906
4411,falling,0.042581607,0.014454146
4412,falling,0.047555838,0.023729933
4413,falling,0.04533213,0.009867927
4414,stable,0.047173288,0.0119280135
4415,stable,0.045147583,0.015942797
4416,stable,0.07252885,0.13443355
4417,stable,0.051433083,0.02249559
4418,stable,0.04262705,0.021430075
4419,stable,0.04218406,0.0062590786
4420,rising,0.075535975,0.15610492
4421,rising,0.038327616,0.020455584
4422,rising,0.035677094,0.049927752
4423,rising,0.027765429,0.012777381
4424,rising,0.026230494,0.008031754
4425,rising,0.012048646,0.007116848
4426,stable,0.010588754,0.0050196624
4427,stable,0.021327537,0.007586365
4428,stable,0.020749502,0.016522901
4429,stable,0.045282032,0.13249126
4430,stable,0.03114521,0.013727885
4431,stable,0.02722655,0.006847883
4432,falling,0.031245884,0.013010826
4433,falling,0.030547034,0.005241808
4434,falling,0.04192814,0.024542384
4435,falling,0.034894347,0.0072298804
4436,falling,0.038321808,0.00675179
4437,falling,0.060313262,0.11606853
4438,stable,0.05305939,0.009869699
4439,stable,0.0550594,0.0102808615
4440,stable,0.047404043,0.010392058
4441,stable,0.046131592,0.010562157
4442,stable,0.059016142,0.010689462
4443,rising,0.07116384,0.037323706
4444,rising,0.05187068,0.033965584
4445,rising,0.04196389,0.009352633
4446,rising,0.04850359,0.011473068
4447,rising,0.05059123,0.009112389
4448,rising,0.046603322,0.0079247495
4449,rising,0.050411012,0.008623301
4450,stable,0.047600564,0.031301297
4451,stable,0.043997552,0.05173188
4452,stable,0.03483807,0.0064636725
4453,stable,0.046495106,0.01206574
4454,stable,0.06390789,0.13131402
4455,stable,0.057617784,0.10731321
4456,stable,0.030236583,0.006367609
4457,falling,0.042625807,0.037920013
4458,falling,0.02786318,0.02015315
4459,falling,0.02297613,0.00735322
4460,falling,0.027731797,0.019547146
4461,stable,0.06140957,0.20180228
4462,stable,0.051561557,0.12744251
4463,stable,0.027136756,0.0069564055
4464,stable,0.04348335,0.09811608
4465,stable,0.049344245,0.092241034
4466,stable,0.03548281,0.012220205
4467,stable,0.04570433,0.1008425
4468,rising,0.026444081,0.005709575
4469,rising,0.02466119,0.0064296047
4470,rising,0.0290888,0.008820985
4471,rising,0.05555219,0.15273684
4472,rising,0.027782338,0.008451388
4473,stable,0.035180748,0.013544692
4474,stable,0.044921502,0.06034352
4475,stable,0.03783475,0.009014063
4476,stable,0.034837596,0.006856295
4477,stable,0.04675107,0.0226958
4478,stable,0.06503759,0.0916745
4479,falling,0.05109577,0.054778006
4480,falling,0.042884424,0.010017857
4481,falling,0.052818835,0.01527969
4482,falling,0.04149156,0.021820165
4483,falling,0.056780342,0.0206725
4484,falling,0.068120174,0.04993287
4485,stable,0.075209,0.025872448
4486,falling,0.042413536,0.058459297
4487,stable,0.056624345,0.012387472
4488,stable,0.83596414,0.2597078
4489,stable,1.0573732,0.04740528
4490,stable,1.2781622,0.15050039
4491,stable,1.299985,0.22074124
4492,rising,1.3379536,0.08758646
4493,rising,1.2931281,0.062004264
4494,rising,1.2970544,0.098939724
4495,rising,1.437821,0.09779758
4496,rising,1.4626883,0.10885031
4497,rising,1.3618674,0.12153116
4498,stable,1.3894266,0.07600118
4499,stable,1.7067572,0.1531565
4500,spike,0.073331125,0.040154386
4501,spike,0.063738145,0.06829308
4502,spike,0.07737293,0.119768165
4503,spike,0.08876531,0.17010927
4504,spike,0.04213739,0.048070922
4505,spike,0.040006563,0.012247507
4506,spike,0.040418487,0.027188903
4507,spike,0.06865035,0.015732529
4508,spike,0.07133829,0.019870633
4509,spike,0.06343965,0.01403121
4510,spike,0.06523579,0.018529523
4511,falling,0.081575714,0.04243079
4512,falling,0.075250044,0.01679917
4513,stable,0.10351932,0.14148769
4514,stable,0.07262935,0.030776944
4515,stable,0.06492857,0.026499642
4516,stable,0.059323516,0.025818372
4517,rising,0.075423315,0.020898614
4518,rising,0.13256295,0.03627302
4519,stable,0.12909093,0.08083233
4520,rising,0.09006519,0.037135534
4521,rising,0.09191401,0.032542095
4522,stable,0.10341275,0.10424553
4523,stable,0.09962782,0.12295991
4524,stable,0.15101956,0.19439016
4525,stable,0.095373064,0.099741824
4526,stable,0.070836306,0.040317703
4527,stable,0.08745209,0.14208095
4528,falling,0.070390984,0.08199484
4529,falling,0.06088484,0.050296158
4530,falling,0.028001864,0.014292834
4531,falling,0.029961405,0.007728043
4532,falling,0.03573174,0.0093258815
4533,falling,0.0336532,0.0074354894
4534,stable,0.06803056,0.19046584
4535,stable,0.03512917,0.008264651
4536,stable,0.034160927,0.007641323
4537,stable,0.04564889,0.013915785
4538,stable,0.03599761,0.008879292
4539,stable,0.046427067,0.051289074
4540,rising,0.046195064,0.050031416
4541,rising,0.051543556,0.09569186
4542,rising,0.03264787,0.035685573
4543,rising,0.025498841,0.01965533
4544,rising,0.02710969,0.037166566
4545,rising,0.03190207,0.055969518
4546,stable,0.03645632,0.048662014
4547,stable,0.050704066,0.072724566
4548,stable,0.053510197,0.11349537
4549,stable,0.08149858,0.1768489
4550,stable,0.091528036,0.18225524
4551,stable,0.07212414,0.07590184
4552,stable,0.08103813,0.066457294
4553,falling,0.06542443,0.028653687
4554,falling,0.06858043,0.026969662
4555,falling,0.0737616,0.02255222
4556,falling,0.07862636,0.046428163
4557,falling,0.09116361,0.013528668
4558,stable,0.09569789,0.016999574
4559,stable,0.09792253,0.011359189
4560,stable,0.0987483,0.014370335
4561,stable,0.1412353,0.16854212
4562,stable,0.11531458,0.01566392
4563,stable,0.12796192,0.050949715
4564,rising,0.12342543,0.09049147
4565,rising,0.091821454,0.012946704
4566,rising,0.08250209,0.015147064
4567,rising,0.09036133,0.009011273
4568,rising,0.11396097,0.018940862
4569,stable,0.0640073,0.063856214
4570,stable,0.057013772,0.025960747
4571,stable,0.087963074,0.018502863
4572,stable,0.11200399,0.16230443
4573,stable,0.11984404,0.20888847
4574,stable,0.07846291,0.029578915
4575,falling,0.09993825,0.03148428
4576,falling,0.11899737,0.04595331
4577,falling,0.17553338,0.03852191
4578,falling,0.17050721,0.042135067
4579,falling,0.1393006,0.033846408
4580,stable,0.15160444,0.03287662
4581,falling,0.15985297,0.043407355
4582,falling,0.14347011,0.03673393
4583,stable,0.09260874,0.023912432
4584,stable,0.09606163,0.057205703
4585,stable,0.08631574,0.015806323
4586,stable,0.08152007,0.022764713
4587,stable,0.08976312,0.019247986
4588,stable,0.09509264,0.017897371
4589,stable,0.0749089,0.057022464
4590,rising,0.051520094,0.020616721
4591,rising,0.062741175,0.048734363
4592,rising,0.065768085,0.019840969
4593,rising,0.112738915,0.06590646
4594,stable,0.07354386,0.06306309
4595,stable,0.11868813,0.096781164
4596,stable,0.08257771,0.17190084
4597,stable,0.07702936,0.17370291
4598,stable,0.028916698,0.016915482
4599,stable,0.03261297,0.031184234
4600,stable,0.019250747,0.012606507
4601,falling,0.03365805,0.035543114
4602,falling,0.031073457,0.028105065
4603,falling,0.024661476,0.014430066
4604,falling,0.043658603,0.05964004
4605,falling,0.04882071,0.024751183
4606,falling,0.04127594,0.060311902
4607,stable,0.048324768,0.0975038
4608,stable,0.03260704,0.008421874
4609,stable,0.046170536,0.043192666
4610,stable,0.07380315,0.12966849
4611,stable,0.075633,0.014530825
4612,stable,0.077255815,0.011486211
4613,rising,0.10354201,0.17727944
4614,rising,0.07671662,0.022748254
4615,rising,0.07156396,0.011376998
4616,rising,0.07707133,0.031244671
4617,rising,0.09086852,0.06931914
4618,stable,0.07159412,0.037521992
4619,stable,0.10208721,0.09767752
4620,stable,0.10926475,0.15262257
4621,stable,0.1195566,0.061141066
4622,stable,0.064646386,0.080655545
4623,falling,0.0693933,0.12500845
4624,falling,0.03883272,0.04209802
4625,falling,0.03601656,0.009808619
4626,falling,0.056322515,0.10845721
4627,falling,0.05101384,0.01282962
4628,falling,0.08171284,0.023984551
4629,falling,0.07267656,0.013796446
4630,stable,0.08777504,0.024016768
4631,stable,0.09457876,0.08193666
4632,stable,0.074938565,0.027530191
4633,stable,0.088628754,0.02045255
4634,stable,0.06878008,0.020777246
4635,stable,0.07441705,0.05410055
4636,stable,0.06741555,0.04804608
4637,rising,0.06012775,0.021012466
4638,rising,0.040190108,0.016340654
4639,rising,0.023204248,0.0148894945
4640,rising,0.026594112,0.011643663
4641,stable,0.01991073,0.009716349
4642,stable,0.03918593,0.06457415
4643,stable,0.06226849,0.015805487
4644,stable,0.04752522,0.012432434
4645,stable,0.069571055,0.12446858
4646,stable,0.048945475,0.02688692
4647,stable,0.0409392,0.016779779
4648,falling,0.039945308,0.018330937
4649,falling,0.045669064,0.038590927
4650,falling,0.03580957,0.019333383
4651,falling,0.056304693,0.022462124
4652,falling,0.050441466,0.018666405
4653,falling,0.05295613,0.017243909
4654,falling,0.04720459,0.016249256
4655,stable,0.071675874,0.06461261
4656,stable,0.056252874,0.079781406
4657,stable,0.051455144,0.07856682
4658,stable,0.057915032,0.08504335
4659,stable,0.051511906,0.014329731
4660,stable,0.054941583,0.029269274
4661,rising,0.121024586,0.19325265
4662,rising,0.10021772,0.02695242
4663,rising,0.086821795,0.019050004
4664,rising,0.07269597,0.031181227
4665,rising,0.09068588,0.020928282
4666,stable,0.06506098,0.017578704
4667,stable,0.07890359,0.046709802
4668,stable,0.115774624,0.021457102
4669,stable,0.11806435,0.17304222
4670,stable,0.07316712,0.025145618
4671,stable,0.07764101,0.021159763
4672,falling,0.06463123,0.014588018
4673,falling,0.038508885,0.023246542
4674,falling,0.04863579,0.01767043
4675,falling,0.052115023,0.016904995
4676,falling,0.053916212,0.0137989605
4677,falling,0.060180467,0.01919814
4678,stable,0.06426633,0.019346965
4679,stable,0.050427504,0.02830806
4680,stable,0.054390516,0.025036935
4681,stable,0.060364548,0.09972638
4682,stable,0.061830457,0.100589
4683,stable,0.05169939,0.040101018
4684,rising,0.051754095,0.032577172
4685,rising,0.08273722,0.04589524
4686,rising,0.020708479,0.016820727
4687,rising,0.019001419,0.013033707
4688,rising,0.028928911,0.013992949
4689,stable,0.031005207,0.014732949
4690,stable,0.07661643,0.09070728
4691,stable,0.09569994,0.20155197
4692,stable,0.11223976,0.35987067
4693,stable,0.061259832,0.12578018
4694,stable,0.055132948,0.014339104
4695,stable,0.08361998,0.13801618
4696,falling,0.064187266,0.019662324
4697,falling,0.06633507,0.068613194
4698,falling,0.05602805,0.0438854
4699,falling,0.06907093,0.028184343
4700,falling,0.047443066,0.013893928
4701,falling,0.03918214,0.0072172536
4702,falling,0.049731657,0.0099120205
4703,stable,0.057864666,0.07407133
4704,stable,0.04486442,0.0050108097
4705,stable,0.06364757,0.113709226
4706,stable,0.04859977,0.013989875
4707,rising,0.06158845,0.07031248
4708,rising,0.04061152,0.007895336
4709,rising,0.057077684,0.028807856
4710,rising,0.063418694,0.019467048
4711,rising,0.054771684,0.016576337
4712,rising,0.08130147,0.03530329
4713,rising,0.083712354,0.03560364
4714,rising,0.10255826,0.12576288
4715,stable,0.062908135,0.009406765
4716,stable,0.09659154,0.12951078
4717,stable,0.09586167,0.11954376
4718,stable,0.07082643,0.013844277
4719,stable,0.07143627,0.01886555
4720,falling,0.07114651,0.015635679
4721,falling,0.057719786,0.018784026
4722,falling,0.06160931,0.017059429
4723,falling,0.060021933,0.027544172
4724,falling,0.026569972,0.010827674
4725,falling,0.026820432,0.011137266
4726,stable,0.04658657,0.04828024
4727,stable,0.05535206,0.052381504
4728,stable,0.06406602,0.08150425
4729,stable,0.05815359,0.024938013
4730,stable,0.058561347,0.026371026
4731,stable,0.07282584,0.017947214
4732,rising,0.11830476,0.027623318
4733,rising,0.115325116,0.02043909
4734,rising,0.12934668,0.043940205
4735,rising,0.106301114,0.032847416
4736,rising,0.11139565,0.027312152
4737,rising,0.091468595,0.025442937
4738,stable,0.073681265,0.026857106
4739,stable,0.10276973,0.18074988
4740,stable,0.09480901,0.13054699
4741,stable,0.13384244,0.1919246
4742,stable,0.10709127,0.21512443
4743,falling,0.07229182,0.15288037
4744,falling,0.05338396,0.148151
4745,falling,0.023801353,0.011057634
4746,falling,0.030588945,0.010124969
4747,falling,0.034691554,0.011749674
4748,falling,0.030367645,0.0046898555
4749,stable,0.03153891,0.0064675887
4750,stable,0.041612145,0.012041882
4751,stable,0.02893764,0.0054009496
4752,stable,0.036450442,0.012216342
4753,stable,0.04120584,0.012700894
4754,stable,0.03151576,0.020674638
4755,rising,0.03882829,0.0699467
4756,rising,0.048535865,0.010676511
4757,rising,0.053794842,0.019166509
4758,rising,0.059585914,0.023249067
4759,rising,0.07023744,0.03753027
4760,rising,0.047842585,0.018086417
4761,stable,0.060022417,0.052098244
4762,stable,0.07354475,0.076103516
4763,stable,0.07023783,0.08268106
4764,stable,0.05880584,0.02531596
4765,stable,0.07759205,0.11368283
4766,stable,0.08679511,0.15414928
4767,stable,0.063978404,0.014715111
4768,falling,0.079488434,0.09307388
4769,stable,0.058384147,0.049157675
4770,falling,0.06931815,0.054360293
4771,falling,0.062452033,0.015477448
4772,falling,0.06336179,0.011657347
4773,falling,0.061031874,0.0136830285
4774,stable,0.07424863,0.033935316
4775,stable,0.07147099,0.020033909
4776,stable,0.07929855,0.019077202
4777,stable,0.08797039,0.021222532
4778,stable,0.09647704,0.06882871
4779,rising,0.08173849,0.0226851
4780,stable,0.07634865,0.015097569
4781,rising,0.09074308,0.025864497
4782,rising,0.049061205,0.015777884
4783,rising,0.057886053,0.018321354
4784,rising,0.055833805,0.04336123
4785,rising,0.05369142,0.014581767
4786,stable,0.07247819,0.100322664
4787,stable,0.055943035,0.026432663
4788,stable,0.045416955,0.010672194
4789,stable,0.05038919,0.024883451
4790,stable,0.04306641,0.010534561
4791,stable,0.046163116,0.019154599
4792,falling,0.041866116,0.013669272
4793,falling,0.040128,0.0097998185
4794,falling,0.048217785,0.0076156906
4795,falling,0.03558488,0.017457439
4796,falling,0.035047468,0.0058937552
4797,falling,0.041146897,0.007780083
4798,stable,0.05803364,0.053716667
4799,stable,0.044385087,0.010408489
4800,stable,0.04050341,0.0072619384
4801,stable,0.049909946,0.01830881
4802,stable,0.06160527,0.11229817
4803,stable,0.055961203,0.064628795
4804,rising,0.044785496,0.0077061434
4805,rising,0.048692636,0.013691547
4806,rising,0.048075683,0.10024565
4807,rising,0.038998976,0.03252993
4808,rising,0.10624606,0.31232595
4809,stable,0.04271854,0.043731794
4810,stable,0.03739087,0.01752544
4811,stable,0.040821098,0.0095238
4812,stable,0.060789756,0.11573801
4813,stable,0.08260583,0.13528815
4814,stable,0.045859713,0.015737474
4815,stable,0.08302073,0.18677637
4816,falling,0.049652502,0.015195598
4817,falling,0.055763412,0.018985406
4818,falling,0.05591168,0.03075834
4819,falling,0.04412926,0.018995767
4820,falling,0.04246187,0.0065451306
4821,stable,0.07146609,0.03721409
4822,stable,0.054189205,0.04800696
4823,stable,0.05140697,0.09372456
4824,stable,0.0553419,0.11468518
4825,stable,0.030026304,0.02366768
4826,stable,0.027968762,0.01989197
4827,stable,0.037524853,0.0681736
4828,rising,0.020997636,0.0041131955
4829,rising,0.019472957,0.01214925
4830,rising,0.022572238,0.006555758
4831,rising,0.021177376,0.015303592
4832,stable,0.028864196,0.021755874
4833,rising,0.045424838,0.07103368
4834,rising,0.043686207,0.027316831
4835,stable,0.0561609,0.06037407
4836,stable,0.039176755,0.00932682
4837,stable,0.0325548,0.0069973003
4838,stable,0.036742974,0.008744371
4839,stable,0.037550267,0.010486545
4840,falling,0.04749713,0.035356667
4841,falling,0.057862725,0.059009697
4842,falling,0.05947668,0.03245895
4843,falling,0.051101103,0.012691078
4844,falling,0.03355717,0.008730287
4845,falling,0.03692972,0.009451305
4846,stable,0.035214476,0.0055162054
4847,stable,0.037815955,0.012033287
4848,stable,0.042606343,0.006841044
4849,stable,0.042742856,0.0054591973
4850,stable,0.067274205,0.12551177
4851,stable,0.041236356,0.006173854
4852,rising,0.043107346,0.014223747
4853,stable,0.05478688,0.09251666
4854,rising,0.03791398,0.01413623
4855,rising,0.04268749,0.018182598
4856,rising,0.043820515,0.009233379
4857,rising,0.074014895,0.0472625
4858,rising,0.061228584,0.035744894
4859,stable,0.056559164,0.01974123
4860,stable,0.036985006,0.03291235
4861,stable,0.025809279,0.005286567
4862,stable,0.04086963,0.06437755
4863,stable,0.025704434,0.00490377
4864,stable,0.04986708,0.09003285
4865,falling,0.038825624,0.008101776
4866,falling,0.047045182,0.054059375
4867,falling,0.040542353,0.02504587
4868,falling,0.03523139,0.007276687
4869,falling,0.035831504,0.01153113
4870,stable,0.03613369,0.009105256
4871,stable,0.037852783,0.013759113
4872,stable,0.06740786,0.13906726
4873,stable,0.06828556,0.15286638
4874,stable,0.0717595,0.1477694
4875,stable,0.039529834,0.008460578
4876,stable,0.06584788,0.11720058
4877,rising,0.04811867,0.015711388
4878,rising,0.042816397,0.02005956
4879,rising,0.04065682,0.009895004
4880,rising,0.041107956,0.014200282
4881,rising,0.05624081,0.04726555
4882,stable,0.06098335,0.0665477
4883,stable,0.03979949,0.008645547
4884,stable,0.03887467,0.019940158
4885,stable,0.0857234,0.21148527
4886,stable,0.050144114,0.08977968
4887,stable,0.0618781,0.14395998
4888,falling,0.04441235,0.009055919
4889,falling,0.060114924,0.07241964
4890,falling,0.03543442,0.010486065
4891,falling,0.034166023,0.019193958
4892,falling,0.030160787,0.01415205
4893,falling,0.029166026,0.008845539
4894,stable,0.061573513,0.016704632
4895,stable,0.08460617,0.110839225
4896,stable,0.08522608,0.12806556
4897,stable,0.076661184,0.11957104
4898,stable,0.058142114,0.022113787
4899,rising,0.051262207,0.012103869
4900,rising,0.050535474,0.0076343813
4901,rising,0.051202793,0.007722785
4902,rising,0.054531753,0.00830159
4903,rising,0.053428907,0.008794329
4904,rising,0.048288982,0.014374641
4905,rising,0.062840655,0.08761721
4906,stable,0.0559871,0.01800179
4907,stable,0.0401873,0.012661004
4908,stable,0.05644878,0.023574304
4909,stable,0.031384002,0.029634457
4910,stable,0.035489276,0.014056691
4911,stable,0.021955766,0.011418658
4912,falling,0.0335258,0.06909368
4913,falling,0.61728853,0.034528635
4914,falling,0.73699284,0.06484672
4915,falling,0.86065173,0.08277789
4916,falling,0.92903847,0.08104507
4917,stable,0.940078,0.046731893
4918,stable,0.9800532,0.06653869
4919,stable,1.0631564,0.35505068
4920,stable,1.0193148,0.054819465
4921,stable,1.020095,0.065458864
4922,stable,1.0109494,0.053862926
4923,stable,1.061255,0.2466235
4924,rising,1.0976396,0.061492976
4925,spike,0.08029152,0.06868249
4926,spike,0.09131841,0.036192223
4927,spike,0.048810754,0.011097726
4928,spike,0.06248436,0.024336299
4929,spike,0.054209746,0.013456004
4930,spike,0.046352345,0.021788748
4931,spike,0.05424974,0.01444932
4932,spike,0.04111892,0.0064728577
4933,spike,0.06485792,0.11044152
4934,spike,0.06747618,0.11578141
4935,spike,0.068372354,0.14272594
4936,falling,0.06424105,0.10511945
4937,falling,0.04040725,0.012127042
4938,falling,0.04327767,0.020292914
4939,falling,0.030453045,0.029175023
4940,falling,0.024666773,0.004558552
4941,falling,0.02323172,0.00537667
4942,falling,0.04094027,0.07451168
4943,stable,1.2492721,0.0723797
4944,stable,1.9992254,0.08051225
4945,stable,2.433058,0.13113382
4946,stable,2.6265767,0.22013849
4947,stable,2.7557504,0.16450912
4948,rising,2.6964865,0.13058057
4949,rising,2.66608,0.18005902
4950,rising,2.7478383,0.18063901
4951,rising,2.8108072,0.14256147
4952,rising,2.8789089,0.1667197
4953,rising,2.846927,0.19747183
4954,rising,2.7988575,0.20785648
4955,spike,0.1153401,0.09720067
4956,spike,0.060089674,0.061017994
4957,spike,0.08017553,0.058557007
4958,spike,0.089390755,0.08744516
4959,spike,0.09714198,0.09351458
4960,spike,0.091528825,0.099410385
4961,spike,0.059938677,0.04412782
4962,spike,0.056702234,0.047612328
4963,spike,0.04141564,0.012594472
4964,spike,0.04813991,0.021506496
4965,spike,0.054342948,0.023005078
4966,falling,0.056734584,0.054748695
4967,falling,0.051029004,0.013094287
4968,falling,0.059134413,0.10492396
4969,stable,0.065942496,0.10250757
4970,stable,0.061430056,0.027107542
4971,stable,0.07434336,0.0258304
4972,rising,0.064864844,0.026064645
4973,stable,0.06965201,0.018067116
4974,rising,0.067123555,0.02136651
4975,rising,0.060566727,0.019817233
4976,rising,0.071229294,0.030036114
4977,stable,0.07348674,0.044929396
4978,stable,0.068921424,0.07748884
4979,stable,0.043525286,0.022488194
4980,stable,0.063189335,0.12230316
4981,stable,0.062264916,0.11135397
4982,stable,0.06342108,0.024199875
4983,stable,0.033313114,0.023677524
4984,stable,0.04804757,0.066671506
4985,falling,0.052856788,0.07352491
4986,falling,0.048154183,0.028191792
4987,falling,0.045041613,0.0074686874
4988,falling,0.053041745,0.010853832
4989,stable,0.045484807,0.019547317
4990,stable,0.054722883,0.018995961
4991,stable,0.059823938,0.078705
4992,stable,0.05918206,0.11436887
4993,stable,0.04294449,0.008592148
4994,stable,0.046985734,0.008339532
4995,stable,0.051796507,0.010731082
4996,stable,0.050885845,0.012508588
4997,rising,0.0462987,0.032454945
4998,rising,0.027108246,0.015594853
4999,rising,0.018552486,0.007462297
5000,rising,0.01671918,0.016240131
5001,rising,0.023748983,0.009981472
5002,rising,0.04088138,0.017815065
5003,stable,0.0286803,0.007838074
5004,stable,0.04394016,0.08931166
5005,stable,0.051028565,0.116657846
5006,stable,0.037162017,0.011309417
5007,stable,0.04608696,0.07048412
5008,stable,0.046322882,0.014555569
5009,falling,0.061927516,0.039231002
5010,falling,0.058450446,0.017646885
5011,falling,0.04288092,0.014205966
5012,falling,0.03528606,0.006413868
5013,falling,0.052937575,0.014825882
5014,stable,0.05867063,0.10242746
5015,stable,0.09048155,0.19022086
5016,stable,0.043420468,0.01114647
5017,stable,0.048739813,0.019716524
5018,stable,0.05056626,0.018887024
5019,stable,0.048272982,0.013544148
5020,rising,0.026806068,0.0057277842
5021,rising,0.045377705,0.07451495
5022,rising,0.029916288,0.017370237
5023,rising,0.03355018,0.008941818
5024,rising,0.03396269,0.009650078
5025,rising,0.023517612,0.019733831
5026,stable,0.056767926,0.09301991
5027,stable,0.042044774,0.02337421
5028,stable,0.03835305,0.023215828
5029,stable,0.03992281,0.032391984
5030,stable,0.06522752,0.06740147
5031,stable,0.079651766,0.05468739
5032,falling,0.076311424,0.021822354
5033,falling,0.07011293,0.021732993
5034,falling,0.06393676,0.019510074
5035,falling,1.3000404,0.04832248
5036,falling,1.8958956,0.10586292
5037,stable,2.2576644,0.35599676
5038,stable,2.4304578,0.21661772
5039,stable,2.5064838,0.12656118
5040,stable,2.541395,0.09520653
5041,stable,2.7037084,0.5519698
5042,stable,2.687623,0.6376003
5043,rising,2.6428134,0.50402343
5044,rising,2.5085123,0.11926371
5045,rising,2.6512988,0.15794197
5046,rising,2.5790477,0.12401114
5047,spike,0.19662498,0.18284999
5048,spike,0.09006348,0.07560119
5049,spike,0.062036514,0.037292868
5050,spike,0.05760377,0.035266448
5051,spike,0.033101164,0.014355705
5052,spike,0.04473997,0.033153273
5053,spike,0.07422253,0.14397317
5054,spike,0.1021303,0.10634308
5055,spike,0.04201825,0.06973577
5056,spike,0.03307299,0.034957115
5057,spike,0.039715346,0.028522043
5058,falling,0.05069504,0.037493527
5059,falling,0.048569426,0.083322875
5060,falling,0.025813032,0.01621473
5061,falling,0.0314109,0.020111335
5062,falling,0.03283553,0.014747918
5063,stable,0.07240795,0.18149646
5064,stable,0.037266515,0.013739839
5065,stable,0.029926281,0.009857772
5066,stable,0.025813036,0.0059906826
5067,rising,0.02324706,0.006531331
5068,rising,0.027523862,0.0069379956
5069,rising,1.435182,0.04603375
5070,rising,2.1799777,0.07137907
5071,rising,2.505878,0.07942464
5072,rising,2.6701052,0.15899469
5073,rising,2.732447,0.18252052
5074,stable,2.8884737,0.27590638
5075,stable,2.8293417,0.36520252
5076,stable,2.8012903,0.30198288
5077,stable,2.8340385,0.16127042
5078,stable,2.5883837,0.28700414
5079,stable,2.6669078,0.18745926
5080,falling,2.6250715,0.14812523
5081,spike,0.18786964,0.32358125
5082,spike,0.22331183,0.42564678
5083,spike,0.18372196,0.29465583
5084,spike,0.1352461,0.18554784
5085,spike,0.117611796,0.058890328
5086,spike,0.11899782,0.10538383
5087,spike,0.12289093,0.19692917
5088,spike,0.09140323,0.020976176
5089,spike,0.0760734,0.015387077
5090,spike,0.0983425,0.02221965
5091,spike,0.07765016,0.014625692
5092,falling,0.08303631,0.01839253
5093,stable,0.07359258,0.009909863
5094,stable,0.056839805,0.057323024
5095,stable,0.04590691,0.011226822
5096,stable,0.06798405,0.037121903
5097,stable,0.05122961,0.032404833
5098,stable,0.05806122,0.08642597
5099,stable,0.06007205,0.041390322
5100,stable,0.117718376,0.1753276
5101,stable,0.10837821,0.18477434
5102,stable,0.13857147,0.21109839
5103,stable,0.1071234,0.12465945
5104,falling,0.096868314,0.10707709
5105,stable,0.07414369,0.046808973
5106,falling,0.070077024,0.03944972
5107,falling,0.07228016,0.024136214
5108,falling,0.06319364,0.013063857
5109,falling,0.064799294,0.013629228
5110,stable,0.07929727,0.019515412
5111,stable,0.06965811,0.015034993
5112,stable,0.05567156,0.0147299385
5113,stable,0.077803425,0.06827345
5114,stable,0.07180032,0.049496006
5115,rising,0.09931729,0.07249912
5116,rising,0.07288905,0.012311441
5117,rising,0.07110364,0.014628224
5118,rising,0.07742806,0.014509806
5119,rising,0.0945591,0.03175882
5120,rising,0.09500083,0.04893558
5121,rising,0.09170156,0.15744793
5122,rising,0.074487075,0.079383455
5123,stable,0.07977988,0.13973314
5124,stable,0.11324055,0.17543481
5125,stable,0.09130283,0.07051994
5126,stable,0.101035565,0.07182395
5127,stable,0.10778694,0.16672437
5128,falling,0.074984476,0.07077593
5129,falling,0.07128897,0.036550142
5130,falling,0.066038415,0.020325845
5131,falling,0.044357244,0.014009812
5132,falling,0.04577464,0.013106498
5133,falling,0.045934144,0.026356926
5134,stable,0.040175688,0.008785606
5135,stable,0.0982666,0.28263834
5136,stable,0.11185737,0.20355833
5137,stable,0.02696575,0.028856693
5138,stable,0.021960469,0.0061917207
5139,stable,0.021311846,0.0066045453
5140,stable,0.023003193,0.005699242
5141,rising,0.02639827,0.010618508
5142,rising,0.05337001,0.1321939
5143,rising,0.023443205,0.008811315
5144,rising,0.023657648,0.015229128
5145,rising,0.030218754,0.011393233
5146,stable,0.04769934,0.08768944
5147,stable,0.061060082,0.08635518
5148,stable,0.03509546,0.014814831
5149,stable,0.05757154,0.18426207
5150,stable,0.038582165,0.09492297
5151,stable,0.044548173,0.08996004
5152,falling,0.05247416,0.06830418
5153,falling,0.045955606,0.045033198
5154,falling,0.033371735,0.019878993
5155,falling,0.05672782,0.11901143
5156,falling,0.026922839,0.008835186
5157,falling,0.020223277,0.006162665
5158,falling,0.027445944,0.010914958
5159,stable,0.07431777,0.27143827
5160,stable,0.02433133,0.00481367
5161,stable,0.04907481,0.11662481
5162,stable,0.06329337,0.121378504
5163,stable,0.054162484,0.101252645
5164,rising,0.035649776,0.017658526
5165,rising,0.06332219,0.14312084
5166,rising,0.07050092,0.14619556
5167,rising,0.040519733,0.0110534355
5168,rising,0.04433553,0.011966497
5169,rising,0.04309046,0.017842451
5170,rising,0.034521364,0.042435914
5171,stable,0.03517389,0.013635597
5172,stable,0.039657995,0.010677161
5173,stable,0.061821338,0.104266055
5174,stable,0.08002459,0.022765141
5175,stable,0.05412635,0.09468602
5176,falling,0.03866557,0.033262637
5177,falling,0.0366594,0.025282416
5178,falling,0.031093406,0.00441161
5179,falling,0.033182222,0.007992379
5180,falling,0.032035634,0.005316224
5181,falling,0.045035474,0.038044084
5182,stable,0.036092374,0.0044108275
5183,stable,0.046598855,0.044286396
5184,stable,0.041112646,0.012366697
5185,stable,0.05104506,0.09830243
5186,stable,0.06135665,0.1352734
5187,stable,0.07345531,0.22897185
5188,stable,0.051437814,0.09820943
5189,rising,0.04117017,0.04515364
5190,rising,0.054157056,0.04774609
5191,rising,0.048408467,0.01682353
5192,rising,0.050696388,0.013637809
5193,rising,0.051970053,0.007642932
5194,stable,0.06312725,0.013547551
5195,stable,0.067787334,0.0512656
5196,stable,0.07627417,0.07723395
5197,stable,0.06427763,0.021459984
5198,stable,0.07365152,0.009745634
5199,stable,0.07581203,0.04849346
5200,stable,0.046693522,0.0058416384
5201,falling,0.052663736,0.010079974
5202,falling,0.055024426,0.013371761
5203,falling,0.051291846,0.021594118
5204,falling,0.041676406,0.027802166
5205,stable,0.07836791,0.15613258
5206,stable,0.05444219,0.04758222
5207,stable,0.060600594,0.07841901
5208,stable,0.06765998,0.022048054
5209,stable,0.050104585,0.012022985
5210,stable,0.073710576,0.021918435
5211,stable,0.10594883,0.06624694
5212,rising,0.06310244,0.029354572
5213,rising,0.07246126,0.021964595
5214,rising,0.07610484,0.020750139
5215,rising,0.064872906,0.022499463
5216,rising,0.08414856,0.029970925
5217,stable,0.053851254,0.015888978
5218,stable,0.0641292,0.038616847
5219,stable,0.07535568,0.09298179
5220,stable,0.061783504,0.036161885
5221,stable,0.053274136,0.014196247
5222,stable,0.06270506,0.030995255
5223,stable,0.08885441,0.12587243
5224,falling,0.078270465,0.076583385
5225,falling,0.04720503,0.016444076
5226,falling,0.05044562,0.025609016
5227,falling,0.04387219,0.009678905
5228,falling,0.035028458,0.009674338
5229,falling,0.04156142,0.027516698
5230,stable,0.054470934,0.05737984
5231,stable,0.061017044,0.088167444
5232,stable,0.06327224,0.022079123
5233,stable,0.04616224,0.07144253
5234,stable,0.035194807,0.004891662
5235,stable,0.07450767,0.17745958
5236,rising,0.049536314,0.0545484
5237,rising,0.050792933,0.030014098
5238,rising,0.04298327,0.013167299
5239,rising,0.04600174,0.04219852
5240,rising,0.0366201,0.015392985
5241,rising,0.0472266,0.03272604
5242,rising,0.04633601,0.034668554
5243,stable,0.0345777,0.006037514
5244,stable,0.05089426,0.04319187
5245,stable,0.03393449,0.0061198627
5246,stable,0.07702072,0.12566279
5247,stable,0.058779374,0.15821101
5248,falling,0.034240093,0.010943021
5249,falling,0.029728225,0.029114716
5250,falling,0.023975885,0.010516874
5251,falling,0.033082012,0.013109186
5252,falling,0.038684886,0.005186356
5253,falling,0.04177865,0.015139048
5254,falling,0.043391492,0.019458042
5255,stable,0.041415807,0.08661062
5256,stable,0.031586207,0.006482485
5257,stable,0.035868365,0.010176246
5258,stable,0.0722024,0.21239127
5259,stable,0.0659995,0.057564627
5260,rising,0.05007716,0.014053033
5261,rising,0.05123722,0.02858902
5262,rising,0.062248792,0.017257575
5263,rising,0.054748498,0.019686881
5264,rising,0.09033192,0.21981645
5265,rising,0.062899694,0.042100105
5266,stable,0.056591664,0.011627724
5267,stable,0.054149337,0.007948531
5268,stable,0.08755396,0.10801252
5269,stable,0.10038923,0.18643127
5270,stable,0.076658174,0.019051172
5271,falling,0.06179342,0.10659779
5272,falling,0.04505613,0.03701593
5273,falling,0.057059128,0.03458287
5274,falling,0.048488565,0.0660049
5275,falling,0.041884158,0.0268452
5276,falling,0.03552697,0.008470918
5277,falling,0.04117971,0.035954636
5278,stable,0.064738706,0.15538073
5279,stable,0.035222795,0.015614971
5280,stable,0.055486016,0.13838713
5281,stable,0.021184508,0.0064148135
5282,stable,0.019025745,0.0032570811
5283,stable,0.037261058,0.0885199
5284,rising,0.06166699,0.064918466
5285,rising,0.048182853,0.014545374
5286,rising,0.06337742,0.019117191
5287,rising,0.06058804,0.02094572
5288,rising,0.05010652,0.043638483
5289,rising,0.056356672,0.07957448
5290,stable,0.04885217,0.012308843
5291,stable,0.06072227,0.013304597
5292,stable,0.05931199,0.012785544
5293,stable,0.075722285,0.10988948
5294,stable,0.07511555,0.019514268
5295,stable,0.06756579,0.018718136
5296,falling,0.051491234,0.018761294
5297,falling,0.096471,0.03847725
5298,falling,0.0674272,0.019919425
5299,falling,0.05328546,0.02281844
5300,falling,0.06686386,0.023294255
5301,falling,0.059468422,0.018652359
5302,stable,0.05650369,0.06324853
5303,stable,0.03821464,0.009078235
5304,stable,0.05913919,0.10834893
5305,stable,0.07411326,0.17095245
5306,stable,0.040536106,0.036296215
5307,rising,0.06625882,0.12509473
5308,rising,0.051832553,0.010275606
5309,rising,0.0340352,0.014771251
5310,rising,0.034003273,0.005667876
5311,rising,0.03724319,0.014992288
5312,rising,0.040983085,0.016423734
5313,rising,0.05065318,0.010294998
5314,stable,0.05550982,0.011494348
5315,stable,0.047555454,0.007643294
5316,stable,0.041460503,0.010175958
5317,stable,0.04385132,0.011865112
5318,stable,0.07557344,0.12049965
5319,falling,0.05185357,0.026924875
5320,stable,0.06391787,0.07820464
5321,falling,0.035995603,0.019575203
5322,falling,0.0605947,0.021962648
5323,falling,0.06424647,0.019253777
5324,falling,0.05770705,0.022781057
5325,falling,0.04799151,0.031624567
5326,falling,0.043087915,0.054605596
5327,stable,0.053254128,0.013370905
5328,stable,0.061293162,0.014132664
5329,stable,0.08557804,0.08064089
5330,stable,0.0869161,0.018195914
5331,stable,0.086226344,0.0408062
5332,rising,0.10151264,0.039349455
5333,rising,0.13271135,0.0300409
5334,rising,0.121361606,0.034220718
5335,rising,0.11518264,0.028581878
5336,rising,0.1032093,0.0303935
5337,rising,0.11060341,0.02743164
5338,stable,0.14244443,0.12097785
5339,stable,0.098278046,0.12409886
5340,stable,0.08659677,0.030242011
5341,stable,0.10035372,0.16604127
5342,stable,0.0979915,0.14810795
5343,stable,0.11619172,0.027687209
5344,falling,0.07095802,0.0999622
5345,falling,0.040914286,0.016832266
5346,falling,0.046974942,0.01823933
5347,falling,0.059229016,0.01958679
5348,falling,0.054414548,0.014871338
5349,falling,0.0736182,0.06798501
5350,stable,0.069923684,0.030262282
5351,stable,0.05877299,0.09161694
5352,stable,0.05827344,0.06315597
5353,stable,0.051055875,0.07251926
5354,stable,0.043401856,0.01209286
5355,stable,0.043690562,0.062200222
5356,rising,0.055490896,0.050405018
5357,rising,0.05272526,0.026876926
5358,rising,0.052007746,0.010996734
5359,rising,0.035670046,0.010731175
5360,rising,0.055231877,0.025090443
5361,stable,0.04614222,0.014178849
5362,rising,0.07370959,0.08037701
5363,stable,0.08620076,0.12506068
5364,stable,0.07954883,0.01869553
5365,stable,0.05875403,0.028890245
5366,stable,0.072145976,0.055010963
5367,stable,0.0846385,0.0544764
5368,falling,0.054158993,0.0894295
5369,falling,0.04427298,0.019804008
5370,falling,0.06464855,0.030319288
5371,falling,0.061068177,0.015454921
5372,falling,0.045534816,0.017608864
5373,falling,0.05452707,0.021559088
5374,falling,0.04772363,0.05821624
5375,stable,0.057316598,0.04194177
5376,stable,0.08227548,0.13236396
5377,stable,0.06129078,0.014300418
5378,stable,0.092965834,0.09197354
5379,stable,0.0926039,0.09062356
5380,rising,0.06520693,0.026944058
5381,rising,0.07571379,0.019213911
5382,rising,0.099118106,0.043033205
5383,rising,0.0458282,0.01959906
5384,rising,0.06332293,0.01771563
5385,rising,0.02908317,0.0114921555
5386,stable,0.070162825,0.13757287
5387,stable,0.05552053,0.0925494
5388,stable,0.07028158,0.1559575
5389,stable,0.042339496,0.016641783
5390,stable,0.035493214,0.009095409
5391,stable,0.04020697,0.011290234
5392,falling,0.058949076,0.050383355
5393,falling,0.048459012,0.010441279
5394,falling,0.04559336,0.01587698
5395,falling,0.05429922,0.02391966
5396,falling,0.05025508,0.013032581
5397,falling,0.07523068,0.020158943
5398,stable,0.065300934,0.05264037
5399,stable,0.06641326,0.08786671
5400,stable,0.06972341,0.1262657
5401,stable,0.047588985,0.014742581
5402,stable,0.042228337,0.010243558
5403,stable,0.055690713,0.01695301
5404,rising,0.06066964,0.048805438
5405,rising,0.0728778,0.021175059
5406,rising,0.043963253,0.019572668
5407,rising,0.0443328,0.016466329
5408,rising,0.061029624,0.02397036
5409,stable,0.037787307,0.036382504
5410,rising,0.042718124,0.016923659
5411,stable,0.045409925,0.028640632
5412,stable,0.07062246,0.17242497
5413,stable,0.035668585,0.010113735
5414,stable,0.04908359,0.1088578
5415,stable,0.04733289,0.1152084
5416,falling,0.025534214,0.007775935
5417,falling,0.027268372,0.011969731
5418,falling,0.032639194,0.011330684
5419,falling,0.04187828,0.016846703
5420,stable,0.061681375,0.02230047
5421,falling,0.047334693,0.015417754
5422,stable,0.05342294,0.026156498
5423,stable,0.041532412,0.012045264
5424,stable,0.039620083,0.009000264
5425,stable,0.054003462,0.093024634
5426,stable,0.047630485,0.092032306
5427,stable,0.055317458,0.07200465
5428,rising,0.04520471,0.04899936
5429,rising,0.041673344,0.013670105
5430,rising,0.05209526,0.01644757
5431,rising,0.055640895,0.01594191
5432,rising,0.07358854,0.029538691
5433,rising,0.087388754,0.031250414
5434,stable,0.09403123,0.06557166
5435,stable,0.10129951,0.15163614
5436,stable,0.09089179,0.026737554
5437,stable,0.10792868,0.13202962
5438,stable,0.10589103,0.13141795
5439,stable,0.11709308,0.12136258
5440,falling,0.07711856,0.11948337
5441,falling,0.055285677,0.050168153
5442,falling,0.061283734,0.021059925
5443,falling,0.070667654,0.029072108
5444,falling,0.040462706,0.021160312
5445,falling,0.04482209,0.026262853
5446,stable,0.047202785,0.052799396
5447,stable,0.047746558,0.020425513
5448,stable,0.07598014,0.080115885
5449,stable,0.08324893,0.07403336
5450,stable,0.058473766,0.023680108
5451,rising,0.0563783,0.03194147
5452,rising,0.056853745,0.03259737
5453,rising,0.08547245,0.028073013
5454,rising,0.065616965,0.030990157
5455,rising,0.059022907,0.030553313
5456,rising,0.048447143,0.025966898
5457,rising,0.04218044,0.021378938
5458,stable,0.031216089,0.021218898
5459,stable,0.04375229,0.072029874
5460,stable,0.039475247,0.01918018
5461,stable,0.046127394,0.077885054
5462,stable,0.053778805,0.10758763
5463,stable,0.040783226,0.013274671
5464,falling,0.032409843,0.009593969
5465,falling,0.030634437,0.045253787
5466,falling,0.038917195,0.06691028
5467,falling,0.027526071,0.008918989
5468,falling,0.030113624,0.008541628
5469,falling,0.033219203,0.010034248
5470,stable,0.049887337,0.07456375
5471,stable,0.032741796,0.02715609
5472,stable,0.033713114,0.020936612
5473,stable,0.032282278,0.036315747
5474,stable,0.027176466,0.009791105
5475,stable,0.030148039,0.017410927
5476,rising,0.029569203,0.018748388
5477,rising,0.028602935,0.012718726
5478,rising,0.051474273,0.027704434
5479,rising,0.06061368,0.021056755
5480,rising,0.06290724,0.02058618
5481,stable,0.06833126,0.07375044
5482,stable,0.07347177,0.11237859
5483,stable,0.057346582,0.034577
5484,stable,0.064043015,0.017017834
5485,stable,0.098018,0.25702506
5486,stable,0.08172707,0.13132422
5487,stable,0.063583925,0.011192381
5488,falling,0.11051902,0.30330664
5489,falling,0.06145675,0.08054649
5490,falling,0.039670035,0.038037468
5491,falling,0.03781789,0.010419915
5492,falling,0.038189664,0.05184754
5493,falling,0.029675769,0.005843805
5494,stable,0.039327458,0.053040262
5495,stable,0.053430412,0.12738225
5496,stable,0.04638948,0.020159997
5497,stable,0.05847553,0.15007164
5498,stable,0.022493454,0.011889834
5499,rising,0.028069343,0.041638732
5500,rising,0.03214585,0.04489068
5501,rising,0.033664457,0.015162831
5502,rising,0.042024706,0.018901493
5503,rising,0.035463404,0.00708228
5504,rising,0.04532721,0.021681417
5505,rising,0.0516646,0.017754998
5506,stable,0.054800007,0.014695667
5507,stable,0.067037754,0.089662634
5508,stable,0.1539751,0.5187265
5509,stable,0.06684152,0.040598653
5510,stable,0.06927098,0.021830767
5511,falling,0.07852086,0.02415402
5512,falling,0.08609765,0.019522484
5513,falling,0.07986777,0.0347773
5514,falling,0.06609017,0.04772629
5515,falling,0.060762104,0.017798552
5516,falling,0.055202354,0.017781198
5517,falling,0.047876548,0.015053893
5518,stable,0.055847477,0.016344478
5519,stable,0.05936654,0.020394767
5520,stable,0.057320226,0.13081098
5521,stable,0.056406002,0.13366143
5522,stable,0.037001763,0.040237583
5523,rising,0.037186038,0.009103522
5524,stable,0.052462745,0.10185734
5525,stable,0.03290229,0.017847432
5526,rising,0.03046417,0.014043607
5527,rising,0.04380184,0.026416834
5528,rising,0.088825,0.31909448
5529,rising,0.052535485,0.126161
5530,stable,0.037524257,0.016257782
5531,stable,0.07658334,0.2008658
5532,stable,0.034580354,0.013624455
5533,stable,0.07304232,0.23295033
5534,stable,0.036338393,0.021105258
5535,stable,0.043167867,0.015167812
5536,falling,0.04550482,0.14057902
5537,falling,0.017972596,0.009200316
5538,falling,0.026183847,0.044788506
5539,falling,0.018159572,0.007545708
5540,falling,0.027074343,0.014583757
5541,falling,0.026976498,0.012661312
5542,stable,0.024805022,0.04855965
5543,stable,0.01838691,0.005692044
5544,stable,0.017931135,0.006684255
5545,stable,0.021000978,0.007883386
5546,stable,0.024683554,0.0042303167
5547,rising,0.046847556,0.10255367
5548,rising,0.02659585,0.0061817323
5549,rising,0.054565024,0.14044437
5550,rising,0.027410256,0.0113000395
5551,rising,0.029902667,0.010098419
5552,rising,0.030705582,0.011067353
5553,rising,0.040899087,0.020440537
5554,rising,0.043290194,0.029921124
5555,stable,0.052174274,0.10377485
5556,stable,0.03217912,0.010538722
5557,stable,0.026752118,0.0144403195
5558,stable,0.045923796,0.111064754
5559,stable,0.046234205,0.12653719
5560,falling,0.043743838,0.13499753
5561,falling,0.03271971,0.00939425
5562,falling,0.03073306,0.0060045025
5563,falling,0.03264493,0.007821672
5564,falling,0.046947297,0.01453859
5565,falling,0.04425494,0.008837637
5566,stable,0.043129835,0.01095934
5567,stable,0.053984035,0.093027316
5568,stable,0.13603665,0.10775974
5569,stable,0.12410482,0.15137692
5570,stable,0.10971173,0.011749186
5571,stable,0.12665142,0.021505902
5572,rising,0.12653552,0.018737098
5573,rising,0.15580767,0.021455005
5574,rising,0.14321433,0.023720883
5575,rising,0.13688788,0.017825924
5576,rising,0.1446335,0.039562136
5577,stable,0.1480777,0.04572014
5578,stable,0.17192206,0.0828592
5579,stable,0.1520203,0.02336553
5580,stable,0.16280538,0.115953244
5581,stable,0.099623196,0.074972436
5582,stable,0.107416995,0.017714817
5583,falling,0.079227395,0.017685892
5584,falling,0.11028969,0.12812164
5585,falling,0.06587843,0.03555347
5586,falling,0.06576006,0.021822546
5587,falling,0.067283824,0.014977952
5588,falling,0.048205953,0.011303846
5589,falling,0.053249057,0.017321818
5590,stable,0.05992819,0.03732644
5591,stable,0.06616364,0.06110389
5592,stable,0.068453565,0.027091729
5593,stable,0.055650875,0.0054900586
5594,stable,0.087641604,0.13351478
5595,stable,0.05094766,0.010735233
5596,rising,0.05870251,0.04638494
5597,rising,0.062316813,0.0292657
5598,rising,0.047497507,0.033146575
5599,rising,0.036704883,0.013753337
5600,rising,0.032854225,0.011335934
5601,stable,0.03431213,0.01728427
5602,stable,0.028371463,0.007463285
5603,stable,0.025826585,0.0070244283
5604,stable,0.09849556,0.36984336
5605,stable,0.03771002,0.05113086
5606,stable,0.051085178,0.08985726
5607,falling,0.020354556,0.0075450283
5608,falling,0.037461016,0.10344004
5609,falling,0.010591633,0.007433495
5610,falling,0.011578346,0.0056245164
5611,falling,0.01947279,0.016907481
5612,falling,0.013617778,0.005880856
5613,falling,0.01923134,0.032450903
5614,stable,0.024014242,0.045104697
5615,stable,0.013193493,0.008735673
5616,stable,0.045895413,0.1685741
5617,stable,0.015240227,0.011057154
5618,stable,0.016334292,0.005153641
5619,stable,0.017330581,0.010562529
5620,rising,0.023155179,0.008488577
5621,rising,0.03881591,0.057985287
5622,rising,0.030714277,0.011983672
5623,rising,0.034987986,0.012538733
5624,rising,0.029745568,0.007685641
5625,rising,0.044202674,0.03729169
5626,stable,0.055828255,0.03397941
5627,stable,0.050070904,0.009090267
5628,stable,0.08593596,0.16777052
5629,stable,0.088269,0.10688264
5630,stable,0.051422473,0.010173733
5631,stable,0.09300362,0.16656743
5632,stable,0.06936111,0.04937922
5633,falling,0.058064472,0.02934468
5634,falling,0.06092752,0.04165216
5635,falling,0.047436867,0.010893427
5636,falling,0.062417798,0.013881434
5637,falling,0.07098331,0.04198815
5638,stable,0.073537335,0.03719628
5639,stable,0.07403134,0.15862781
5640,stable,0.072635464,0.13376933
5641,stable,0.042681143,0.007832079
5642,stable,0.07538261,0.06988234
5643,stable,0.057233486,0.07975229
5644,rising,0.054968696,0.039979216
5645,rising,0.05438239,0.011297263
5646,rising,0.033849012,0.0072744293
5647,rising,0.03697813,0.0050559696
5648,rising,0.033442732,0.01650746
5649,rising,0.030671168,0.0070260623
5650,stable,0.03211092,0.009875028
5651,stable,0.067880824,0.1825209
5652,stable,0.13847025,0.30075482
5653,stable,0.058902692,0.012540835
5654,stable,0.09382315,0.14186369
5655,stable,0.06877385,0.0070145717
5656,falling,0.07495761,0.037922077
5657,falling,0.06828549,0.0073533347
5658,falling,0.06959693,0.0087797
5659,falling,0.071978875,0.015073681
5660,falling,0.07066875,0.037603848
5661,falling,0.07477419,0.04219283
5662,stable,0.0638702,0.019621974
5663,stable,0.08965132,0.0683268
5664,stable,0.10879425,0.14315131
5665,stable,0.07277974,0.019689918
5666,stable,0.09287667,0.10459219
5667,stable,0.075764574,0.1361413
5668,rising,0.05230601,0.013174957
5669,rising,0.0787194,0.03280061
5670,rising,0.067199305,0.012765367
5671,rising,0.06767695,0.010128663
5672,rising,0.064493574,0.035599437
5673,rising,0.06899645,0.006811713
5674,stable,0.07146409,0.010370683
5675,stable,0.09075104,0.11352817
5676,stable,0.1414222,0.20296939
5677,stable,0.08635821,0.13629933
5678,stable,0.056056548,0.024040382
5679,falling,0.063728005,0.06982771
5680,falling,0.070352994,0.05599908
5681,falling,0.06672451,0.01685956
5682,falling,0.06403502,0.014330157
5683,falling,0.07866221,0.02836473
5684,falling,0.07231379,0.021806836
5685,falling,0.05220224,0.01858938
5686,stable,0.06882712,0.057532605
5687,stable,0.057977047,0.012381772
5688,stable,0.109937474,0.16510308
5689,stable,0.07893059,0.174316
5690,stable,0.048272025,0.013891338
5691,stable,0.07064805,0.017254362
5692,rising,0.035973463,0.011709457
5693,rising,0.071345046,0.16731945
5694,rising,0.0363917,0.007694853
5695,rising,0.038329415,0.009108075
5696,rising,0.042460866,0.0165895
5697,rising,0.04123251,0.021660913
5698,rising,0.05385467,0.08739648
5699,stable,0.057568114,0.040273994
5700,stable,0.07141208,0.042598423
5701,stable,0.089314476,0.016748939
5702,stable,0.078200586,0.01239273
5703,stable,0.07883052,0.018516943
5704,falling,0.111533135,0.056548692
5705,falling,0.09116828,0.035810657
5706,falling,0.086884245,0.023270011
5707,falling,0.08652315,0.061768558
5708,falling,0.08115974,0.011363945
5709,falling,0.1170908,0.11994023
5710,stable,0.08530685,0.011091751
5711,stable,0.08999533,0.015196361
5712,stable,0.13065435,0.18200485
5713,stable,0.056264535,0.041574895
5714,stable,0.050699882,0.05507738
5715,stable,0.081073746,0.031365458
5716,rising,0.07009771,0.121503
5717,rising,0.07079006,0.021125717
5718,rising,0.061844397,0.021941474
5719,rising,0.07404264,0.03093643
5720,rising,0.04476893,0.018563457
5721,rising,0.054392852,0.02135072
5722,stable,0.052344307,0.013340441
5723,rising,0.031384535,0.010169237
5724,stable,0.04747312,0.061059617
5725,stable,0.057145648,0.015740985
5726,stable,0.055097174,0.02274874
5727,stable,0.06408764,0.08655846
5728,falling,0.04688349,0.04178742
5729,falling,0.045424774,0.023331687
5730,falling,0.057820555,0.022724185
5731,falling,0.045835182,0.019038105
5732,falling,0.039945852,0.01939118
5733,falling,0.048346844,0.054827057
5734,falling,0.055867467,0.09339507
5735,stable,0.078857765,0.19878136
5736,stable,0.03438002,0.006546803
5737,stable,0.08597215,0.21221521
5738,stable,0.07888888,0.193271
5739,stable,0.041932005,0.015222673
5740,rising,0.05612224,0.072673075
5741,rising,0.04655723,0.012415352
5742,rising,0.071912535,0.16203667
5743,rising,0.03703922,0.008553256
5744,rising,0.042860944,0.0056564026
5745,rising,0.044353094,0.008002458
5746,rising,0.04492018,0.008396918
5747,stable,0.059207376,0.059896264
5748,stable,0.07027221,0.1328767
5749,stable,0.07910713,0.16625887
5750,stable,0.026623074,0.0067931376
5751,stable,0.043221794,0.014562811
5752,stable,0.062430818,0.06910545
5753,falling,0.070895776,0.031730924
5754,falling,0.10318842,0.050422046
5755,falling,0.0486507,0.020674938
5756,falling,0.034855995,0.015186805
5757,falling,0.03249172,0.03307993
5758,stable,0.045266856,0.08174904
5759,stable,0.032061484,0.010023975
5760,stable,0.028247017,0.0060248664
5761,stable,0.033840444,0.006234782
5762,stable,0.044548627,0.01359203
5763,rising,0.014729803,0.0076029715
5764,rising,0.016715163,0.0056099854
5765,rising,0.03893151,0.045304038
5766,rising,0.03018846,0.010571658
5767,rising,0.03052645,0.008076607
5768,rising,0.049935427,0.009906376
5769,rising,0.05623795,0.04412294
5770,stable,0.057585575,0.028965462
5771,stable,0.07580204,0.087364726
5772,stable,0.05958681,0.019038891
5773,stable,0.06968313,0.0911993
5774,stable,0.06151672,0.032699857
5775,stable,0.06352067,0.051486254
5776,falling,0.062882304,0.030248072
5777,falling,0.07741989,0.02188271
5778,falling,0.051351443,0.014643052
5779,falling,0.044596273,0.0150677925
5780,falling,0.054507278,0.06726802
5781,falling,0.033419285,0.010187398
5782,stable,0.030319346,0.007819441
5783,stable,0.05080982,0.11741821
5784,stable,0.032406755,0.008781569
5785,stable,0.069748305,0.14762971
5786,stable,0.03577869,0.00662427
5787,stable,0.04078974,0.008652897
5788,rising,0.055474408,0.061262827
5789,rising,0.04028723,0.015167576
5790,rising,0.041571006,0.017252952
5791,rising,0.0520364,0.0463775
5792,rising,0.08177071,0.026206424
5793,rising,0.058527153,0.02437948
5794,stable,0.051722657,0.01891842
5795,stable,0.054160647,0.05262433
5796,stable,0.040901132,0.042168405
5797,stable,0.045149136,0.09554122
5798,stable,0.036220215,0.034529157
5799,stable,0.03485752,0.01751627
5800,falling,0.047034837,0.04076519
5801,falling,0.04848494,0.017821677
5802,falling,0.048850875,0.014425867
5803,falling,0.06025499,0.12826522
5804,falling,0.034247704,0.01316799
5805,falling,0.041447997,0.011703565
5806,falling,0.056302197,0.016567457
5807,stable,0.063421875,0.026172092
5808,stable,0.04753061,0.010380058
5809,stable,0.03489547,0.007894862
5810,stable,0.04588365,0.007986437
5811,stable,0.041035388,0.008786839
5812,rising,0.05878825,0.043070342
5813,rising,0.051841814,0.019689042
5814,rising,0.043424796,0.007117662
5815,rising,0.07413423,0.15765153
5816,rising,0.051333174,0.016270565
5817,rising,0.04844089,0.01006561
5818,stable,0.0473762,0.014191279
5819,stable,0.050230272,0.012749863
5820,stable,1.6759295,0.10968512
5821,stable,2.4378753,0.17523447
5822,stable,2.783795,0.3068399
5823,stable,2.8471527,0.16125193
5824,stable,3.2008262,0.30739662
5825,falling,3.3134472,0.19525471
5826,falling,3.23757,0.18397202
5827,falling,3.27356,0.22524028
5828,falling,3.145491,0.32296252
5829,stable,3.0878801,0.17113912
5830,stable,3.0843413,0.194667
5831,stable,2.9394858,0.122580335
5832,spike,0.2454552,0.25697026
5833,spike,0.20418604,0.5619094
5834,spike,0.12113174,0.32337585
5835,spike,0.050076995,0.036146566
5836,spike,0.045082826,0.018990783
5837,spike,0.045155384,0.051486243
5838,spike,0.035762932,0.0131040495
5839,spike,0.02751293,0.009815097
5840,spike,0.026507368,0.012356077
5841,spike,0.02291369,0.008579176
5842,spike,0.035801414,0.029614478
5843,falling,0.038438868,0.087353714
5844,falling,0.022014447,0.013416095
5845,falling,0.05645603,0.14063546
5846,falling,0.060895585,0.14894958
5847,falling,0.04541252,0.111141406
5848,falling,0.042343117,0.06343016
5849,falling,0.032900106,0.04126784
5850,falling,0.027502269,0.013780174
5851,falling,0.034134842,0.017285388
5852,falling,0.038042188,0.021844093
5853,falling,0.048540052,0.030649494
5854,stable,0.0271076,0.00822829
5855,stable,0.0241763,0.0047586462
5856,stable,0.02938586,0.008595559
5857,stable,0.07347955,0.26094803
5858,stable,0.024573803,0.007999519
5859,stable,0.056136407,0.19758676
5860,stable,0.0338907,0.06139691
5861,rising,0.019563572,0.010383211
5862,rising,0.021018686,0.015119039
5863,rising,0.03123807,0.0098589845
5864,rising,0.039902102,0.01712233
5865,rising,0.04401406,0.016578343
5866,stable,0.044640236,0.010664171
5867,stable,0.08226657,0.15640563
5868,stable,0.09679403,0.19235785
5869,stable,0.067814365,0.02437703
5870,stable,0.10661538,0.16024233
5871,stable,0.056500494,0.019466829
5872,falling,0.057576563,0.020661216
5873,falling,0.071972966,0.05862605
5874,falling,0.0743315,0.042767555
5875,falling,0.08271361,0.052141253
5876,falling,0.05720114,0.045391932
5877,falling,0.040003154,0.056227464
5878,falling,0.034242198,0.02005566
5879,stable,0.034512892,0.011690302
5880,stable,0.040131688,0.06842017
5881,stable,0.036192283,0.008629319
5882,stable,0.06252423,0.06050569
5883,stable,0.04651201,0.011574045
5884,rising,0.073453575,0.021143828
5885,rising,0.07735084,0.018112227
5886,rising,0.097913265,0.01825933
5887,rising,0.07828997,0.019728858
5888,rising,0.069438085,0.01470035
5889,rising,0.07439096,0.013771844
5890,stable,0.12963483,0.085611425
5891,stable,0.12662591,0.015206597
5892,stable,0.1506805,0.13657989
5893,stable,0.1413547,0.15422003
5894,stable,0.10301476,0.006169869
5895,stable,0.12139864,0.09059863
5896,falling,0.101405405,0.037206694
5897,falling,0.08865432,0.035964437
5898,falling,0.09347565,0.06999596
5899,falling,0.0880249,0.013661015
5900,falling,0.09099401,0.01885253
5901,falling,0.08876672,0.014003173
5902,stable,0.113747604,0.064410284
5903,stable,0.054320157,0.033599377
5904,stable,0.075090356,0.12296822
5905,stable,0.0793268,0.1237684
5906,stable,0.061050627,0.016327186
5907,rising,0.09097172,0.19416447
5908,rising,0.05403004,0.014040202
5909,rising,0.062244125,0.01658701
5910,rising,0.065581515,0.018436024
5911,rising,0.10322525,0.090665765
5912,rising,0.04975243,0.016226238
5913,stable,0.053221185,0.015983386
5914,stable,0.07099609,0.019816041
5915,stable,0.04947172,0.098006226
5916,stable,0.033218395,0.012218156
5917,stable,0.06660165,0.17743838
5918,stable,0.02439363,0.012828269
5919,stable,0.027895892,0.009492597
5920,falling,0.040554572,0.04035147
5921,falling,0.030653792,0.01282525
5922,falling,0.02847587,0.010447219
5923,falling,0.032981385,0.013796804
5924,falling,0.03490885,0.01078099
5925,falling,0.055521246,0.030424068
5926,falling,0.051857375,0.0088484725
5927,stable,0.05353719,0.015339442
5928,stable,0.064276494,0.109980635
5929,stable,0.06983197,0.1355696
5930,stable,0.04146759,0.009477183
5931,stable,0.056129556,0.014428193
5932,stable,0.063568994,0.044504095
5933,rising,0.066982664,0.03178765
5934,rising,0.05932235,0.018655328
5935,rising,0.049562097,0.019994937
5936,rising,0.06517192,0.020067133
5937,stable,0.06324427,0.065833844
5938,stable,0.037596807,0.012029493
5939,stable,0.052503236,0.08190255
5940,stable,0.073128246,0.13911648
5941,stable,0.078655854,0.13693893
5942,stable,0.070716806,0.12741172
5943,stable,0.05068248,0.031906445
5944,stable,0.0536238,0.092915654
5945,falling,0.06558793,0.023737362
5946,falling,0.062475197,0.009230589
5947,falling,0.056493584,0.009818625
5948,falling,0.055372365,0.005785683
5949,falling,0.081075914,0.11831805
5950,stable,0.0716763,0.05666169
5951,stable,0.061275367,0.015348189
5952,stable,0.06464143,0.011199713
5953,stable,0.052462913,0.0065649445
5954,stable,0.06508849,0.07052427
5955,stable,0.06065839,0.00911108
5956,rising,0.07108005,0.038907044
5957,rising,0.044207048,0.03270907
5958,rising,0.047725547,0.01184713
5959,rising,0.036772095,0.008585783
5960,rising,0.043232135,0.030186055
5961,stable,0.042026628,0.04432889
5962,stable,0.05550823,0.040418424
5963,stable,0.056999955,0.022393648
5964,stable,0.044697486,0.018637568
5965,stable,0.078176126,0.15315889
5966,stable,0.07328114,0.13373102
5967,falling,0.07476916,0.0956132
5968,stable,0.06637113,0.023651274
5969,falling,0.056359,0.017494405
5970,falling,0.053403918,0.01457187
5971,falling,0.061302252,0.020033693
5972,falling,0.06854264,0.02360664
5973,falling,0.061725497,0.012464208
5974,stable,0.05870103,0.10704385
5975,stable,0.049911473,0.07121127
5976,stable,0.04375137,0.007906863
5977,stable,0.07052078,0.13002662
5978,stable,0.038822334,0.0059766816
5979,stable,0.038990438,0.0062290644
5980,stable,0.06154835,0.12163728
5981,rising,0.045255642,0.006602936
5982,rising,0.048032735,0.019364242
5983,rising,0.040966433,0.009489347
5984,rising,0.039071746,0.009404106
5985,rising,0.043732412,0.034237795
5986,stable,0.05327948,0.08151465
5987,stable,0.050045118,0.07757209
5988,stable,0.060427114,0.12993419
5989,stable,0.03772754,0.008054211
5990,stable,0.057700936,0.09085147
5991,stable,0.044698436,0.01997238
5992,falling,0.043007072,0.012798898
5993,stable,0.05895402,0.015447991
5994,falling,0.04747886,0.012315025
5995,falling,0.037240192,0.011378949
5996,falling,0.03490942,0.011775943
5997,falling,0.049038038,0.057210136
5998,stable,0.03774355,0.008504498
5999,stable,0.044988178,0.010968712
6000,stable,0.039640244,0.008704681
6001,stable,0.041332003,0.0075934646
6002,stable,0.046181567,0.010959136
6003,stable,0.04427157,0.011906557
6004,stable,0.046486672,0.016191397
6005,rising,0.04530906,0.014926907
6006,rising,0.058284488,0.028789869
6007,rising,0.03141375,0.011278915
6008,rising,0.038197532,0.014246196
6009,rising,0.030542808,0.007681049
6010,stable,0.046286795,0.10682482
6011,stable,0.056694973,0.11105094
6012,stable,0.057728224,0.013883881
6013,stable,0.08452649,0.17015742
6014,stable,0.072900295,0.102634266
6015,stable,0.047223676,0.013746569
6016,stable,0.08437789,0.027331768
6017,falling,0.11446975,0.06505507
6018,falling,0.10177252,0.030776558
6019,falling,0.109385274,0.032205276
6020,falling,0.13784449,0.027577277
6021,falling,0.097682394,0.031272903
6022,stable,0.1313359,0.083942324
6023,stable,0.12193782,0.023962911
6024,stable,0.15099747,0.06313481
6025,stable,0.14454135,0.07088336
6026,stable,0.14716153,0.026659306
6027,stable,0.15208371,0.041097753
6028,stable,0.16483286,0.04634491
6029,rising,0.13778114,0.025501877
6030,rising,0.092614055,0.0140442075
6031,rising,0.118656226,0.02495834
6032,rising,0.070775636,0.012890057
6033,rising,0.09020623,0.05894723
6034,stable,0.058142837,0.036062498
6035,stable,0.09766884,0.042657208
6036,stable,0.07447381,0.1716683
6037,stable,0.038757134,0.022096572
6038,stable,0.076177545,0.14725325
6039,stable,0.03479157,0.0102553135
6040,falling,0.050237585,0.084811516
6041,falling,0.045680217,0.019863961
6042,falling,0.025949351,0.0084921215
6043,falling,0.041809868,0.0126715535
6044,falling,0.0332732,0.034933627
6045,stable,0.04882782,0.11236082
6046,stable,0.040844604,0.072878726
6047,stable,0.036200754,0.03563052
6048,stable,0.059630264,0.07486973
6049,stable,0.05185179,0.012269882
6050,stable,0.06256046,0.13067505
6051,stable,0.045549367,0.008145421
6052,stable,0.0447036,0.008157733
6053,rising,0.06058013,0.095604494
6054,rising,0.040900573,0.010059215
6055,rising,0.04409076,0.012546554
6056,rising,0.049454052,0.011525489
6057,rising,0.06292869,0.038679752
6058,stable,0.066934496,0.012852596
6059,stable,0.06303683,0.041224312
6060,stable,0.08760466,0.022292463
6061,stable,0.0729219,0.012346717
6062,stable,0.03808661,0.015472647
6063,stable,0.05778502,0.114058375
6064,falling,0.043735724,0.011622978
6065,falling,0.05103729,0.035907388
6066,falling,0.055988934,0.012456836
6067,falling,0.08203116,0.11667291
6068,falling,0.074466325,0.026925424
6069,falling,0.036578283,0.007535598
6070,stable,0.038157966,0.017501427
6071,stable,0.04266798,0.011932156
6072,stable,0.060315732,0.053097963
6073,stable,0.038718667,0.0187277
6074,stable,0.048396293,0.014217396
6075,stable,0.053434107,0.015037768
6076,rising,0.059568696,0.05711949
6077,rising,0.07456669,0.030166306
6078,rising,0.057764135,0.018008905
6079,rising,0.06893567,0.01680689
6080,rising,0.06963936,0.045632582
6081,rising,0.0836028,0.017536543
6082,stable,0.0682658,0.01898409
6083,stable,0.06759054,0.030127402
6084,stable,0.059074283,0.010934483
6085,stable,0.09247125,0.17030811
6086,stable,0.049026962,0.013786119
6087,stable,0.070759766,0.016419275
6088,falling,0.06164288,0.01196746
6089,falling,0.06526628,0.024957478
6090,falling,0.05484548,0.020113187
6091,falling,0.061695293,0.020473937
6092,falling,0.07160096,0.021799443
6093,stable,0.08345676,0.022104926
6094,stable,0.06076493,0.017165013
6095,stable,0.07269506,0.041901246
6096,stable,0.051254023,0.011430278
6097,stable,0.07627769,0.02224435
6098,stable,0.07164776,0.03608758
6099,stable,0.07345499,0.018418744
6100,rising,0.0688843,0.02604782
6101,rising,0.06969141,0.036514305
6102,rising,0.085724555,0.03409019
6103,rising,0.04776321,0.0073495735
6104,rising,0.057762932,0.029497588
6105,stable,0.062486928,0.06505792
6106,stable,0.059170503,0.046885565
6107,stable,0.060436744,0.0154842185
6108,stable,0.118662134,0.023037313
6109,stable,0.08503013,0.05458546
6110,stable,0.07553567,0.025894074
6111,stable,0.09376087,0.1505253
6112,stable,0.08835892,0.03293699
6113,falling,0.08797844,0.020542685
6114,falling,0.08811428,0.02467902
6115,falling,0.09401676,0.022907935
6116,falling,0.08058576,0.009395361
6117,stable,0.09188976,0.020770682
6118,falling,0.08058104,0.016359804
6119,stable,0.1342476,0.0144917825
6120,stable,0.1936856,0.1497911
6121,stable,0.093083136,0.033604886
6122,stable,0.10316561,0.07425902
6123,stable,0.11060572,0.026475152
6124,stable,0.119899295,0.055999096
6125,rising,0.09567451,0.035359386
6126,rising,0.07544411,0.021768712
6127,rising,0.109270126,0.06779487
6128,rising,0.070830345,0.01751932
6129,stable,0.048971545,0.00941728
6130,stable,0.10505883,0.12152572
6131,stable,0.059699334,0.045978505
6132,stable,0.060866058,0.11143874
6133,stable,0.06452942,0.043785635
6134,stable,0.108687215,0.16375633
6135,stable,0.10308136,0.13306746
6136,falling,0.07267153,0.083304
6137,falling,0.05471989,0.054730184
6138,falling,0.02981733,0.014844048
6139,falling,0.034620762,0.012479561
6140,falling,0.045689892,0.016405597
6141,stable,0.06675082,0.022407435
6142,stable,0.031753607,0.01121017
6143,stable,0.047394678,0.085882515
6144,stable,0.034739804,0.009905484
6145,stable,0.03133076,0.020370526
6146,stable,0.036329117,0.01507012
6147,stable,0.03152303,0.009556275
6148,stable,0.033644926,0.014655971
6149,rising,0.03244785,0.0075031403
6150,rising,0.056538936,0.09052808
6151,rising,0.038911056,0.013591837
6152,rising,0.049313113,0.034192
6153,rising,0.055658285,0.0314557
6154,stable,0.031769067,0.008755409
6155,stable,0.04512381,0.03512749
6156,stable,0.046443462,0.03660444
6157,stable,0.060702868,0.12754267
6158,stable,0.08470468,0.21421795
6159,stable,0.051612064,0.089222744
6160,falling,0.058270883,0.13200684
6161,falling,0.03710611,0.014078275
6162,falling,0.032040976,0.017862199
6163,falling,0.023350378,0.006856585
6164,falling,0.027907971,0.009563596
6165,stable,0.032148577,0.014092788
6166,stable,1.5289065,0.04804598
6167,stable,2.3882036,0.10334526
6168,stable,2.7264183,0.18853168
6169,stable,2.8780603,0.11142443
6170,stable,3.0393775,0.3710992
6171,rising,3.128072,0.39608422
6172,stable,3.1510842,0.13243301
6173,rising,3.159733,0.22209907
6174,rising,3.1728659,0.17908695
6175,rising,3.1727755,0.19064121
6176,rising,3.1490583,0.17177129
6177,rising,3.278064,0.18338494
6178,spike,0.21398768,0.252846
6179,spike,0.14357486,0.08982464
6180,spike,0.12675554,0.036034822
6181,spike,0.1568841,0.19239815
6182,spike,0.13392909,0.038103275
6183,spike,0.11832792,0.03987329
6184,spike,0.122299954,0.057007316
6185,spike,0.111838475,0.14703299
6186,spike,0.09303801,0.10435465
6187,spike,0.049063716,0.011689409
6188,spike,0.051679764,0.014117199
6189,falling,0.0486428,0.014348037
6190,falling,0.039670646,0.015430044
6191,falling,0.83149153,0.048888106
6192,falling,1.2375196,0.09172999
6193,stable,1.6198753,0.19802652
6194,stable,1.51038,0.22026709
6195,stable,1.4741784,0.1804177
6196,rising,1.5510979,0.08090199
6197,rising,1.4740175,0.12806417
6198,rising,1.5326632,0.14851062
6199,rising,1.6145195,0.21477629
6200,rising,1.5523164,0.19950652
6201,rising,1.4232627,0.15635648
6202,stable,1.5858926,0.094401896
6203,spike,0.12214622,0.089980185
6204,spike,0.13258253,0.055798218
6205,spike,0.22052823,0.21813199
6206,spike,0.13045953,0.034201045
6207,spike,0.14075266,0.03924553
6208,spike,0.11966386,0.032467376
6209,spike,0.091378205,0.10124426
6210,spike,0.07404738,0.024113491
6211,spike,0.03484326,0.029293887
6212,spike,0.04601205,0.03478974
6213,spike,0.041743457,0.020721467
6214,falling,0.059360687,0.019275792
6215,falling,0.05978519,0.020773293
6216,falling,0.08778154,0.03921506
6217,stable,0.12472412,0.074849404
6218,stable,0.16880699,0.051820453
6219,stable,0.13335118,0.08165156
6220,rising,0.18110465,0.07424773
6221,rising,0.19994764,0.10654646
6222,rising,0.20482053,0.08611429
6223,rising,0.2214335,0.090619735
6224,rising,0.19249706,0.09954001
6225,rising,0.20902136,0.18835302
6226,rising,0.2211069,0.12350365
6227,stable,0.08612331,0.042452887
6228,stable,0.07762718,0.027736463
6229,stable,0.10240158,0.14597288
6230,stable,0.094215155,0.068216264
6231,stable,0.09732681,0.13638178
6232,falling,0.054058824,0.021543248
6233,falling,0.042943228,0.007835156
6234,falling,0.044243403,0.01027479
6235,falling,0.04722895,0.010453056
6236,falling,0.051866416,0.01603611
6237,falling,0.06574537,0.017247422
6238,stable,0.06414642,0.024186628
6239,stable,0.07384609,0.05343128
6240,stable,0.06312253,0.038922563
6241,stable,0.057516754,0.017671335
6242,stable,0.09555071,0.086513236
6243,rising,0.08120588,0.054154687
6244,rising,0.08854511,0.037903756
6245,rising,0.06415208,0.027312592
6246,rising,0.06728777,0.033027768
6247,rising,0.07671182,0.02402877
6248,rising,0.05900432,0.026972612
6249,rising,0.06138406,0.024715034
6250,stable,0.0967202,0.14207539
6251,stable,1.7618834,0.078335635
6252,stable,2.5691726,0.1524205
6253,stable,3.1548927,0.1017173
6254,stable,3.2183316,0.18202785
6255,falling,3.3570313,0.20392515
6256,falling,3.322102,0.2853874
6257,falling,3.4855587,0.16814451
6258,falling,3.5471482,0.17444606
6259,falling,3.7196538,0.20380352
6260,falling,3.6636848,0.14186051
6261,falling,3.3707175,0.2770318
6262,falling,3.6475148,0.24454486
6263,spike,0.066065826,0.079985134
6264,spike,0.09672634,0.19148733
6265,spike,0.0828881,0.03317795
6266,spike,0.098773465,0.06322926
6267,spike,0.07488229,0.03089571
6268,spike,0.07803961,0.037942737
6269,spike,0.049153786,0.02076377
6270,spike,0.04744004,0.010305327
6271,spike,0.037639365,0.013570796
6272,spike,0.049240146,0.06384002
6273,spike,0.04108605,0.027206538
6274,falling,0.083175525,0.2184554
6275,falling,0.07782236,0.14458564
6276,falling,0.11712344,0.2723935
6277,falling,0.11561131,0.3044092
6278,falling,0.06364798,0.037872814
6279,falling,0.06116607,0.029130533
6280,falling,0.094539575,0.19675693
6281,falling,0.066133395,0.084668264
6282,falling,0.07318651,0.08300861
6283,falling,0.089918815,0.048679568
6284,falling,0.09429029,0.039140705
6285,falling,0.114241675,0.046947017
6286,falling,0.07767322,0.02982573
6287,stable,0.061539695,0.053082548
6288,stable,0.06228805,0.12108593
6289,stable,0.042229023,0.07203943
6290,stable,0.05531342,0.11942422
6291,rising,0.033559497,0.034772195
6292,rising,0.0326318,0.03868803
6293,rising,0.02848338,0.006141045
6294,rising,0.031181587,0.009705081
6295,rising,0.03732303,0.012912649
6296,rising,0.03730184,0.02080622
6297,rising,0.05067897,0.107894234
6298,rising,0.045107342,0.016443724
6299,stable,0.052659668,0.016274894
6300,stable,0.048105314,0.016758665
6301,stable,0.069488965,0.1334341
6302,stable,0.069992475,0.13944317
6303,stable,0.048434988,0.021407288
6304,falling,0.040428415,0.008305688
6305,stable,0.05139915,0.018341703
6306,falling,0.046327334,0.035475522
6307,falling,0.03517423,0.010163977
6308,falling,0.037710447,0.009960351
6309,falling,0.03984668,0.018600678
6310,stable,0.04794251,0.03315482
6311,stable,0.04229785,0.006552717
6312,stable,0.0708966,0.121874414
6313,stable,0.064631976,0.113586366
6314,stable,0.07218004,0.10088543
6315,stable,0.05911337,0.122187994
6316,stable,0.047878813,0.05874147
6317,rising,0.050575834,0.013806362
6318,rising,0.055130534,0.015129622
6319,rising,0.06248783,0.015135289
6320,rising,0.053057373,0.06804136
6321,stable,0.043129567,0.018615304
6322,stable,0.053698488,0.039999694
6323,stable,0.0666326,0.087868534
6324,stable,0.0772548,0.02300926
6325,stable,0.029053954,0.00934745
6326,stable,0.049013373,0.046188965
6327,stable,0.03985921,0.004734976
6328,falling,0.07238603,0.11652251
6329,falling,0.041419126,0.011131297
6330,falling,0.047992487,0.02512562
6331,falling,0.042232532,0.009291688
6332,falling,0.056129213,0.08265736
6333,falling,0.04585931,0.027300203
6334,falling,0.046103727,0.010085417
6335,stable,0.051376782,0.017356394
6336,stable,0.09152387,0.1447314
6337,stable,0.07303258,0.14084116
6338,stable,0.07666232,0.121813424
6339,rising,0.052452017,0.011851026
6340,rising,0.038451362,0.01907994
6341,rising,0.03700733,0.0064322716
6342,rising,0.039787177,0.009157579
6343,rising,0.04279554,0.020779872
6344,rising,0.058352485,0.037376065
6345,rising,0.04082964,0.0093232775
6346,stable,0.041955486,0.0077981595
6347,stable,0.04336572,0.015145263
6348,stable,0.05123242,0.117379606
6349,stable,0.043691613,0.010760106
6350,stable,0.081768505,0.19661452
6351,stable,0.07363238,0.14789449
6352,stable,0.03251573,0.0090011945
6353,falling,0.045652322,0.06117835
6354,falling,0.03437364,0.034122862
6355,falling,0.039603613,0.0143761635
6356,falling,0.03648939,0.014472281
6357,falling,0.044735905,0.013432629
6358,stable,0.03729753,0.010348028
6359,stable,0.05634972,0.08339244
6360,stable,0.044690046,0.018405225
6361,stable,0.043540142,0.005897947
6362,stable,0.07588803,0.16518341
6363,rising,0.058746226,0.021385603
6364,rising,0.046506174,0.0043125763
6365,rising,0.05174823,0.035103932
6366,rising,0.058569953,0.012574442
6367,rising,0.06804328,0.016753605
6368,rising,0.07137268,0.013303208
6369,rising,0.0538555,0.024258653
6370,stable,0.058385912,0.006758667
6371,stable,0.07744274,0.13413098
6372,stable,0.0682446,0.10968639
6373,stable,0.051533833,0.008934475
6374,stable,0.07767196,0.09570821
6375,falling,0.052074537,0.0120545365
6376,stable,1.0912842,0.07781567
6377,falling,1.7040993,0.098752424
6378,falling,2.031266,0.15613386
6379,falling,2.2230556,0.12069412
6380,falling,2.3668258,0.22437471
6381,stable,2.2551353,0.11504686
6382,falling,2.3443587,0.2886123
6383,stable,2.4436183,0.13513316
6384,stable,2.3709362,0.085458174
6385,stable,2.3933122,0.098966576
6386,rising,2.218304,0.09612861
6387,stable,2.3704464,0.27199003
6388,spike,0.12540106,0.13336077
6389,spike,0.060215916,0.053469338
6390,spike,0.06268117,0.03631242
6391,spike,0.060396932,0.021209681
6392,spike,0.051417682,0.021752607
6393,spike,0.04389862,0.011167569
6394,spike,0.047168545,0.044983543
6395,spike,0.032000523,0.016716592
6396,spike,0.048420083,0.08679869
6397,spike,0.063093394,0.13700607
6398,spike,0.03848431,0.059253816
6399,falling,0.02604038,0.026579041
6400,falling,0.031412162,0.016018359
6401,falling,0.042188715,0.013762319
6402,falling,0.041938934,0.05072659
6403,falling,0.030904511,0.027390603
6404,falling,0.024915878,0.010961094
6405,falling,0.027858416,0.027332652
6406,falling,0.0319734,0.008875905
6407,stable,0.032617863,0.012222413
6408,stable,0.03150015,0.009588523
6409,stable,0.04137547,0.0066502416
6410,stable,0.051770214,0.009885497
6411,stable,0.050779425,0.0131178
6412,rising,0.057704184,0.05635426
6413,rising,0.037685405,0.01346301
6414,rising,0.04593981,0.022169258
6415,rising,0.05236658,0.01703954
6416,rising,0.05700038,0.015747583
6417,rising,1.4274812,0.044250377
6418,stable,2.0131216,0.09101012
6419,stable,2.3930745,0.11356748
6420,stable,2.5779731,0.1240827
6421,stable,2.58085,0.3806992
6422,stable,2.6170385,0.24888547
6423,stable,2.6742885,0.1786802
6424,falling,2.783997,0.19471432
6425,falling,2.8231995,0.19392349
6426,falling,2.7767873,0.2339759
6427,falling,2.940894,0.15262115
6428,falling,2.9932601,0.19834253
6429,spike,0.304819,0.3572653
6430,spike,0.15185021,0.22622067
6431,spike,0.123464,0.22013511
6432,spike,0.092072405,0.1660263
6433,spike,0.053212386,0.033814356
6434,spike,0.06356784,0.06961937
6435,spike,0.047503993,0.040593088
6436,spike,0.053825,0.030930435
6437,spike,0.026835898,0.007906239
6438,spike,0.025483655,0.008560828
6439,spike,0.031457227,0.012197244
6440,falling,0.04621859,0.009099018
6441,stable,0.069421306,0.04127457
6442,stable,0.064963736,0.021006519
6443,stable,0.08559639,0.03393908
6444,stable,0.0735592,0.020779083
6445,stable,0.072672114,0.024747886
6446,stable,0.07573103,0.08282984
6447,falling,0.06885469,0.020363536
6448,falling,0.07004004,0.019459922
6449,falling,0.049583104,0.0146407345
6450,falling,0.044954833,0.025428023
6451,falling,0.04208582,0.009796379
6452,stable,0.049786087,0.027995722
6453,stable,0.049362775,0.0311192
6454,stable,0.03507862,0.011054809
6455,stable,0.057760753,0.050032526
6456,stable,0.027526421,0.008734685
6457,stable,0.030974867,0.01854629
6458,stable,0.029683527,0.021260858
6459,rising,0.026379438,0.027029505
6460,rising,0.023557391,0.018173287
6461,rising,0.028201854,0.008343837
6462,rising,0.02610206,0.008150555
6463,rising,0.03724862,0.020207588
6464,rising,0.032261737,0.012385709
6465,rising,0.022371115,0.008529565
6466,stable,0.051760312,0.06437309
6467,stable,0.10265188,0.2266227
6468,stable,0.073899,0.15541239
6469,stable,0.04644861,0.08277563
6470,stable,0.0851128,0.14214611
6471,stable,0.053871755,0.017918916
6472,falling,0.07530411,0.025082855
6473,falling,0.09720429,0.041847818
6474,falling,0.089265175,0.027386356
6475,falling,0.08721151,0.0326166
6476,falling,0.07400009,0.026368529
6477,falling,0.07035221,0.018617956
6478,stable,0.07953139,0.0128453635
6479,stable,0.084880404,0.01763915
6480,stable,0.099974446,0.09484137
6481,stable,0.08726991,0.017664889
6482,stable,0.08767055,0.16928005
6483,stable,0.0402525,0.0050525637
6484,rising,0.04856857,0.013935983
6485,rising,0.043499414,0.0112432055
6486,rising,0.040284265,0.015429274
6487,rising,0.047243495,0.024483642
6488,rising,0.03022122,0.0074161654
6489,stable,0.059321344,0.027846554
6490,stable,0.07363496,0.041523315
6491,stable,0.0731094,0.06969545
6492,stable,0.07530138,0.075713485
6493,stable,0.08954944,0.11116964
6494,stable,0.06517274,0.11709803
6495,stable,0.06288511,0.09962001
6496,falling,0.05581772,0.016375035
6497,falling,0.057789233,0.02642404
6498,falling,0.061486434,0.021608392
6499,falling,0.043556992,0.01119829
6500,stable,0.048087727,0.019843588
6501,falling,0.021130601,0.015843539
6502,stable,0.017587854,0.005029259
6503,stable,0.02223103,0.0104426285
6504,stable,0.03679729,0.10985277
6505,stable,0.025209745,0.006460717
6506,stable,0.023669677,0.009479057
6507,stable,0.050705876,0.10032132
6508,rising,0.03172368,0.008977229
6509,rising,0.037653092,0.029017018
6510,rising,0.03587594,0.008628608
6511,rising,0.030831244,0.010393644
6512,rising,0.036107637,0.003990433
6513,rising,0.056485124,0.015238793
6514,stable,0.05661931,0.024099676
6515,stable,0.044193566,0.010212355
6516,stable,0.064118795,0.09320738
6517,stable,0.05524107,0.034846094
6518,stable,0.06340047,0.0829358
6519,stable,0.0657969,0.0619781
6520,falling,0.047248814,0.015642975
6521,falling,0.049320653,0.0064939056
6522,falling,0.05220673,0.011233082
6523,falling,0.050513424,0.0066127353
6524,falling,0.041047703,0.028386803
6525,stable,0.05426931,0.05926896
6526,falling,0.030829936,0.010182637
6527,stable,0.035085075,0.007990014
6528,stable,0.07901455,0.2324674
6529,stable,0.06771124,0.16200694
6530,stable,0.046620782,0.121827245
6531,stable,0.039097037,0.0850542
6532,rising,0.044472687,0.07355085
6533,rising,0.02742214,0.009305516
6534,rising,0.028833287,0.012710203
6535,rising,0.022209326,0.005934912
6536,rising,0.019665502,0.0071237017
6537,rising,0.031700496,0.019675562
6538,stable,0.03953047,0.043670345
6539,stable,0.039501052,0.0627908
6540,stable,0.049449433,0.05494669
6541,stable,0.056075793,0.074909694
6542,stable,0.047104783,0.07718143
6543,stable,0.04876134,0.013635046
6544,stable,0.048570376,0.06121432
6545,falling,0.03793163,0.019162826
6546,falling,0.02886252,0.0123335095
6547,falling,0.039187368,0.07131681
6548,falling,0.032630928,0.009339891
6549,falling,0.036873315,0.010554792
6550,stable,0.037071727,0.021425601
6551,stable,0.069958135,0.022553777
6552,stable,0.05705326,0.10633548
6553,stable,0.034188535,0.009729753
6554,stable,0.06315938,0.10166785
6555,stable,0.056023728,0.07958516
6556,rising,0.055748813,0.07447233
6557,rising,0.041291893,0.014199817
6558,rising,0.03880268,0.008248531
6559,rising,0.045311134,0.009869313
6560,rising,0.043863934,0.010671736
6561,rising,0.046026688,0.013642933
6562,stable,0.040011592,0.009062083
6563,stable,0.04605005,0.014132866
6564,stable,0.057875253,0.106860936
6565,stable,0.040308222,0.013127435
6566,stable,0.02914529,0.007484896
6567,stable,0.05495684,0.15114258
6568,falling,0.03171592,0.05152522
6569,falling,0.028936869,0.03086501
6570,falling,0.020010646,0.0036880425
6571,falling,0.023362862,0.0067145904
6572,falling,0.019119136,0.0067180595
6573,falling,0.022522422,0.011167526
6574,stable,0.025493706,0.017232938
6575,stable,0.035258904,0.011598142
6576,stable,0.019177109,0.024132619
6577,stable,0.052628204,0.19124097
6578,stable,0.0322457,0.08592265
6579,stable,0.015835213,0.005409821
6580,rising,0.024701944,0.065948874
6581,rising,0.014247607,0.005616355
6582,rising,0.015858319,0.009673122
6583,rising,0.019121762,0.014437113
6584,rising,0.018007573,0.008164202
6585,rising,0.02039872,0.023783743
6586,stable,0.009597351,0.0048319465
6587,stable,0.03019768,0.10158544
6588,stable,0.017443541,0.009269381
6589,stable,0.020855548,0.0084739765
6590,stable,0.023902692,0.009776592
6591,stable,0.0226454,0.00794972
6592,stable,0.035892677,0.0741468
6593,falling,0.030708198,0.012935788
6594,falling,0.036266353,0.017574305
6595,falling,0.033048816,0.014848778
6596,falling,0.037054252,0.019749543
6597,falling,0.04048673,0.027445987
6598,stable,0.0637428,0.09627085
6599,stable,0.033243526,0.009356069
6600,stable,0.03919901,0.0065026605
6601,stable,0.06253503,0.10864631
6602,stable,0.055493128,0.0058913054
6603,stable,0.109551236,0.18627736
6604,rising,0.087065324,0.06662575
6605,rising,0.09181091,0.07918403
6606,rising,0.07930442,0.023952054
6607,rising,0.10754558,0.17235157
6608,rising,0.086837314,0.016227463
6609,rising,0.07838133,0.015524919
6610,stable,0.08724231,0.06520284
6611,stable,0.07335684,0.01301494
6612,stable,0.10112589,0.1110508
6613,stable,0.07309044,0.043247327
6614,stable,0.11294396,0.15737064
6615,falling,0.053295776,0.02001442
6616,falling,0.04569304,0.05039031
6617,falling,0.03393364,0.0048853555
6618,falling,0.038858134,0.014120542
6619,falling,0.037336476,0.019857425
6620,falling,0.040800348,0.013163952
6621,falling,0.03895688,0.011157987
6622,falling,0.060376566,0.076507635
6623,stable,0.06258529,0.05732128
6624,stable,0.069786526,0.10901303
6625,stable,0.059775636,0.012675759
6626,stable,0.09955836,0.1228502
6627,rising,0.07264662,0.18016379
6628,rising,0.040928848,0.008406654
6629,rising,0.05202282,0.018275822
6630,rising,0.06056968,0.012226707
6631,rising,0.058954053,0.008889186
6632,rising,0.055819605,0.015273769
6633,rising,0.05412615,0.05929522
6634,stable,0.041706745,0.008364057
6635,stable,0.04052645,0.006982729
6636,stable,0.046680044,0.01466756
6637,stable,0.062275905,0.10475043
6638,stable,0.079527706,0.11475455
6639,stable,0.03215442,0.009684195
6640,falling,0.056484994,0.04007074
6641,falling,0.030704664,0.010022001
6642,falling,0.037540957,0.015272438
6643,falling,0.05494864,0.11605839
6644,falling,0.0659804,0.15264517
6645,falling,0.038691003,0.0068256105
6646,stable,0.0667314,0.09130882
6647,stable,0.0370007,0.0054644872
6648,stable,0.048613198,0.068036474
6649,stable,0.047859743,0.062045034
6650,stable,0.042099394,0.00779437
6651,stable,0.047381226,0.009306686
6652,rising,0.044563,0.00804166
6653,rising,0.043438997,0.007418216
6654,rising,0.039048877,0.00814361
6655,rising,0.044255134,0.024120374
6656,rising,0.03636292,0.01374192
6657,stable,0.033386387,0.012416784
6658,stable,0.03740917,0.05830945
6659,stable,0.03791616,0.012825792
6660,stable,0.065325856,0.14607786
6661,stable,0.07056855,0.14858893
6662,stable,0.06746303,0.0934946
6663,stable,0.0707609,0.1454532
6664,falling,0.05328936,0.05943317
6665,falling,0.050162785,0.04090583
6666,falling,0.051023655,0.012935108
6667,falling,0.051152665,0.007224772
6668,falling,0.0493096,0.0069514094
6669,falling,0.061017774,0.007514552
6670,stable,0.077628575,0.010353045
6671,stable,0.09811788,0.19897848
6672,stable,0.059912525,0.0074678245
6673,stable,0.062837556,0.025844537
6674,stable,0.08451995,0.110229656
6675,stable,0.054105446,0.008187191
6676,stable,0.07989903,0.12584372
6677,rising,0.06336283,0.013095314
6678,rising,0.05578418,0.009545625
6679,rising,0.05788454,0.019734012
6680,rising,0.052920155,0.013295636
6681,rising,0.053593505,0.010095183
6682,stable,0.043733157,0.017937293
6683,stable,0.05745856,0.06960925
6684,stable,0.0410734,0.006107959
6685,stable,0.06818387,0.13188383
6686,stable,0.0770077,0.11704716
6687,stable,0.036896296,0.010108202
6688,falling,0.034202956,0.00590258
6689,stable,0.03455978,0.0077500353
6690,falling,0.036450982,0.008382904
6691,falling,0.037545938,0.013469357
6692,falling,0.030424146,0.013263069
6693,falling,0.022482771,0.00462261
6694,stable,0.029060258,0.009938476
6695,stable,0.028618459,0.011250714
6696,stable,0.020797258,0.017020946
6697,stable,0.05952165,0.22148585
6698,stable,0.060327098,0.15206298
6699,stable,0.037118588,0.01792451
6700,stable,0.037211843,0.0432286
6701,rising,0.038713224,0.028927784
6702,rising,0.03447379,0.025798019
6703,rising,0.029410828,0.006045154
6704,rising,0.039676066,0.009147391
6705,stable,0.041158434,0.030981468
6706,stable,0.040112082,0.007882494
6707,stable,0.039399754,0.0066501005
6708,stable,0.041895073,0.006706827
6709,stable,0.049040772,0.014524823
6710,stable,0.073620215,0.016967868
6711,stable,0.043458536,0.009095571
6712,stable,0.06021194,0.050371606
6713,falling,0.049927484,0.025199762
6714,falling,0.048543453,0.011307348
6715,falling,0.07207228,0.079237916
6716,falling,0.077405624,0.015183049
6717,falling,0.07558758,0.06312846
6718,stable,0.06776139,0.061827615
6719,stable,0.09909454,0.14484982
6720,stable,0.06330906,0.010290099
6721,stable,0.07047116,0.011225519
6722,stable,0.09289594,0.14821646
6723,stable,0.07534936,0.016100774
6724,rising,0.073720686,0.025060523
6725,rising,0.06329492,0.01720509
6726,rising,0.061976742,0.01799118
6727,rising,0.070785426,0.022811636
6728,rising,0.092677146,0.021967493
6729,rising,0.09848805,0.07150206
6730,stable,0.12220701,0.11915611
6731,stable,0.10096097,0.10306021
6732,stable,0.13192335,0.12846771
6733,stable,0.12123017,0.17937672
6734,stable,0.08821734,0.09195742
6735,falling,0.08000714,0.14252466
6736,stable,0.09156975,0.019680379
6737,falling,0.09625367,0.0760853
6738,falling,0.06540876,0.023701089
6739,falling,0.04151251,0.012147294
6740,falling,0.043513205,0.008209263
6741,falling,0.059547283,0.12738575
6742,stable,0.050206643,0.07585743
6743,stable,0.039019477,0.01123525
6744,stable,0.036691863,0.0063802414
6745,stable,0.0700421,0.18488581
6746,stable,0.045253225,0.010810199
6747,stable,0.050579514,0.060227796
6748,rising,0.049386125,0.03528158
6749,rising,0.037372157,0.02149919
6750,rising,0.0380468,0.00917987
6751,rising,0.03480701,0.025588693
6752,rising,0.033182483,0.020793825
6753,rising,0.02810701,0.05400224
6754,stable,0.029712819,0.008217117
6755,stable,0.042571533,0.060498405
6756,stable,0.03206357,0.009841343
6757,stable,0.03967705,0.013111944
6758,stable,0.026967384,0.012888274
6759,stable,0.0364455,0.014960799
6760,falling,0.031360082,0.022980498
6761,falling,0.049639177,0.023508716
6762,falling,0.07750578,0.118452236
6763,falling,0.061751757,0.021811374
6764,falling,0.039680563,0.0138460575
6765,falling,0.041283976,0.015102719
6766,stable,0.028364314,0.006429974
6767,stable,0.05081117,0.0077326815
6768,stable,0.11558319,0.08823967
6769,stable,0.09234958,0.020399613
6770,stable,0.10853374,0.02221243
6771,stable,0.12283117,0.028158365
6772,stable,0.113503955,0.015554894
6773,rising,0.13166755,0.029624037
6774,rising,0.10752474,0.017267749
6775,rising,0.14297123,0.043341335
6776,rising,0.10963843,0.02859005
6777,rising,0.097132444,0.019883955
6778,stable,0.11694701,0.02984049
6779,stable,0.034166254,0.01689538
6780,stable,0.06603619,0.14971346
6781,stable,0.047213387,0.115358286
6782,stable,0.03391801,0.019703217
6783,stable,0.0491195,0.115630835
6784,falling,0.037922144,0.035573736
6785,falling,0.048667736,0.05300046
6786,falling,0.026027996,0.009613047
6787,falling,0.028599137,0.0104223285
6788,falling,0.059636552,0.020742096
6789,falling,0.095008574,0.016961847
6790,stable,0.090684325,0.02036212
6791,stable,0.11302646,0.07216124
6792,stable,0.1009345,0.014677216
6793,stable,0.12949096,0.07998864
6794,stable,0.10812072,0.09066125
6795,stable,0.10690355,0.061329752
6796,stable,0.08384432,0.011967488
6797,rising,0.0856035,0.014753614
6798,rising,0.09812203,0.014698342
6799,rising,0.09934427,0.01616733
6800,stable,0.08263388,0.038757868
6801,stable,0.083604,0.06551953
6802,stable,0.08578296,0.08395865
6803,stable,0.06903143,0.011740729
6804,stable,0.10883692,0.14059722
6805,stable,0.11211707,0.32136348
6806,stable,0.052860796,0.030202478
6807,stable,0.07045286,0.10592134
6808,falling,0.050794657,0.0094965715
6809,falling,0.072972946,0.035122063
6810,falling,0.07826683,0.025335785
6811,stable,0.098328106,0.045970127
6812,stable,0.072654225,0.016656253
6813,falling,0.06415646,0.02061229
6814,falling,0.03774369,0.011391529
6815,stable,0.08319998,0.06940649
6816,stable,0.046048954,0.014143498
6817,stable,0.061127353,0.10443527
6818,stable,0.058188263,0.09357637
6819,stable,0.03638118,0.019155508
6820,rising,0.055690955,0.033197798
6821,stable,0.065253794,0.029772522
6822,rising,0.06559245,0.03206873
6823,rising,0.046726488,0.018912885
6824,rising,0.0915773,0.16019744
6825,rising,0.069458626,0.07639903
6826,stable,0.05978757,0.015652316
6827,stable,0.07259509,0.13050479
6828,stable,0.07732019,0.022534417
6829,stable,0.08742024,0.18597685
6830,stable,0.046329234,0.034072727
6831,stable,0.083848685,0.15275146
6832,stable,0.07545709,0.09815309
6833,falling,0.059847172,0.08556511
6834,falling,0.05141477,0.030999904
6835,falling,0.05325471,0.01982472
6836,falling,0.053340487,0.025225526
6837,falling,0.04498466,0.025188291
6838,stable,0.05517828,0.029658087
6839,stable,0.05333292,0.022490155
6840,stable,0.093311615,0.12707219
6841,stable,0.07325504,0.07936423
6842,stable,0.07604734,0.07201221
6843,stable,0.06727508,0.025264578
6844,rising,0.05336549,0.017842062
6845,rising,0.061064605,0.024897482
6846,rising,0.06305543,0.022486668
6847,rising,0.060511418,0.02645944
6848,rising,0.050870247,0.037674095
6849,rising,0.06158892,0.018162237
6850,stable,0.05382733,0.08996268
6851,stable,0.037237607,0.010829708
6852,stable,0.05075268,0.048528034
6853,stable,0.049709752,0.054466043
6854,stable,0.06778084,0.09755152
6855,stable,0.07408657,0.12857305
6856,stable,0.06777434,0.07414133
6857,falling,0.051766787,0.020119736
6858,falling,0.05366494,0.009558623
6859,falling,0.04921059,0.010588079
6860,falling,0.0606368,0.015086192
6861,falling,0.06252483,0.013630492
6862,stable,0.08298007,0.046999954
6863,stable,0.06214791,0.013151693
6864,stable,0.06293221,0.028048158
6865,stable,0.084869295,0.12422439
6866,stable,0.09307177,0.088596284
6867,stable,0.055349663,0.021776557
6868,rising,0.03992212,0.012688864
6869,rising,0.06745323,0.119255744
6870,rising,0.05218294,0.03268957
6871,rising,0.08388836,0.0965299
6872,rising,0.053805683,0.02088586
6873,rising,0.076785184,0.06664842
6874,stable,0.054775286,0.09274196
6875,stable,0.054168068,0.11107137
6876,stable,0.087233715,0.14087826
6877,stable,0.07868629,0.1492024
6878,stable,0.0693888,0.11685135
6879,stable,0.077867046,0.17428493
6880,falling,0.0471689,0.019522337
6881,falling,0.040168565,0.019454962
6882,falling,0.06529796,0.023099009
6883,falling,0.050085705,0.018265279
6884,falling,0.06545084,0.031341016
6885,stable,0.044555303,0.016216733
6886,stable,0.041467242,0.014304163
6887,stable,0.07400828,0.05532659
6888,stable,0.04406568,0.073847406
6889,stable,0.05251921,0.13131797
6890,stable,0.04750312,0.089404784
6891,stable,0.06914863,0.12149473
6892,rising,0.051639155,0.016343283
6893,rising,0.04073526,0.016360862
6894,rising,0.0368378,0.02237487
6895,rising,0.040021192,0.019946301
6896,rising,0.03524763,0.012102319
6897,rising,0.06952637,0.124340184
6898,stable,0.039876226,0.019161088
6899,stable,0.057844702,0.117839076
6900,stable,0.042964205,0.05242779
6901,stable,0.07491123,0.17751803
6902,stable,0.054034766,0.017800424
6903,stable,0.06480445,0.098011665
6904,stable,0.05903556,0.04553914
6905,falling,0.04972341,0.0135649005
6906,falling,0.046813305,0.043534227
6907,falling,0.04075742,0.010169975
6908,falling,0.056299344,0.016795944
6909,falling,0.059039097,0.022617338
6910,falling,0.06299966,0.04711224
6911,stable,0.059092958,0.007939221
6912,stable,0.0778795,0.11246872
6913,stable,0.13811764,0.1366639
6914,stable,0.053268336,0.010829952
6915,stable,0.08678511,0.09068656
6916,rising,0.10526583,0.02494456
6917,rising,0.10501815,0.024720242
6918,rising,0.090264454,0.017974874
6919,rising,0.09918349,0.022710862
6920,rising,0.081750564,0.02127537
6921,rising,0.104486726,0.051800612
6922,rising,0.08779998,0.01847357
6923,stable,0.071274124,0.011006657
6924,stable,0.09747005,0.016707452
6925,stable,0.073862866,0.03186536
6926,stable,0.09453961,0.142088
6927,stable,0.107276425,0.10170382
6928,falling,0.098242536,0.11933176
6929,falling,0.065992564,0.03253297
6930,falling,0.062515326,0.016363665
6931,falling,0.075893156,0.051290262
6932,falling,0.04188764,0.01266701
6933,falling,0.08357585,0.033622958
6934,stable,0.045000456,0.01178294
6935,stable,0.053380594,0.056196094
6936,stable,0.036834445,0.019494735
6937,stable,0.039922297,0.028481267
6938,stable,0.051989507,0.02103996
6939,stable,0.06903811,0.0856449
6940,rising,0.057259727,0.042759735
6941,rising,0.06590666,0.04378182
6942,rising,0.046676733,0.020247532
6943,rising,0.05155958,0.018742176
6944,rising,0.06896071,0.035126302
6945,rising,0.061038736,0.026323656
6946,stable,0.059190337,0.020428747
6947,stable,0.0817615,0.021545637
6948,stable,0.10631629,0.028626129
6949,stable,0.063217044,0.018420534
6950,stable,0.074029185,0.084759034
6951,stable,0.114604935,0.23591705
6952,falling,0.067533925,0.016312312
6953,falling,0.05783132,0.050403886
6954,falling,0.032760646,0.011935666
6955,falling,0.03537416,0.0218999
6956,falling,0.039593775,0.016177092
6957,falling,0.0493658,0.016657818
6958,stable,0.059238438,0.023484858
6959,stable,0.027475538,0.009292274
6960,stable,0.028279813,0.013030824
6961,stable,0.052129887,0.1376469
6962,stable,0.029101482,0.012201887
6963,stable,0.024418319,0.0069113723
6964,rising,0.031431142,0.051133394
6965,rising,0.023788,0.010241586
6966,rising,0.025504714,0.008735129
6967,rising,0.02398122,0.0048564416
6968,rising,0.027059207,0.006201424
6969,rising,0.025229378,0.015820578
6970,rising,0.020622125,0.009523311
6971,stable,0.019557035,0.008427913
6972,stable,0.044476267,0.0896084
6973,stable,0.02389744,0.004936177
6974,stable,0.024364743,0.005042001
6975,stable,0.02002884,0.0042704353
6976,falling,0.025686553,0.016679216
6977,falling,0.02396994,0.005282853
6978,falling,0.028614832,0.012920493
6979,falling,0.026811723,0.0070763733
6980,falling,0.04350508,0.011329615
6981,falling,0.047875937,0.02465745
6982,stable,0.03830645,0.008516994
6983,stable,0.06835739,0.0247175
6984,stable,0.082400754,0.020607617
6985,stable,0.0795979,0.096344
6986,stable,0.089592814,0.11111395
6987,stable,0.0782876,0.09479349
6988,stable,0.05767598,0.010038307
6989,rising,0.05718256,0.027117081
6990,rising,0.049266808,0.012784895
6991,rising,0.06565756,0.07629453
6992,rising,0.04186603,0.009644559
6993,rising,0.041056585,0.007941388
6994,rising,0.06296889,0.064331174
6995,stable,0.058882665,0.07880025
6996,stable,0.05263998,0.019810557
6997,stable,0.04370849,0.0064803963
6998,stable,0.04445931,0.006074513
6999,stable,1.4005865,0.08127953
7000,falling,1.9991888,0.09739449
7001,falling,2.3357968,0.09956889
7002,falling,2.426482,0.18683377
7003,falling,2.4947646,0.11369552
7004,falling,2.5236726,0.19849214
7005,falling,2.5998638,0.20327859
7006,stable,2.514705,0.44786954
7007,stable,2.37159,0.13719635
7008,stable,2.7128565,0.62982136
7009,stable,2.1745276,0.07245314
7010,stable,2.5501943,0.13802148
7011,spike,0.1177622,0.31525433
7012,spike,0.07404801,0.09187668
7013,spike,0.07037413,0.03717606
7014,spike,0.07407264,0.021401975
7015,spike,0.078494444,0.025738226
7016,spike,0.129153,0.066743985
7017,spike,0.13809408,0.08789584
7018,spike,0.1308112,0.10771793
7019,spike,0.113850355,0.11138245
7020,spike,0.07051632,0.07155752
7021,spike,0.050615214,0.011562544
7022,falling,0.050067373,0.015631098
7023,falling,0.04866983,0.014775612
7024,falling,0.09032747,0.19094515
7025,falling,0.06419867,0.11965902
7026,falling,0.044129293,0.02525092
7027,falling,0.042385336,0.014603664
7028,falling,0.037133444,0.014882483
7029,falling,0.04210253,0.017857755
7030,stable,0.036983114,0.016008846
7031,stable,0.046232753,0.08544801
7032,stable,0.035521165,0.08653764
7033,stable,0.031501293,0.049682446
7034,stable,0.026711578,0.0074039483
7035,stable,0.03568006,0.035777185
7036,rising,0.03591044,0.042289905
7037,rising,0.037147343,0.019139241
7038,rising,0.034874603,0.021904197
7039,rising,0.036214076,0.016925145
7040,rising,0.033418044,0.011708907
7041,rising,0.041894447,0.009474246
7042,stable,0.041673496,0.0080573
7043,stable,0.03726928,0.010279136
7044,stable,0.043119244,0.030971924
7045,stable,0.04529188,0.06446456
7046,stable,0.029463552,0.006569162
7047,stable,0.034982476,0.038353205
7048,falling,0.06144034,0.15688846
7049,falling,0.020782093,0.0072690984
7050,falling,0.023513908,0.008039801
7051,falling,0.0271999,0.011436964
7052,falling,0.0327026,0.040649194
7053,stable,0.03637569,0.04546585
7054,stable,0.030149734,0.04216397
7055,stable,0.025172232,0.0051986594
7056,stable,0.048973665,0.105819695
7057,stable,0.03920831,0.08600492
7058,stable,0.028837224,0.00708524
7059,stable,0.04309613,0.08535457
7060,rising,0.036871415,0.044790253
7061,rising,0.030407064,0.007855855
7062,rising,0.033240728,0.029058311
7063,rising,0.04177753,0.027774835
7064,rising,0.045949157,0.04933849
7065,rising,0.04198342,0.013226926
7066,stable,0.037094776,0.013794319
7067,stable,0.041485664,0.08295202
7068,stable,0.093754806,0.37467352
7069,stable,0.027864615,0.01903554
7070,stable,0.021826632,0.006210993
7071,stable,0.037213884,0.07368663
7072,falling,0.023692133,0.010435154
7073,falling,0.02595355,0.012566772
7074,falling,0.022355169,0.009608191
7075,falling,0.01131324,0.004696033
7076,falling,0.03761943,0.02256861
7077,falling,0.03695841,0.010066906
7078,stable,0.055267,0.051564563
7079,stable,0.07596049,0.015211104
7080,stable,0.08664792,0.12283622
7081,stable,0.06263702,0.007144328
7082,stable,0.1039354,0.19009103
7083,rising,0.06793804,0.011740673
7084,rising,0.09522557,0.06690281
7085,rising,0.08227758,0.015791513
7086,rising,0.081619434,0.02294466
7087,rising,0.097210415,0.021773892
7088,rising,0.05809171,0.009227742
7089,rising,0.08383445,0.021400208
7090,stable,0.07921497,0.012087
7091,rising,0.074687265,0.10640177
7092,stable,0.05894594,0.099895865
7093,stable,0.06369001,0.05736941
7094,stable,0.048639264,0.024116514
7095,stable,0.051732,0.015700962
7096,stable,0.045695398,0.033106267
7097,falling,0.05100577,0.03436358
7098,falling,0.060365874,0.023374924
7099,falling,0.03710405,0.01909084
7100,falling,0.039001103,0.02362829
7101,stable,0.021501752,0.017256545
7102,falling,0.020773683,0.005264363
7103,stable,0.031524025,0.012018474
7104,stable,0.039914273,0.1106566
7105,stable,0.025687356,0.042417657
7106,stable,0.050413955,0.151671
7107,stable,0.030574914,0.047332052
7108,rising,0.030017622,0.06860048
7109,rising,0.02380842,0.013363738
7110,rising,0.02964142,0.0058837673
7111,rising,0.059382446,0.15729657
7112,rising,0.040129367,0.014016224
7113,rising,0.03379283,0.032297153
7114,stable,0.027610434,0.0061801528
7115,stable,0.036162034,0.0074198893
7116,stable,0.054671276,0.09590355
7117,stable,0.04335434,0.011428669
7118,stable,0.03897349,0.02365274
7119,stable,0.051782694,0.08314731
7120,falling,0.03604642,0.01920385
7121,falling,0.033087943,0.0091747055
7122,falling,0.025947843,0.021406086
7123,falling,0.020411575,0.0074312664
7124,falling,0.021976082,0.019788902
7125,falling,0.02732756,0.043298338
7126,stable,0.024142347,0.025733806
7127,stable,0.01376731,0.009762314
7128,stable,0.015633933,0.00877862
7129,stable,0.0125116585,0.0045214966
7130,stable,0.028710099,0.08290258
7131,stable,0.013300443,0.00895364
7132,rising,0.014363151,0.0075358725
7133,rising,0.02535355,0.041744653
7134,rising,0.02055891,0.0066812723
7135,rising,0.0230616,0.010192539
7136,rising,0.02802112,0.02137032
7137,rising,0.026284706,0.0053067408
7138,stable,0.028918395,0.01614743
7139,stable,0.040665526,0.06900939
7140,stable,0.032154527,0.01758502
7141,stable,0.042621177,0.091161504
7142,stable,0.026720311,0.008449354
7143,stable,0.030243598,0.010559222
7144,falling,0.030764496,0.009597547
7145,falling,0.026749704,0.020659799
7146,falling,0.02238119,0.0074950834
7147,falling,0.03087817,0.010272816
7148,falling,0.0315994,0.037680913
7149,falling,0.024401776,0.004661916
7150,stable,0.024692021,0.0047842553
7151,stable,0.06171928,0.17474179
7152,stable,0.019719902,0.006175981
7153,stable,0.037038084,0.09278687
7154,stable,0.019337002,0.0070009995
7155,rising,0.039579965,0.11928389
7156,rising,0.020652723,0.004811995
7157,rising,0.028117795,0.0069680437
7158,rising,0.031036464,0.0145440195
7159,rising,0.02017338,0.013977795
7160,rising,0.017686615,0.005586967
7161,rising,0.019196011,0.004581714
7162,rising,0.019361006,0.006605672
7163,stable,0.034730755,0.08825155
7164,stable,0.036255058,0.078107536
7165,stable,0.026053768,0.017227735
7166,stable,0.01716618,0.0072259395
7167,stable,0.03213304,0.07017459
7168,falling,0.021184111,0.006488529
7169,falling,0.02546375,0.022270257
7170,falling,0.023217738,0.0065542157
7171,falling,0.025276782,0.0080696
7172,falling,0.033008557,0.008104397
7173,falling,0.03774388,0.046644207
7174,stable,0.027108729,0.008077997
7175,stable,0.05259449,0.119301595
7176,stable,0.069916196,0.17743169
7177,stable,0.054306183,0.015204684
7178,stable,0.055846833,0.014073264
7179,stable,0.07388533,0.015665492
7180,rising,0.062451202,0.021788798
7181,rising,0.09589951,0.030784793
7182,rising,0.06459172,0.033305854
7183,rising,0.07931559,0.020447817
7184,rising,0.087093264,0.023551187
7185,rising,0.10586901,0.02776146
7186,stable,0.10266216,0.019637436
7187,stable,0.070786424,0.014908846
7188,stable,0.0672551,0.089279346
7189,stable,0.07125709,0.11443917
7190,stable,0.07072321,0.09676997
7191,stable,0.05938572,0.051644918
7192,falling,0.04494455,0.04798843
7193,falling,0.039487846,0.0142164845
7194,falling,0.029400593,0.00980316
7195,falling,0.03210125,0.007821465
7196,falling,0.04137891,0.07122135
7197,falling,0.047594298,0.01010878
7198,stable,0.030964216,0.0106096035
7199,stable,0.08297811,0.16701353
7200,stable,0.03581147,0.016500881
7201,stable,0.0687829,0.16031934
7202,stable,0.07145894,0.18532169
7203,stable,0.045082804,0.009007342
7204,stable,0.051476803,0.074973054
7205,rising,0.040217265,0.011138096
7206,rising,0.036284503,0.010872705
7207,rising,0.039482765,0.010360086
7208,rising,0.049145028,0.013432569
7209,rising,0.057847127,0.024370067
7210,stable,0.088916056,0.02468368
7211,stable,0.075157315,0.07541579
7212,stable,0.10126338,0.05777467
7213,stable,0.06630418,0.03209316
7214,stable,0.055745758,0.039992332
7215,stable,0.059002362,0.043962035
7216,falling,0.051370315,0.016282324
7217,falling,0.06513076,0.01889547
7218,falling,0.056203242,0.015378557
7219,falling,0.05075623,0.010276441
7220,falling,1.9885516,0.08245956
7221,stable,2.7332506,0.23071069
7222,stable,3.1646628,0.13638954
7223,stable,3.4371743,0.1988871
7224,stable,3.649514,0.3101189
7225,stable,3.551395,0.12770042
7226,stable,3.6026404,0.17856783
7227,stable,3.6689985,0.16527043
7228,rising,3.7481399,0.47559103
7229,rising,3.6130242,0.31149915
7230,rising,3.728231,0.25577453
7231,rising,3.761804,0.113580436
7232,spike,0.24772596,0.18306704
7233,spike,0.11539786,0.08933097
7234,spike,0.075966224,0.036218427
7235,spike,0.07925999,0.14113773
7236,spike,0.05021021,0.045881003
7237,spike,0.0710207,0.103267446
7238,spike,0.08553536,0.10159842
7239,spike,0.057281256,0.09561139
7240,spike,0.04870292,0.08444874
7241,spike,0.0408902,0.044102184
7242,spike,0.023287784,0.00798426
7243,spike,0.03039961,0.024335206
7244,falling,0.013267918,0.008930275
7245,falling,0.014320005,0.009821914
7246,falling,0.022620047,0.033861723
7247,falling,0.023154778,0.06852977
7248,stable,0.02315956,0.019190557
7249,stable,0.027162062,0.014398998
7250,stable,0.02770563,0.015929958
7251,stable,0.025129464,0.015869567
7252,rising,0.035136767,0.025007045
7253,rising,0.028364485,0.011452729
7254,rising,0.028042354,0.012777384
7255,rising,0.040031917,0.018184254
7256,rising,0.048581164,0.032024838
7257,rising,0.038940527,0.013960121
7258,stable,0.046429757,0.090828456
7259,stable,0.05986577,0.1212304
7260,stable,0.031467833,0.020483827
7261,stable,0.07362016,0.11442324
7262,stable,0.056182403,0.020383835
7263,stable,0.07413898,0.025896525
7264,stable,0.06634183,0.022807159
7265,falling,0.054415766,0.0174155
7266,falling,0.059646964,0.02975538
7267,falling,0.05689321,0.01134819
7268,falling,0.06057494,0.0130513385
7269,falling,0.05575317,0.010631827
7270,stable,0.063311405,0.01145614
7271,stable,0.07799684,0.11235368
7272,stable,0.10443023,0.10454163
7273,stable,0.110265784,0.1481388
7274,stable,0.07379215,0.017322829
7275,stable,0.080678836,0.089890845
7276,rising,0.08190574,0.027744576
7277,rising,0.07506081,0.019906294
7278,rising,0.0703744,0.021466961
7279,rising,0.08087696,0.12600206
7280,rising,0.061279047,0.021689398
7281,rising,0.06280736,0.036953397
7282,rising,0.052638665,0.048045646
7283,stable,0.055918284,0.056321755
7284,stable,0.06801701,0.14077045
7285,stable,0.06308847,0.10713228
7286,stable,0.05684793,0.032470874
7287,stable,0.04718476,0.011841034
7288,falling,0.045317903,0.020545732
7289,falling,0.040764697,0.01576361
7290,falling,0.03625786,0.013374806
7291,falling,0.0488128,0.0165547
7292,falling,0.0472572,0.023779074
7293,falling,0.050605305,0.028575689
7294,stable,0.040561713,0.0076763704
7295,stable,0.07476417,0.19217823
7296,stable,0.039205093,0.005220444
7297,stable,0.07201089,0.16702487
7298,stable,0.09226158,0.115782596
7299,stable,0.0340757,0.007711626
7300,stable,0.048762076,0.009066446
7301,rising,0.04320033,0.014445061
7302,rising,0.037264533,0.011129151
7303,rising,0.041558847,0.015014407
7304,rising,0.04666854,0.023047917
7305,stable,0.03735394,0.032841712
7306,stable,0.03532087,0.01184066
7307,stable,0.036909442,0.06302359
7308,stable,0.019528192,0.0055987015
7309,stable,0.051765405,0.12146865
7310,stable,0.037452903,0.013307198
7311,stable,0.054506123,0.06838905
7312,falling,0.025186058,0.016289735
7313,falling,0.029262448,0.014728713
7314,falling,0.03056104,0.012569837
7315,falling,0.03459492,0.017543966
7316,stable,0.032794796,0.017547993
7317,falling,0.026295591,0.01058157
7318,stable,0.034379914,0.011967017
7319,stable,0.034735467,0.00941283
7320,stable,0.06456861,0.17651841
7321,stable,0.05793279,0.14799856
7322,stable,0.029008515,0.010114937
7323,stable,0.03277155,0.013232992
7324,rising,0.050275847,0.104302436
7325,rising,0.029571626,0.015908182
7326,rising,0.028557466,0.026066054
7327,rising,0.025970882,0.009948252
7328,rising,0.022322131,0.005373231
7329,rising,0.02255286,0.006035545
7330,stable,0.020665562,0.008076828
7331,stable,0.046467207,0.08435901
7332,stable,0.053048693,0.13224585
7333,stable,0.040923335,0.016188677
7334,stable,0.05819132,0.08440549
7335,stable,0.049285438,0.05496028
7336,falling,0.04701464,0.025391635
7337,falling,0.03925257,0.014226958
7338,falling,0.040258802,0.01576355
7339,falling,0.076208405,0.089288786
7340,falling,0.07115521,0.10624819
7341,falling,0.032889895,0.013188456
7342,stable,0.042325806,0.014348899
7343,stable,0.07643203,0.26307297
7344,stable,0.051743448,0.116768904
7345,stable,0.074845076,0.1328303
7346,stable,0.077588096,0.12871133
7347,stable,0.07502583,0.08329301
7348,rising,0.05819649,0.006290442
7349,rising,0.08281004,0.008819059
7350,rising,0.08273299,0.012760616
7351,rising,0.0820383,0.012854284
7352,rising,0.081183225,0.014809763
7353,rising,0.07844541,0.00890379
7354,rising,0.106180824,0.05948966
7355,stable,0.08020912,0.011401969
7356,stable,0.089839906,0.023928814
7357,stable,0.14888248,0.18000434
7358,stable,0.07023838,0.024201514
7359,falling,0.06515412,0.09777453
7360,falling,0.060352843,0.07871884
7361,falling,0.044325773,0.015961481
7362,falling,0.04008482,0.016342552
7363,falling,0.047734085,0.020116627
7364,falling,0.036665943,0.010992625
7365,falling,0.044797666,0.05549699
7366,stable,0.061379664,0.021888709
7367,stable,0.019593583,0.0058763823
7368,stable,0.0176532,0.0056253923
7369,stable,0.03579239,0.0992056
7370,stable,0.022579439,0.00716849
7371,stable,0.037129525,0.07259906
7372,rising,0.03353491,0.010002218
7373,rising,0.032500204,0.029746603
7374,rising,0.026413029,0.0064374846
7375,rising,0.03034735,0.0072186454
7376,rising,0.046658657,0.012783595
7377,rising,0.04900118,0.008057538
7378,stable,0.069381475,0.045187272
7379,stable,0.03894003,0.00618853
7380,stable,0.04187573,0.005502329
7381,stable,0.04817873,0.0077655674
7382,stable,0.0458597,0.01344864
7383,stable,0.050175056,0.010178593
7384,falling,0.040626004,0.008323962
7385,falling,0.04469537,0.025508096
7386,falling,0.039727453,0.0065466478
7387,falling,0.035371106,0.0058128694
7388,falling,0.039545137,0.007996996
7389,stable,0.060095165,0.17370121
7390,stable,0.031252936,0.010326565
7391,stable,0.04289717,0.0052481974
7392,stable,0.09327469,0.26706186
7393,stable,0.09455315,0.24471915
7394,stable,0.055390537,0.010813604
7395,stable,0.045129776,0.008785314
7396,stable,0.057474066,0.017740263
7397,rising,0.05778308,0.014943504
7398,rising,0.06482317,0.016025163
7399,rising,0.06069996,0.018605504
7400,rising,0.057682328,0.029926496
7401,rising,0.05729821,0.05029838
7402,stable,0.042344604,0.012679981
7403,stable,0.03295117,0.016477993
7404,stable,0.027942361,0.0066889287
7405,stable,0.060786236,0.14182784
7406,stable,0.028426524,0.018065413
7407,stable,0.024850393,0.0123707075
7408,falling,0.038992543,0.05797248
7409,falling,0.02613128,0.013212013
7410,falling,0.016824247,0.006864323
7411,falling,0.014898117,0.007970442
7412,falling,0.014592835,0.0069964053
7413,falling,0.020106044,0.0072998614
7414,stable,0.023831302,0.013162699
7415,stable,0.033390522,0.011528453
7416,stable,0.01677433,0.0050281654
7417,stable,0.03270551,0.054249316
7418,stable,0.01953447,0.005683329
7419,stable,0.045155246,0.009149492
7420,rising,0.056377232,0.05912666
7421,rising,0.050577115,0.024904711
7422,rising,0.0465043,0.013018062
7423,rising,0.04552452,0.016493069
7424,rising,0.07765306,0.018070882
7425,rising,0.0952088,0.08224725
7426,stable,0.080324054,0.0136969155
7427,stable,0.097664505,0.019722508
7428,stable,0.080333404,0.015482589
7429,stable,0.05843635,0.016735822
7430,stable,0.103466496,0.1801367
7431,falling,0.07890925,0.104693405
7432,falling,0.07186674,0.020227734
7433,falling,0.10040809,0.031168722
7434,falling,0.096604064,0.031122532
7435,falling,0.11166007,0.032144014
7436,falling,0.060793772,0.09562149
7437,falling,0.05362292,0.05018872
7438,stable,0.043828007,0.015223484
7439,stable,0.051549394,0.045738023
7440,stable,0.053330068,0.012386083
7441,stable,0.0445009,0.010518372
7442,stable,0.058167886,0.011550892
7443,stable,0.075029746,0.111035205
7444,stable,0.055721458,0.014243651
7445,rising,0.05819558,0.017509116
7446,rising,0.04665414,0.019389879
7447,rising,0.056312952,0.035857283
7448,rising,0.05653566,0.019640181
7449,rising,0.052650273,0.027273439
7450,stable,0.07546971,0.10410172
7451,stable,0.07687512,0.15484576
7452,stable,0.065800406,0.033110794
7453,stable,0.107589886,0.18112831
7454,stable,0.07630799,0.21058412
7455,stable,0.047778357,0.09497156
7456,falling,0.046289407,0.017880626
7457,falling,0.070439674,0.05266321
7458,falling,0.049492612,0.021766013
7459,falling,0.02674214,0.0115807755
7460,falling,0.028732229,0.023395313
7461,falling,0.044469103,0.022196595
7462,stable,0.059200246,0.07416666
7463,stable,0.074431285,0.15820384
7464,stable,0.06894587,0.112890474
7465,stable,0.039541263,0.012141725
7466,stable,0.057589192,0.079217106
7467,stable,0.05596415,0.06277453
7468,rising,0.04069974,0.0046647904
7469,rising,0.04346738,0.00926436
7470,rising,0.04301097,0.010672819
7471,rising,0.045315266,0.005844708
7472,rising,0.051119056,0.036223754
7473,stable,0.06412666,0.04355531
7474,stable,0.03419358,0.008271138
7475,stable,0.033913985,0.005044472
7476,stable,0.03230111,0.0044109575
7477,stable,0.08085553,0.13650253
7478,stable,0.067402735,0.111310005
7479,stable,0.05497773,0.0059982077
7480,falling,0.059828877,0.010416446
7481,falling,0.07373268,0.034042895
7482,falling,0.08217121,0.015758768
7483,falling,0.06609171,0.01584238
7484,falling,0.06444593,0.014124031
7485,falling,0.06770657,0.062279575
7486,stable,0.08614229,0.044997852
7487,stable,0.08114174,0.07043487
7488,stable,0.08827012,0.08128434
7489,stable,0.121307604,0.11751958
7490,stable,0.039848268,0.013536683
7491,stable,0.04800437,0.07341079
7492,rising,0.045082584,0.02589795
7493,stable,0.036688305,0.020097677
7494,rising,0.04578658,0.084678136
7495,rising,0.027658092,0.012051001
7496,rising,0.023168486,0.015013345
7497,stable,0.022081591,0.029623142
7498,stable,0.023269767,0.011320703
7499,stable,0.015581805,0.0070979353
7500,stable,0.024354279,0.030610189
7501,stable,0.030121766,0.022915525
7502,stable,0.031033808,0.011587728
7503,stable,0.044797603,0.1015896
7504,stable,0.054205053,0.09252699
7505,falling,0.044130113,0.019602878
7506,falling,0.077054195,0.022042366
7507,falling,0.11417986,0.032941915
7508,falling,0.0934104,0.026837727
7509,falling,0.06235931,0.023069534
7510,stable,0.06942062,0.02495187
7511,stable,0.11540535,0.07553887
7512,stable,0.120634295,0.053513978
7513,stable,0.11767159,0.033657443
7514,stable,0.115940146,0.09504278
7515,stable,0.09895384,0.026854126
7516,rising,0.11549527,0.026419606
7517,rising,0.11038975,0.030988278
7518,rising,0.08835571,0.023220627
7519,rising,0.07152995,0.016638277
7520,rising,0.08990169,0.046856087
7521,rising,0.10291065,0.059513565
7522,stable,0.0650979,0.015122844
7523,stable,0.059013102,0.12241503
7524,stable,0.056453858,0.016338686
7525,stable,0.0660343,0.13317098
7526,stable,0.07097987,0.15288295
7527,stable,0.040389147,0.02426203
7528,falling,0.053685952,0.06663363
7529,falling,0.057434473,0.029125124
7530,falling,0.061713144,0.026081242
7531,falling,0.08221336,0.024681315
7532,falling,0.060921468,0.022681754
7533,falling,0.07010849,0.028522784
7534,stable,0.07986256,0.01846055
7535,stable,0.10290767,0.102106825
7536,stable,0.07725532,0.0366944
7537,stable,0.075404055,0.020116586
7538,stable,0.08927958,0.027240092
7539,stable,0.075995594,0.020444203
7540,rising,0.05466601,0.057770904
7541,rising,0.045847796,0.036108144
7542,rising,0.09981256,0.027172947
7543,rising,0.06314176,0.028782617
7544,rising,0.09410519,0.03502502
7545,rising,0.075245924,0.016230704
7546,stable,0.060852837,0.027468113
7547,stable,0.092613816,0.16081178
7548,stable,0.059537888,0.049446646
7549,stable,0.085715614,0.13811058
7550,stable,0.083302155,0.15406498
7551,stable,0.04828703,0.021010699
7552,stable,0.07410172,0.06655578
7553,falling,0.049027074,0.015876133
7554,falling,0.034885693,0.0283699
7555,falling,0.05032673,0.016805353
7556,falling,0.04890677,0.018103926
7557,falling,0.0474061,0.020612761
7558,stable,0.046332583,0.01136361
7559,stable,0.053824555,0.0727469
7560,stable,0.047140416,0.028625717
7561,stable,0.06241146,0.0651961
7562,stable,0.05732436,0.1274112
7563,stable,0.035818357,0.013161445
7564,rising,0.03173363,0.006766188
7565,rising,0.04888875,0.02050956
7566,rising,0.038245812,0.030528037
7567,rising,0.029912667,0.018528022
7568,rising,0.044998523,0.022965407
7569,rising,0.06712373,0.066367
7570,stable,0.048448466,0.014383859
7571,stable,0.039632723,0.013245542
7572,stable,0.07685463,0.014802884
7573,stable,0.081358634,0.051308855
7574,stable,0.101383924,0.15615836
7575,stable,0.07801641,0.093283094
7576,falling,0.06425533,0.016668366
7577,falling,0.064724326,0.06459476
7578,falling,0.057768915,0.033960644
7579,falling,0.06333562,0.027357642
7580,falling,0.03790967,0.011023653
7581,falling,0.044116866,0.033161722
7582,stable,0.048161313,0.08572059
7583,stable,0.06262294,0.071637504
7584,stable,0.070642285,0.039877076
7585,stable,0.047855757,0.016134722
7586,stable,0.067937545,0.14385061
7587,stable,0.07817285,0.057668917
7588,rising,0.08600333,0.03909139
7589,rising,0.07896732,0.022679936
7590,rising,0.094500765,0.031065963
7591,rising,0.11555386,0.030950127
7592,rising,0.1507931,0.1116398
7593,rising,0.124836475,0.06894238
7594,stable,0.1430077,0.09982033
7595,stable,0.0986068,0.03873346
7596,stable,0.09020786,0.02818198
7597,stable,0.10537922,0.018265137
7598,stable,0.11973501,0.01894723
7599,falling,0.09049679,0.03404727
7600,falling,0.10261175,0.023689182
7601,falling,0.103601046,0.044428512
7602,falling,0.06226259,0.017684566
7603,falling,0.03555421,0.038675874
7604,falling,0.025114132,0.012442574
7605,falling,0.027612219,0.012002597
7606,stable,0.030081244,0.011771298
7607,stable,0.046817042,0.060889393
7608,stable,0.02365964,0.007144528
7609,stable,0.039590094,0.08769392
7610,stable,0.05567613,0.14186628
7611,stable,0.046432424,0.09042837
7612,rising,0.033094317,0.008285579
7613,rising,0.033078037,0.0075225094
7614,rising,0.032810844,0.011556428
7615,rising,0.029584695,0.009653104
7616,rising,0.036681775,0.011755382
7617,rising,0.038074303,0.012714218
7618,stable,0.0411239,0.012130652
7619,stable,0.06657269,0.087292865
7620,stable,0.057087418,0.013621314
7621,stable,0.056191962,0.13523917
7622,stable,0.06034023,0.13936135
7623,stable,0.06770728,0.1657823
7624,stable,0.10716805,0.3174028
7625,falling,0.056824602,0.020195631
7626,falling,0.05780179,0.050153885
7627,falling,0.051917236,0.017915683
7628,falling,0.042632144,0.021501556
7629,falling,0.041109204,0.01309364
7630,stable,0.047416285,0.02991254
7631,stable,0.051214118,0.051887035
7632,stable,0.0609351,0.08484187
7633,stable,0.06208008,0.022045603
7634,stable,0.068656445,0.06985415
7635,stable,0.067361645,0.06573646
7636,stable,0.045608543,0.020199148
7637,rising,0.045570746,0.0336521
7638,rising,0.04565731,0.035240818
7639,rising,0.05825321,0.020052297
7640,rising,0.053263422,0.02714982
7641,rising,0.055462725,0.11264908
7642,stable,0.04075982,0.10258104
7643,stable,0.05903318,0.03246251
7644,stable,0.06589197,0.11968943
7645,stable,0.0677295,0.05265023
7646,stable,0.041839194,0.009949683
7647,stable,0.061172243,0.08968405
7648,stable,0.04697603,0.010046216
7649,falling,0.041972857,0.008352174
7650,falling,0.04938879,0.016020788
7651,falling,0.049657695,0.012525012
7652,falling,0.05226905,0.011900878
7653,falling,0.04591305,0.013565469
7654,stable,0.06170159,0.050928198
7655,stable,0.058483515,0.02826229
7656,stable,0.072771356,0.12152206
7657,stable,0.074751206,0.10246998
7658,stable,0.06005729,0.013392941
7659,stable,0.080819815,0.065427676
7660,rising,0.060375355,0.016388701
7661,rising,0.07490991,0.031341456
7662,rising,0.06411554,0.018804686
7663,rising,0.06322435,0.015285618
7664,rising,0.12588033,0.08126936
7665,rising,0.13966218,0.0799261
7666,rising,0.08321381,0.016540783
7667,stable,0.07073312,0.01530744
7668,stable,0.06772138,0.01884162
7669,stable,0.07744885,0.018045485
7670,stable,0.07578147,0.042853374
7671,stable,0.061108485,0.016995627
7672,falling,0.07193721,0.13137889
7673,falling,0.04254454,0.0069623683
7674,falling,0.051452257,0.023074934
7675,falling,0.048915472,0.010590667
7676,falling,0.040734906,0.01069706
7677,falling,0.040243093,0.005779868
7678,stable,0.043957274,0.017392032
7679,stable,0.04779382,0.073004976
7680,stable,0.067352094,0.10314722
7681,stable,0.037782293,0.011208754
7682,stable,0.052556947,0.119016044
7683,stable,0.06072842,0.100521356
7684,rising,0.038952466,0.0062577184
7685,rising,0.06756452,0.039341513
7686,rising,0.06445618,0.014947452
7687,rising,0.085060686,0.01910526
7688,rising,0.07644044,0.110577725
7689,rising,0.08168736,0.02530848
7690,stable,0.09194748,0.1386679
7691,stable,0.14345081,0.38702878
7692,stable,0.07529862,0.0188638
7693,stable,0.08354593,0.019480279
7694,stable,0.10417514,0.14213794
7695,falling,0.080117464,0.02459462
7696,stable,0.06311286,0.016531525
7697,falling,0.046666976,0.021948222
7698,falling,0.044928245,0.0154762585
7699,falling,0.050966397,0.057973277
7700,falling,0.053878617,0.01720212
7701,falling,0.04471239,0.021142447
7702,stable,0.035188068,0.0063573094
7703,stable,0.0446894,0.06009201
7704,stable,0.03119009,0.006227637
7705,stable,0.061627693,0.12934496
7706,stable,0.049320705,0.1175533
7707,stable,0.047957085,0.08141162
7708,rising,0.03302552,0.0062082703
7709,rising,0.036056716,0.018632062
7710,rising,0.03283027,0.014364539
7711,rising,0.032906804,0.007942293
7712,rising,0.039997686,0.03110225
7713,rising,0.03025666,0.007302005
7714,stable,0.032363497,0.011150489
7715,stable,0.031718858,0.019185374
7716,stable,0.032709714,0.009970277
7717,stable,0.059210945,0.018273372
7718,stable,0.052555036,0.028210048
7719,stable,0.065551944,0.08854368
7720,falling,0.04016337,0.029458076
7721,falling,0.046485305,0.05772249
7722,falling,0.041828956,0.011384538
7723,falling,0.06540041,0.15853177
7724,falling,0.03636488,0.010061433
7725,falling,0.043057434,0.02467806
7726,stable,0.059252344,0.013025765
7727,stable,0.047919907,0.008854484
7728,stable,0.051353794,0.01313906
7729,stable,0.07749925,0.14867498
7730,stable,0.04474461,0.1042752
7731,rising,0.04069557,0.08838787
7732,rising,0.030816289,0.007834797
7733,rising,0.0345873,0.012073715
7734,rising,0.04272505,0.027950114
7735,rising,0.040290065,0.019641798
7736,rising,0.05043866,0.032900162
7737,stable,0.070835106,0.13419011
7738,rising,0.058425527,0.023572667
7739,stable,0.034596357,0.007567404
7740,stable,0.04794838,0.014239373
7741,stable,0.056972913,0.11429687
7742,stable,0.07494063,0.22286949
7743,stable,0.03519956,0.0068753674
7744,falling,0.049383726,0.067424335
7745,falling,0.048776273,0.054408446
7746,falling,0.041833106,0.010961001
7747,falling,0.0494876,0.016984222
7748,falling,0.038388737,0.010564942
7749,falling,0.03946384,0.017600501
7750,stable,0.034593564,0.007959451
7751,stable,0.04412263,0.016425947
7752,stable,0.05097832,0.09715027
7753,stable,0.030852368,0.007037907
7754,stable,0.044769876,0.023436004
7755,rising,0.032288697,0.0078441175
7756,rising,0.06279688,0.09190496
7757,rising,1.0099385,0.029293796
7758,rising,1.374005,0.0358282
7759,rising,1.645806,0.09537202
7760,rising,1.7841085,0.06650537
7761,rising,1.8675196,0.06046107
7762,stable,1.8887622,0.07397874
7763,stable,1.884185,0.08763357
7764,stable,1.9602029,0.1923436
7765,stable,1.9566185,0.2049351
7766,stable,1.9473801,0.068215646
7767,stable,1.9924777,0.0728546
7768,falling,2.0496314,0.08002552
7769,spike,0.24572918,0.38981557
7770,spike,0.30694064,0.45169464
7771,spike,0.24093944,0.38525173
7772,spike,0.16639404,0.26412797
7773,spike,0.098242365,0.08974788
7774,spike,0.08818015,0.093416095
7775,spike,0.085605145,0.104589745
7776,spike,0.12531176,0.16768025
7777,spike,0.0797334,0.15020809
7778,spike,0.0451996,0.0072354954
7779,spike,0.052343234,0.012356869
7780,stable,0.05522832,0.016697865
7781,stable,0.047617547,0.012824746
7782,stable,0.07986638,0.02067326
7783,stable,0.06020798,0.021586262
7784,rising,0.06193271,0.02815372
7785,stable,0.055681553,0.023521617
7786,stable,0.08194397,0.12287572
7787,stable,0.09245216,0.09461388
7788,stable,0.06280296,0.04727234
7789,stable,0.09003638,0.091213375
7790,stable,0.068987004,0.044974137
7791,stable,0.059731066,0.037662107
7792,falling,0.065914676,0.0871204
7793,falling,0.058554225,0.014289375
7794,falling,0.045209486,0.012923695
7795,falling,0.04435613,0.009475358
7796,falling,0.048746787,0.008969245
7797,falling,0.045962278,0.009642934
7798,stable,0.042195335,0.00791588
7799,stable,0.051190447,0.029223684
7800,stable,0.059396975,0.015948664
7801,stable,0.08144263,0.13940425
7802,stable,0.039126392,0.0115659
7803,stable,0.03929315,0.010346113
7804,rising,0.03881292,0.010331422
7805,rising,1.2628285,0.056460697
7806,rising,2.0330005,0.1971085
7807,rising,2.326,0.14305769
7808,rising,2.5132987,0.16299964
7809,rising,2.5396624,0.2286496
7810,stable,2.5458047,0.23412058
7811,stable,2.5712698,0.17006838
7812,stable,2.457235,0.2641848
7813,stable,2.6807888,0.16759403
7814,stable,2.696876,0.15083633
7815,falling,2.6849463,0.23237927
7816,falling,2.5804644,0.14100187
7817,spike,0.17750637,0.32117087
7818,spike,0.20698696,0.45167255
7819,spike,0.19446318,0.379362
7820,spike,0.12154572,0.10048178
7821,spike,0.10391917,0.106284134
7822,spike,0.0780419,0.04702116
7823,spike,0.08799514,0.093860514
7824,spike,0.05719601,0.08044565
7825,spike,0.048309267,0.10189121
7826,spike,0.051220756,0.11110792
7827,spike,0.0386675,0.052562304
7828,falling,0.042155016,0.035515822
7829,stable,0.0363935,0.016320657
7830,stable,0.03857218,0.008297919
7831,stable,0.043656565,0.01974128
7832,stable,0.07211485,0.17985594
7833,stable,0.04722213,0.023487106
7834,stable,0.056003403,0.029169632
7835,stable,0.07926091,0.13149267
7836,stable,0.13336089,0.23078917
7837,stable,0.0523085,0.07144733
7838,stable,0.099349014,0.20245968
7839,stable,0.09983875,0.1571266
7840,falling,0.102940336,0.08026594
7841,falling,0.074061796,0.024618236
7842,falling,0.045415394,0.008087159
7843,falling,0.047781516,0.031243932
7844,falling,0.053112157,0.012747109
7845,falling,0.06433251,0.07848528
7846,stable,0.059333254,0.07407261
7847,stable,0.058558606,0.04869612
7848,stable,0.082062535,0.14707012
7849,stable,0.05152958,0.041342206
7850,stable,0.047648273,0.01615227
7851,rising,0.052941207,0.05791026
7852,rising,0.04275424,0.023422224
7853,rising,0.042756464,0.015290429
7854,rising,0.045115836,0.012222603
7855,rising,0.055634115,0.027624669
7856,rising,0.06857843,0.05513681
7857,rising,0.065735795,0.048916347
7858,stable,0.10226587,0.28363404
7859,stable,0.088004865,0.17048575
7860,stable,0.050335467,0.01552072
7861,stable,0.09873648,0.1861333
7862,stable,0.07214185,0.051899318
7863,stable,0.0835259,0.13415445
7864,falling,0.049226057,0.014464361
7865,falling,0.04662911,0.011760619
7866,falling,0.043957997,0.016023925
7867,falling,0.045681905,0.011916078
7868,falling,0.04617064,0.015671585
7869,falling,0.0543346,0.036457513
7870,stable,0.060092192,0.008034497
7871,stable,0.07872595,0.121119425
7872,stable,0.10258374,0.15053546
7873,stable,0.057649218,0.00700468
7874,stable,0.068140514,0.028511832
7875,stable,0.07301182,0.1121874
7876,stable,0.058224864,0.014230324
7877,rising,0.06015579,0.019415641
7878,rising,0.08458992,0.029102044
7879,rising,0.070381254,0.018813761
7880,rising,0.08259417,0.019586565
7881,stable,0.09460066,0.020481687
7882,rising,0.038640264,0.021545568
7883,stable,0.051304206,0.0143067045
7884,stable,0.07918528,0.015139902
7885,stable,0.046095386,0.055790287
7886,stable,0.049457625,0.015862325
7887,stable,0.04045789,0.035908893
7888,falling,0.042194624,0.0129227275
7889,falling,0.034649614,0.013994321
7890,falling,0.030185837,0.009612098
7891,falling,0.030242601,0.008839296
7892,stable,0.036911268,0.010980672
7893,falling,0.04343341,0.05535982
7894,stable,0.044876747,0.050947696
7895,stable,0.038462162,0.017181046
7896,stable,0.06902573,0.16183963
7897,stable,0.06326919,0.13889852
7898,stable,0.070589066,0.14746559
7899,rising,0.039091118,0.02046506
7900,rising,0.055095095,0.089315176
7901,rising,0.061876114,0.04337142
7902,rising,0.044534955,0.0055425903
7903,rising,0.07795964,0.018571936
7904,rising,0.051895596,0.018471519
7905,rising,0.06360855,0.037516747
7906,stable,0.068548806,0.08280957
7907,stable,0.06761629,0.03956359
7908,stable,0.07168864,0.013733527
7909,stable,0.06643692,0.04291116
7910,stable,0.073076874,0.02653609
7911,stable,0.07115462,0.035027973
7912,falling,0.057857826,0.011056797
7913,falling,0.061544158,0.014859191
7914,falling,0.06447072,0.011244383
7915,falling,0.047471676,0.029335836
7916,falling,0.07462212,0.052074153
7917,stable,0.05763867,0.023063637
7918,stable,0.060873576,0.016717331
7919,stable,0.07320742,0.021306418
7920,stable,0.104891464,0.17016146
7921,stable,0.08986541,0.08975188
7922,stable,0.05492026,0.017417565
7923,stable,0.08769617,0.15869683
7924,rising,0.050880764,0.0150985
7925,rising,0.06570931,0.039213173
7926,rising,0.0408578,0.011185492
7927,rising,0.029519089,0.020603286
7928,rising,0.035586182,0.012145226
7929,rising,0.023373056,0.041691847
7930,stable,0.03920028,0.057580978
7931,stable,0.018948141,0.026442029
7932,stable,0.017261008,0.02221239
7933,stable,0.038376033,0.021088256
7934,stable,0.04927786,0.070813276
7935,stable,0.03837674,0.0090999715
7936,falling,0.03784599,0.005315328
7937,falling,0.046814803,0.020039497
7938,falling,0.04624263,0.0062263375
7939,falling,0.051159475,0.008408611
7940,falling,0.04897272,0.006073512
7941,falling,0.05574485,0.041419648
7942,stable,0.056394596,0.0070437375
7943,stable,0.062353622,0.010531664
7944,stable,0.082882985,0.1218713
7945,stable,0.12809432,0.23733842
7946,stable,0.07213654,0.13554944
7947,stable,0.045328487,0.010953413
7948,rising,0.063088305,0.06976601
7949,rising,0.04035513,0.012046847
7950,rising,0.07494467,0.16684362
7951,rising,0.037563346,0.0070893643
7952,rising,0.041325893,0.010467456
7953,rising,0.036792826,0.006384664
7954,rising,0.03374173,0.0075135934
7955,stable,0.036332086,0.013021169
7956,stable,0.05910399,0.13845284
7957,stable,0.04237037,0.017338345
7958,stable,0.045384195,0.060313765
7959,stable,0.06231245,0.094062105
7960,falling,0.04347895,0.036670823
7961,falling,0.053269375,0.03630275
7962,falling,0.05195172,0.012454108
7963,falling,0.052134812,0.023095325
7964,falling,0.05582889,0.017181516
7965,falling,0.084008865,0.17242184
7966,falling,0.0643415,0.018358245
7967,stable,0.060460497,0.015247907
7968,stable,0.0903008,0.16689818
7969,stable,0.08568619,0.1496815
7970,stable,0.07783198,0.15501072
7971,rising,0.07163676,0.14845918
7972,rising,0.045819636,0.016452633
7973,rising,0.047917884,0.061618898
7974,rising,0.06105302,0.03336163
7975,rising,0.044648167,0.023520714
7976,rising,0.055171467,0.025087437
7977,rising,0.054405198,0.015210276
7978,rising,0.030181177,0.008669564
7979,stable,0.032935582,0.04818744
7980,stable,0.03312341,0.017654397
7981,stable,0.042220466,0.019113682
7982,stable,0.03873078,0.026170373
7983,stable,0.04201505,0.04560095
7984,falling,0.040421136,0.006370026
7985,falling,0.046141688,0.020036958
7986,falling,0.04341636,0.011433368
7987,falling,0.094697095,0.1274956
7988,falling,0.060295872,0.072547495
7989,falling,0.07868885,0.090725504
7990,falling,0.07504942,0.07495669
7991,stable,0.078226924,0.10753727
7992,stable,0.06965946,0.029523082
7993,stable,0.07054154,0.11250433
7994,stable,0.051146526,0.0077490397
7995,stable,0.09389949,0.2213105
7996,stable,0.033598833,0.005829311
7997,rising,0.04560593,0.040529836
7998,rising,0.04774014,0.015101618
7999,rising,0.061397925,0.026798867
8000,rising,0.060576905,0.023883268
8001,rising,0.035879504,0.013813422
8002,stable,0.038795494,0.03701927
8003,stable,0.044677652,0.016307047
8004,stable,0.063891366,0.13210316
8005,stable,0.046233974,0.032353885
8006,stable,0.060178723,0.09176813
8007,stable,0.051533632,0.03483514
8008,falling,0.04949983,0.018210687
8009,falling,0.06589779,0.046977643
8010,stable,0.03635898,0.010093087
8011,falling,0.04286682,0.019928202
8012,falling,0.039366875,0.01861303
8013,falling,0.044927903,0.051925447
8014,falling,0.072003216,0.112409
8015,stable,0.047053277,0.02359863
8016,stable,0.047724627,0.012631382
8017,stable,0.0979589,0.29335767
8018,stable,0.06989135,0.1243447
8019,stable,0.05549074,0.06598179
8020,rising,0.08829202,0.1793681
8021,rising,0.07114554,0.101436496
8022,rising,0.052409753,0.007080059
8023,rising,0.05166233,0.008982888
8024,rising,0.053679705,0.008013362
8025,rising,0.060386308,0.025366848
8026,stable,0.047339704,0.008037643
8027,stable,0.050020218,0.019967915
8028,stable,0.050144386,0.007737687
8029,stable,0.04683148,0.013268921
8030,stable,0.061625656,0.13092637
8031,stable,0.041133042,0.008745012
8032,stable,0.11209642,0.058483656
8033,falling,0.08464286,0.066475734
8034,falling,0.07656454,0.078571714
8035,falling,0.06089449,0.021034928
8036,falling,0.060175166,0.03396506
8037,falling,0.071200676,0.06721142
8038,falling,0.09202029,0.11270343
8039,stable,0.05873926,0.008460184
8040,stable,0.107657164,0.21374787
8041,stable,0.10015751,0.12671168
8042,stable,0.0841147,0.008676968
8043,stable,0.088870816,0.11371
8044,rising,0.06929931,0.033642083
8045,rising,0.031758837,0.006893141
8046,rising,0.041380566,0.0102448175
8047,rising,0.039506137,0.01996105
8048,rising,0.0415654,0.010931367
8049,rising,0.05753572,0.019551735
8050,stable,0.059425645,0.0102571305
8051,stable,0.064576186,0.01146896
8052,stable,0.060437515,0.018696284
8053,stable,0.09129218,0.15434657
8054,stable,0.06400835,0.017404927
8055,falling,0.06003254,0.022662561
8056,falling,0.057689507,0.01860558
8057,falling,0.058715172,0.018254597
8058,falling,0.057395477,0.016404051
8059,falling,0.08382204,0.13408801
8060,falling,0.06167873,0.020592822
8061,falling,0.030722002,0.03371776
8062,stable,0.040431637,0.07890234
8063,stable,0.03920073,0.08166601
8064,stable,0.066693574,0.21450725
8065,stable,0.028561372,0.0047155716
8066,stable,0.03969791,0.008383606
8067,stable,0.04753643,0.0681211
8068,rising,0.06283124,0.139664
8069,rising,0.03709559,0.007581016
8070,rising,0.03605742,0.006891463
8071,rising,0.04221714,0.014341588
8072,rising,0.03303244,0.008134246
8073,rising,0.040146112,0.03426768
8074,stable,0.046484474,0.049150124
8075,stable,0.061900724,0.09264416
8076,stable,0.054370146,0.011970321
8077,stable,0.07848175,0.18536213
8078,stable,0.06631746,0.08304553
8079,stable,0.049752917,0.10276611
8080,falling,0.035887085,0.011439827
8081,falling,0.03634187,0.030017108
8082,falling,0.029132795,0.008917505
8083,falling,0.02853098,0.0070553957
8084,falling,0.03465098,0.026795004
8085,falling,0.031587973,0.009858107
8086,stable,0.048007432,0.0892671
8087,stable,0.025978336,0.00948339
8088,stable,0.050828718,0.13304928
8089,stable,0.047697153,0.017434513
8090,stable,0.021944951,0.0077665714
8091,stable,0.06376401,0.19455382
8092,rising,0.016755117,0.006202702
8093,rising,0.024672784,0.00926774
8094,rising,0.023220075,0.008605089
8095,rising,0.019728592,0.0058050817
8096,rising,0.025739856,0.015102774
8097,rising,0.02151952,0.037138134
8098,stable,0.033685528,0.067905836
8099,stable,0.028784676,0.010054843
8100,stable,0.034888737,0.008868831
8101,stable,0.05069198,0.10597946
8102,stable,0.055963498,0.14560111
8103,stable,0.058562566,0.1310779
8104,falling,0.03560705,0.008832724
8105,falling,0.057493106,0.015230734
8106,falling,0.053273007,0.015817951
8107,falling,0.04959019,0.015582026
8108,falling,0.049815886,0.034132116
8109,falling,0.068158016,0.06768236
8110,falling,0.049386017,0.057202153
8111,stable,0.044619758,0.0063048145
8112,stable,0.05307118,0.010589605
8113,stable,0.07709008,0.04495507
8114,stable,0.048139807,0.014919779
8115,stable,0.074151605,0.020420266
8116,rising,0.054793373,0.020623354
8117,rising,0.0682212,0.021054974
8118,rising,0.06579783,0.025256982
8119,rising,0.04581725,0.019826092
8120,rising,0.046684988,0.019060252
8121,rising,0.050479237,0.054193404
8122,stable,0.058557462,0.07204474
8123,stable,0.054792985,0.111559324
8124,stable,0.059312683,0.14714245
8125,stable,0.03434786,0.008523754
8126,stable,0.054006197,0.08323513
8127,stable,0.047876894,0.007618398
8128,falling,0.044842888,0.013341985
8129,falling,0.048284147,0.01051906
8130,falling,0.04655249,0.009285228
8131,falling,0.05316233,0.019370958
8132,stable,0.059001725,0.020383501
8133,falling,0.064815484,0.044464085
8134,stable,0.039607525,0.036699772
8135,stable,0.036954317,0.007827382
8136,stable,0.036777653,0.0069927797
8137,stable,0.07499405,0.21946838
8138,stable,0.080403075,0.10760333
8139,rising,0.039043926,0.007979845
8140,rising,0.04576064,0.057929352
8141,rising,0.03475467,0.017201168
8142,rising,0.051769037,0.020401765
8143,rising,0.054318033,0.021608498
8144,rising,0.063185856,0.025251472
8145,rising,0.060156237,0.04966722
8146,stable,0.05287453,0.07754268
8147,stable,0.08236282,0.12909271
8148,stable,0.080520555,0.16609079
8149,stable,0.099163935,0.18228841
8150,stable,0.047032416,0.020638037
8151,stable,0.043422427,0.025116744
8152,falling,0.0521949,0.06321657
8153,falling,0.052182462,0.040576495
8154,falling,0.041863237,0.01644539
8155,falling,0.053160455,0.018305132
8156,falling,0.035445813,0.009233401
8157,stable,0.052486982,0.019534795
8158,falling,0.04559092,0.013306033
8159,stable,0.039825484,0.019511148
8160,stable,0.043143652,0.038230635
8161,stable,0.045747455,0.014458065
8162,stable,0.044952866,0.012270765
8163,stable,0.043077845,0.016183877
8164,rising,0.049761493,0.03914917
8165,rising,0.050615337,0.01509733
8166,rising,0.036293637,0.010875885
8167,rising,0.033302914,0.010180284
8168,rising,0.043378666,0.009139053
8169,rising,0.043237258,0.015821882
8170,stable,0.04101359,0.009740505
8171,stable,0.047894847,0.011958056
8172,stable,0.07250719,0.13252304
8173,stable,0.057966515,0.09472306
8174,stable,0.057056468,0.10494512
8175,stable,0.053937506,0.022921272
8176,falling,0.046400562,0.015435209
8177,falling,0.047517978,0.048443224
8178,falling,0.03442552,0.030465607
8179,falling,0.04098714,0.016949564
8180,falling,0.016008042,0.009984508
8181,falling,0.02634411,0.015876045
8182,stable,0.030673245,0.010952868
8183,stable,0.03299094,0.009685954
8184,stable,0.031086747,0.011920382
8185,stable,0.04822529,0.08763715
8186,stable,0.042905867,0.07571414
8187,stable,0.048290636,0.10739063
8188,stable,0.0631398,0.07875477
8189,rising,0.036289193,0.016142452
8190,rising,0.036053676,0.013120715
8191,rising,0.04109621,0.011954915
8192,rising,0.044418257,0.029399628
8193,stable,0.035201248,0.023724886
8194,stable,0.04718456,0.09552693
8195,stable,0.03440494,0.0065028924
8196,stable,0.04908324,0.018695101
8197,stable,0.05184486,0.12305425
8198,stable,0.06170658,0.16343327
8199,stable,0.04317247,0.013816744
8200,falling,0.037496727,0.03847652
8201,falling,0.067604765,0.022748696
8202,falling,0.04456128,0.014716031
8203,falling,0.035168298,0.015248951
8204,falling,0.04013083,0.019304464
8205,falling,0.033574738,0.010664216
8206,stable,0.05228969,0.027204944
8207,stable,0.034095902,0.015153387
8208,stable,0.043774895,0.011945882
8209,stable,0.048328817,0.01606781
8210,stable,0.05998991,0.120063804
8211,stable,0.050074596,0.066691905
8212,stable,0.058109008,0.042021833
8213,rising,0.04021088,0.017879386
8214,rising,0.040346228,0.027062569
8215,rising,0.030345973,0.008339269
8216,rising,0.03261913,0.006977455
8217,stable,0.04711237,0.029413894
8218,stable,0.045329444,0.007952696
8219,stable,0.06975772,0.10465551
8220,stable,0.06931726,0.09815091
8221,stable,0.043297302,0.018629257
8222,stable,0.057374056,0.118160635
8223,stable,0.061215024,0.12932
8224,stable,0.06469365,0.075653344
8225,falling,0.05668644,0.024911867
8226,falling,0.042950876,0.018610535
8227,falling,0.0593278,0.01554041
8228,falling,0.045615222,0.017129283
8229,falling,0.038443565,0.03658053
8230,falling,0.060891237,0.12026343
8231,stable,0.048004005,0.015096811
8232,stable,0.056125138,0.07284326
8233,stable,0.054814864,0.016909394
8234,stable,0.07473061,0.07099901
8235,stable,0.07518881,0.056869224
8236,stable,0.065050334,0.034789167
8237,rising,0.07470763,0.025127828
8238,rising,0.07005961,0.019595092
8239,rising,0.052390974,0.013255384
8240,rising,0.07935766,0.03010223
8241,rising,0.051499728,0.016088596
8242,stable,0.08429908,0.068850696
8243,stable,0.049998377,0.016914215
8244,stable,0.10152896,0.16472468
8245,stable,0.06711181,0.10044855
8246,stable,0.062301982,0.09707257
8247,stable,0.082099915,0.11465453
8248,falling,0.038590528,0.020142071
8249,falling,0.050871074,0.019388994
8250,falling,0.06256523,0.026933573
8251,falling,0.052700948,0.01593501
8252,falling,0.042961072,0.017703732
8253,falling,0.054104157,0.02105191
8254,stable,0.04450448,0.015577779
8255,stable,0.072979376,0.05975628
8256,stable,0.06014443,0.020615246
8257,stable,0.054854117,0.039837237
8258,stable,0.09521829,0.07452617
8259,stable,0.09113429,0.04060964
8260,rising,0.08813663,0.025747929
8261,rising,0.06350174,0.017973308
8262,rising,0.06623699,0.010860269
8263,rising,0.074029565,0.022891274
8264,rising,0.08313076,0.053932406
8265,rising,0.09178351,0.01587867
8266,stable,0.060061768,0.01834082
8267,stable,0.08347133,0.11707156
8268,stable,0.10373044,0.19608438
8269,stable,0.070655026,0.014654683
8270,stable,0.09868679,0.19949616
8271,stable,0.07141392,0.109559774
8272,falling,0.07169477,0.098916546
8273,falling,0.0611415,0.016538579
8274,falling,0.054759905,0.020692375
8275,falling,0.048888683,0.008201002
8276,falling,0.045527253,0.010140659
8277,falling,0.04575474,0.010974241
8278,stable,0.05684517,0.06802993
8279,stable,0.0736453,0.10756271
8280,stable,0.08569763,0.13583633
8281,stable,0.093223564,0.099368945
8282,stable,0.058493186,0.009703463
8283,stable,0.12654549,0.10846918
8284,rising,0.06495674,0.013209598
8285,rising,0.09180591,0.030312657
8286,rising,0.079419486,0.02169718
8287,rising,0.097468205,0.024350945
8288,rising,0.07451985,0.016720712
8289,rising,0.1022143,0.042023662
8290,stable,0.08605179,0.042379316
8291,stable,0.08156868,0.045547042
8292,stable,0.13437703,0.17538807
8293,stable,0.09122643,0.017687371
8294,stable,0.113253124,0.20914392
8295,falling,0.08142376,0.102040485
8296,falling,0.09525398,0.030909032
8297,falling,0.093928486,0.029966118
8298,falling,0.12815805,0.059447616
8299,falling,0.09197004,0.016433826
8300,falling,0.08304469,0.018901056
8301,falling,0.080570035,0.015543613
8302,stable,0.07501684,0.035983987
8303,stable,0.08805936,0.026599154
8304,stable,0.08984415,0.07277118
8305,stable,0.07655062,0.014180588
8306,stable,0.061673727,0.016171485
8307,stable,0.07519329,0.08872118
8308,rising,0.0680278,0.034786653
8309,stable,0.06945335,0.05310432
8310,rising,0.06360199,0.028076097
8311,rising,0.055900462,0.029730514
8312,rising,0.033406988,0.021607013
8313,rising,0.054915454,0.2016907
8314,stable,0.026291758,0.014537448
8315,stable,0.032434884,0.014456957
8316,stable,0.02334435,0.027245957
8317,stable,0.056116335,0.09670535
8318,stable,0.048993684,0.08669591
8319,stable,0.027675869,0.007732491
8320,stable,0.056957196,0.0846699
8321,falling,0.049299773,0.011172249
8322,falling,0.054041307,0.03738926
8323,falling,0.056257095,0.015750898
8324,falling,0.05377535,0.006848856
8325,falling,0.054714773,0.006685382
8326,stable,0.05227141,0.0133841075
8327,stable,0.05745924,0.012167942
8328,stable,0.05782873,0.028682215
8329,stable,0.06390963,0.07203231
8330,stable,0.05961768,0.10741159
8331,stable,0.043836292,0.00613419
8332,rising,0.06788153,0.050074246
8333,rising,0.05667043,0.11940244
8334,rising,0.043943238,0.022285476
8335,rising,0.05454277,0.020373594
8336,rising,0.039926384,0.04541236
8337,stable,0.06022243,0.14040759
8338,stable,0.03838545,0.012453834
8339,stable,0.05370187,0.023558082
8340,stable,0.057043474,0.013097112
8341,stable,0.052810002,0.081099726
8342,stable,0.07414865,0.14695682
8343,falling,0.06148911,0.12414679
8344,falling,0.051242396,0.09028831
8345,falling,0.029975032,0.008340411
8346,falling,1.3131831,0.04585665
8347,falling,1.8664869,0.07671779
8348,falling,2.1028795,0.080375455
8349,falling,2.3077047,0.070565246
8350,stable,2.3641374,0.19622773
8351,stable,2.3993065,0.19434828
8352,stable,2.5000916,0.5378841
8353,stable,2.4207542,0.09186687
8354,stable,2.373692,0.10566109
8355,stable,2.400739,0.083565615
8356,rising,2.3673644,0.30508798
8357,rising,2.3996434,0.18649349
8358,spike,0.1299915,0.13258511
8359,spike,0.093346834,0.07020422
8360,spike,0.07740126,0.04363953
8361,spike,0.067240454,0.06858696
8362,spike,0.106704794,0.18543613
8363,spike,0.14129926,0.32044867
8364,spike,0.08411572,0.028323352
8365,spike,0.03761409,0.011644095
8366,spike,0.060185228,0.16797121
8367,spike,0.06833328,0.23170352
8368,spike,0.021365033,0.011250748
8369,falling,0.026372889,0.012048924
8370,falling,0.03570025,0.07617531
8371,falling,0.025178773,0.017851997
8372,falling,0.02498866,0.011752997
8373,falling,0.024765521,0.019488316
8374,falling,0.037303317,0.04514195
8375,stable,0.05379792,0.07571938
8376,stable,0.034086823,0.016705425
8377,stable,0.026245682,0.01086175
8378,stable,0.052527018,0.11147118
8379,stable,0.05249069,0.07402719
8380,rising,0.06051372,0.049420457
8381,rising,0.06989017,0.03171416
8382,rising,0.05294405,0.019141857
8383,rising,0.04366466,0.019910991
8384,rising,0.03913132,0.021049466
8385,rising,0.056560572,0.15240888
8386,stable,0.031388607,0.013889572
8387,stable,0.030020617,0.010642325
8388,stable,0.060325377,0.13979992
8389,stable,0.050419204,0.010291556
8390,stable,0.06050271,0.12607422
8391,stable,0.044386454,0.032033984
8392,falling,0.053277656,0.08265928
8393,falling,0.062765636,0.12817454
8394,falling,0.042793922,0.010483445
8395,falling,0.0436123,0.010309979
8396,falling,0.041177776,0.012059395
8397,falling,0.0418183,0.014037804
8398,stable,0.04343576,0.01022307
8399,stable,0.07412841,0.06759281
8400,stable,0.05855199,0.015954219
8401,stable,0.085414015,0.110987574
8402,stable,0.055561043,0.07387305
8403,stable,0.048529502,0.019857137
8404,rising,0.048582416,0.037305083
8405,rising,0.04747416,0.03624324
8406,rising,0.048931815,0.020780357
8407,rising,1.706578,0.058887824
8408,rising,2.4570823,0.108027175
8409,rising,2.9139333,0.11624363
8410,stable,3.09898,0.18530862
8411,stable,3.2280169,0.2046992
8412,stable,3.2944257,0.25336596
8413,stable,3.3214269,0.3148883
8414,stable,3.3802216,0.16440633
8415,stable,3.3458061,0.14734147
8416,falling,3.3299682,0.26617205
8417,falling,3.4584208,0.1039196
8418,falling,3.5225716,0.20627086
8419,spike,0.24352236,0.33581975
8420,spike,0.25189367,0.36600518
8421,spike,0.25946257,0.288848
8422,spike,0.2154139,0.19003525
8423,spike,0.13413617,0.07825523
8424,spike,0.104216464,0.033262223
8425,spike,0.12612882,0.09152114
8426,spike,0.14828147,0.057400208
8427,spike,0.06591306,0.014195923
8428,spike,0.056494948,0.081826426
8429,spike,0.044633128,0.02211316
8430,falling,0.080571644,0.016602041
8431,stable,0.085602514,0.14541897
8432,stable,0.0612158,0.057536796
8433,stable,0.059961103,0.025286412
8434,stable,0.07025418,0.02407809
8435,stable,0.103110075,0.03510288
8436,stable,0.15813538,0.2292914
8437,stable,0.11599226,0.038578
8438,stable,0.14727354,0.054188997
8439,stable,0.16257375,0.17114902
8440,falling,0.17995457,0.15797985
8441,falling,0.15731123,0.108493306
8442,falling,0.091796525,0.059476227
8443,falling,0.05735856,0.024524996
8444,falling,0.063086346,0.030073889
8445,falling,0.045112118,0.027249828
8446,stable,0.047855828,0.028642055
8447,stable,0.063847095,0.077283815
8448,stable,0.06635816,0.05967037
8449,stable,0.03548319,0.039533697
8450,stable,0.03530227,0.03825219
8451,rising,0.033628296,0.016011074
8452,rising,0.031028999,0.015280568
8453,rising,0.029828873,0.013063652
8454,rising,0.034767147,0.015860619
8455,rising,0.03062534,0.038122505
8456,rising,0.049575977,0.030697977
8457,stable,0.09570331,0.045448415
8458,stable,0.10009716,0.035793368
8459,stable,0.15454869,0.24810025
8460,stable,0.15990233,0.352007
8461,stable,0.11692492,0.10144471
8462,stable,0.15491988,0.19105178
8463,falling,0.15753748,0.11009065
8464,falling,0.14147715,0.09762574
8465,falling,0.12457142,0.14095949
8466,falling,0.11053173,0.07821502
8467,falling,0.09960581,0.050449103
8468,falling,0.078380734,0.020322463
8469,falling,0.04620154,0.019693745
8470,stable,0.06579361,0.07202551
8471,stable,0.062591314,0.13685267
8472,stable,0.07419544,0.13642833
8473,stable,0.040991116,0.015288507
8474,stable,0.040080182,0.008968411
8475,stable,0.036564548,0.008332754
8476,rising,0.052448787,0.06732924
8477,rising,0.03164104,0.0205197
8478,rising,0.049035788,0.020260192
8479,rising,0.05372511,0.015942853
8480,rising,0.026781196,0.028749878
8481,rising,0.03445985,0.021730486
8482,stable,0.03164442,0.02643796
8483,stable,0.022060864,0.004161537
8484,stable,0.028263604,0.0058839615
8485,stable,0.03404112,0.0083393045
8486,stable,0.05069821,0.08351081
8487,stable,0.041961733,0.028646156
8488,falling,0.06274339,0.0658688
8489,falling,0.061454482,0.058818437
8490,falling,0.05084967,0.035723854
8491,falling,0.04269228,0.026094748
8492,falling,0.03975763,0.015788777
8493,falling,0.044131037,0.042490065
8494,falling,0.050062675,0.06594916
8495,stable,0.054788757,0.10063465
8496,stable,0.04099034,0.01114291
8497,stable,0.04321595,0.017510047
8498,stable,0.071583554,0.15196349
8499,stable,0.061964814,0.12503843
8500,rising,0.042879164,0.064662024
8501,rising,0.040835544,0.05214934
8502,rising,0.026830414,0.01355866
8503,rising,0.024525287,0.0062307958
8504,rising,0.022126408,0.005634618
8505,rising,0.034732673,0.029617177
8506,rising,0.028158536,0.006639635
8507,stable,0.030190378,0.008600979
8508,stable,0.028831607,0.009819203
8509,stable,0.029808726,0.008409578
8510,stable,0.034597527,0.07782817
8511,falling,0.021590438,0.007928398
8512,falling,0.025318455,0.010539111
8513,falling,0.0509302,0.06517068
8514,falling,0.04465894,0.018365256
8515,falling,0.049394067,0.018694177
8516,falling,0.0439352,0.017689537
8517,falling,0.04723706,0.021332057
8518,falling,0.057383303,0.03247253
8519,stable,0.07533889,0.052693814
8520,stable,0.074191235,0.02093822
8521,stable,0.078941464,0.055084128
8522,stable,0.06320803,0.012821889
8523,stable,0.07895298,0.076661505
8524,rising,0.07786475,0.015261427
8525,rising,0.054041084,0.01094513
8526,rising,0.056216814,0.006525848
8527,rising,0.07491047,0.12088018
8528,rising,0.05359648,0.01507602
8529,rising,0.0635424,0.03796766
8530,stable,0.06328444,0.039773613
8531,stable,0.06330428,0.01487081
8532,stable,0.07003481,0.032110944
8533,stable,0.04547936,0.01911019
8534,stable,0.053668253,0.104852304
8535,stable,0.058942895,0.14880238
8536,falling,0.04221778,0.060661428
8537,falling,0.034562368,0.013519129
8538,falling,0.027541548,0.011114126
8539,falling,0.024004947,0.012437293
8540,falling,0.027152488,0.01662465
8541,falling,0.03157885,0.052068472
8542,falling,0.035071243,0.09161514
8543,stable,0.02605913,0.011816324
8544,stable,0.050430525,0.12997502
8545,stable,0.024668884,0.011161914
8546,stable,0.020854402,0.008438702
8547,rising,0.029505039,0.0071679605
8548,rising,0.035070363,0.018630551
8549,rising,0.032413315,0.00889009
8550,rising,0.036928736,0.01391918
8551,rising,0.0521568,0.017463308
8552,rising,0.05345388,0.014768756
8553,rising,0.047057375,0.005216105
8554,rising,0.050066955,0.008942316
8555,stable,0.05656791,0.010526761
8556,stable,0.06544959,0.0656625
8557,stable,0.72304183,0.115943946
8558,stable,0.8104874,0.06029535
8559,stable,1.0117762,0.20126133
8560,falling,1.1099409,0.09081348
8561,falling,1.2120913,0.14098161
8562,falling,1.2665505,0.12232918
8563,falling,1.1273135,0.15661362
8564,falling,1.2114025,0.13777074
8565,falling,1.1925234,0.1940406
8566,stable,1.1423506,0.06263114
8567,stable,1.1927447,0.38335732
8568,stable,1.2002618,0.3398304
8569,spike,0.06420726,0.062312387
8570,spike,0.13470806,0.03214822
8571,spike,0.051891435,0.018488772
8572,spike,0.059226632,0.01019648
8573,spike,0.044896033,0.009696582
8574,spike,0.047615714,0.017190589
8575,spike,0.042388093,0.011141698
8576,spike,0.042310886,0.021709437
8577,spike,0.049283214,0.016533267
8578,spike,0.04273008,0.04471768
8579,spike,0.038021546,0.007963432
8580,falling,0.051923946,0.018204682
8581,stable,0.04923026,0.018501809
8582,falling,0.06459116,0.09532204
8583,falling,0.056488965,0.039241362
8584,falling,0.060672697,0.05439986
8585,falling,0.069078594,0.035785284
8586,falling,0.05780918,0.0259534
8587,falling,0.05851222,0.023921138
8588,falling,0.049965933,0.051853135
8589,falling,0.032407302,0.005902925
8590,stable,0.03471114,0.015592516
8591,stable,0.05386166,0.112825446
8592,stable,0.039913777,0.00786384
8593,stable,0.057362717,0.11393486
8594,stable,0.064788386,0.1261477
8595,stable,0.028005924,0.005416515
8596,rising,0.037139468,0.02492891
8597,rising,0.029496042,0.03301294
8598,rising,0.032718655,0.023450121
8599,rising,0.030504916,0.009301493
8600,rising,0.03799059,0.02173191
8601,rising,0.033956945,0.019065708
8602,stable,0.03145422,0.013631617
8603,stable,0.04392188,0.075573176
8604,stable,0.07914743,0.13797443
8605,stable,0.08103255,0.29498726
8606,stable,0.04291799,0.006085124
8607,stable,0.052776974,0.06053898
8608,falling,0.04675732,0.03596179
8609,falling,0.046023507,0.016701153
8610,falling,0.046929356,0.014439682
8611,falling,0.042109556,0.04693307
8612,falling,0.037202157,0.019358184
8613,falling,0.050807077,0.032191895
8614,stable,0.051376693,0.033650797
8615,stable,0.04563978,0.011116175
8616,stable,0.053811263,0.010085316
8617,stable,0.064488,0.010878266
8618,stable,0.07071103,0.033176146
8619,stable,0.04689575,0.009978122
8620,rising,0.040129688,0.005082519
8621,rising,0.045203317,0.008881578
8622,rising,0.052645687,0.011380353
8623,rising,0.05195086,0.0087392675
8624,rising,0.056742437,0.0094759
8625,rising,0.06190954,0.04855844
8626,stable,0.053411964,0.02585357
8627,stable,0.06323053,0.021950403
8628,stable,0.07311869,0.082905434
8629,stable,0.09817346,0.055744067
8630,stable,0.070472024,0.07907961
8631,falling,0.08722264,0.051268436
8632,falling,0.046311233,0.029111404
8633,falling,0.04077042,0.008379829
8634,falling,0.038875613,0.00849369
8635,falling,0.034207378,0.011974295
8636,falling,0.036527704,0.0104670515
8637,stable,0.032867234,0.03637901
8638,stable,0.022086727,0.011765353
8639,stable,0.020706924,0.007785477
8640,stable,0.039898418,0.033239543
8641,stable,0.06775961,0.15486032
8642,stable,0.039878286,0.023074066
8643,stable,0.050255757,0.12172189
8644,rising,0.0527841,0.09206115
8645,rising,0.059344742,0.058985062
8646,rising,0.06359686,0.025562514
8647,rising,0.042184804,0.01458364
8648,rising,0.037300494,0.02099483
8649,rising,0.032915898,0.021421079
8650,stable,0.038811684,0.051137004
8651,stable,0.056609713,0.09581024
8652,stable,0.019593751,0.0049921367
8653,stable,0.037250545,0.055195443
8654,stable,0.049528617,0.12008126
8655,stable,0.03212603,0.05802947
8656,stable,0.045589563,0.07167734
8657,falling,0.026044292,0.008731082
8658,falling,0.032681122,0.008675338
8659,falling,0.03686769,0.012332685
8660,falling,0.03137152,0.010454559
8661,falling,0.04206418,0.009529607
8662,falling,0.062050454,0.054274514
8663,stable,0.057172906,0.017745286
8664,stable,0.089871556,0.15473028
8665,stable,0.083162166,0.021584177
8666,stable,0.057801664,0.009681303
8667,stable,0.06763315,0.02007918
8668,rising,0.079414256,0.1145389
8669,rising,0.09123561,0.04349641
8670,rising,0.077058636,0.03814732
8671,rising,0.07011087,0.023568982
8672,rising,0.06379092,0.014614345
8673,rising,0.0722793,0.02338274
8674,rising,0.023384623,0.0147018
8675,stable,0.028448878,0.023851566
8676,stable,0.032605488,0.058178183
8677,stable,0.026331397,0.019794103
8678,stable,0.044109765,0.08965937
8679,stable,0.046655066,0.07622352
8680,falling,0.04205714,0.022890478
8681,falling,0.03653424,0.01376924
8682,falling,0.037860632,0.019683747
8683,falling,0.026600126,0.015592081
8684,falling,0.035603113,0.044145618
8685,falling,0.034312524,0.03482956
8686,stable,0.062491,0.09278716
8687,stable,0.046979308,0.012604424
8688,stable,0.05723262,0.06611712
8689,stable,0.044133823,0.00886257
8690,stable,0.08833516,0.21644685
8691,stable,0.08359643,0.14114495
8692,rising,0.056687713,0.0135434
8693,rising,0.07047791,0.029614333
8694,rising,0.06423759,0.009381166
8695,rising,0.060918503,0.008597013
8696,rising,0.058039155,0.0069651464
8697,rising,0.06477205,0.033506855
8698,stable,0.07839521,0.047866862
8699,stable,0.07490214,0.061241012
8700,stable,0.058901694,0.031227283
8701,stable,0.074504465,0.12485816
8702,stable,0.057004694,0.023414923
8703,falling,0.053582966,0.012670031
8704,falling,0.045832194,0.020116223
8705,falling,0.04477308,0.035315316
8706,falling,0.03697981,0.014333203
8707,falling,0.02752124,0.0118883625
8708,falling,0.02840549,0.01688185
8709,stable,0.027080977,0.009951216
8710,stable,0.030384582,0.017474378
8711,stable,0.046294212,0.12838176
8712,stable,0.03253218,0.010272457
8713,stable,0.052778926,0.12922677
8714,stable,0.06291803,0.19545655
8715,rising,0.04163123,0.057547938
8716,stable,0.034663104,0.008506442
8717,rising,0.0342342,0.012926377
8718,rising,0.034965713,0.014469998
8719,rising,0.032645706,0.018900916
8720,rising,0.029843204,0.0069346344
8721,stable,0.033945244,0.030574376
8722,stable,0.033198144,0.0064418465
8723,stable,0.032897413,0.008706926
8724,stable,0.08768659,0.12912254
8725,stable,0.059501886,0.05079917
8726,stable,0.050077323,0.010442364
8727,stable,0.07054183,0.07522696
8728,falling,0.07100472,0.06285475
8729,falling,0.06386813,0.049900588
8730,falling,0.051766653,0.006681695
8731,falling,0.07847199,0.116101846
8732,falling,0.07037375,0.009656181
8733,falling,0.07648577,0.011255675
8734,stable,0.0840191,0.06679859
8735,stable,0.06655968,0.011091694
8736,stable,0.07408437,0.024381597
8737,stable,0.08918336,0.07311543
8738,stable,0.093489535,0.021106988
8739,rising,0.12699886,0.20119864
8740,rising,0.06285586,0.017109483
8741,rising,0.05927586,0.025962973
8742,rising,0.0662165,0.025870971
8743,rising,0.124717325,0.03973219
8744,rising,0.069917105,0.021650253
8745,rising,0.0682286,0.03692012
8746,stable,0.05871918,0.03198963
8747,stable,0.050676968,0.058293007
8748,stable,0.04866247,0.09865693
8749,stable,0.038992856,0.0330784
8750,stable,0.025736373,0.017979378
8751,stable,0.026882386,0.011707193
8752,falling,0.04194651,0.028181756
8753,falling,0.035490155,0.01497551
8754,falling,0.050324313,0.016540576
8755,falling,0.05806784,0.027207598
8756,falling,0.03959896,0.00894197
8757,falling,0.042389307,0.044026956
8758,stable,0.060285255,0.12647909
8759,stable,0.065146245,0.14081067
8760,stable,0.07096089,0.12217419
8761,stable,0.08636784,0.2517931
8762,stable,0.060161754,0.13132711
8763,stable,0.043966338,0.011959052
8764,rising,0.042044204,0.07609604
8765,rising,0.05201099,0.081214
8766,rising,0.039660417,0.012490006
8767,rising,0.034917433,0.011974378
8768,rising,0.027415315,0.012139987
8769,stable,0.0385654,0.024727825
8770,stable,0.050930433,0.080380894
8771,stable,0.03418976,0.006426732
8772,stable,0.039829873,0.015632147
8773,stable,0.05670065,0.10558368
8774,stable,0.046979543,0.0104936045
8775,falling,0.06546795,0.01913387
8776,falling,0.087158136,0.071202464
8777,falling,0.059923492,0.028731495
8778,falling,0.044794675,0.020624094
8779,falling,0.050481874,0.012250903
8780,falling,0.072427526,0.02485484
8781,falling,0.05932691,0.03483798
8782,stable,0.07843014,0.035722457
8783,stable,0.06346945,0.07964538
8784,stable,0.05965851,0.061897174
8785,stable,0.083412856,0.15915553
8786,stable,0.06133426,0.013500675
8787,stable,0.03714724,0.00834909
8788,stable,0.08204902,0.13742878
8789,rising,0.05674624,0.012444504
8790,rising,0.056911394,0.007449615
8791,rising,0.056048196,0.008003735
8792,rising,0.062579915,0.013703855
8793,stable,0.054792237,0.011343463
8794,stable,0.060465254,0.052283786
8795,stable,0.05864678,0.008572157
8796,stable,0.07703025,0.10896183
8797,stable,0.0926803,0.15957631
8798,stable,0.06779446,0.017307796
8799,stable,0.07963012,0.08403666
8800,falling,0.070758015,0.02019793
8801,falling,0.05591051,0.010831671
8802,falling,0.041915797,0.004173986
8803,falling,0.05013037,0.021024298
8804,falling,0.049198385,0.008437319
8805,falling,0.060077015,0.013705077
8806,stable,0.06280341,0.05460847
8807,stable,0.07992048,0.048745435
8808,stable,0.07988366,0.21650891
8809,stable,0.05025206,0.012919632
8810,stable,0.07069652,0.15295874
8811,rising,0.04450604,0.008478748
8812,stable,0.06364203,0.092192546
8813,rising,0.052813362,0.0065413094
8814,rising,0.050686248,0.011204019
8815,rising,0.04910302,0.007935793
8816,rising,0.057340346,0.019755045
8817,rising,0.04553731,0.027198328
8818,stable,0.04711144,0.008563048
8819,stable,0.061259285,0.08786989
8820,stable,0.06846647,0.11651108
8821,stable,0.045417067,0.015595124
8822,stable,0.068687834,0.1431746
8823,stable,0.048838805,0.016092444
8824,falling,0.051687572,0.021785794
8825,falling,0.039606377,0.026424536
8826,falling,0.039161008,0.027437817
8827,falling,0.039732993,0.026596338
8828,falling,0.03402743,0.010085202
8829,falling,0.053389512,0.034843456
8830,falling,0.062186424,0.16121213
8831,stable,0.035119858,0.0053552897
8832,stable,0.059886377,0.12112646
8833,stable,0.044524524,0.00789189
8834,stable,0.04303387,0.00838785
8835,stable,0.067710645,0.07063303
8836,rising,0.043197956,0.06936554
8837,rising,0.057040337,0.09312894
8838,rising,0.03439583,0.013417673
8839,rising,0.025355188,0.004492849
8840,rising,0.029781561,0.0068245647
8841,rising,0.052101362,0.03329386
8842,stable,0.040164225,0.006284088
8843,stable,0.04795932,0.007936664
8844,stable,0.046539783,0.011176067
8845,stable,0.06725716,0.037898894
8846,stable,0.046361092,0.0101069305
8847,stable,0.060729,0.08358471
8848,falling,0.056800473,0.0052612964
8849,falling,0.06939346,0.035109553
8850,falling,0.0799769,0.011034126
8851,falling,0.07299025,0.008858516
8852,falling,0.085442506,0.014073917
8853,stable,0.11869313,0.021677375
8854,falling,0.07420231,0.012870914
8855,stable,0.098586775,0.14302601
8856,stable,0.07113616,0.012593874
8857,stable,0.07995476,0.011596614
8858,stable,0.085302204,0.07393788
8859,stable,0.07407294,0.015494015
8860,stable,0.06891777,0.051109385
8861,rising,0.063142344,0.025149941
8862,rising,0.035989925,0.011257362
8863,rising,0.051379032,0.015824763
8864,stable,0.030912006,0.012588802
8865,rising,0.045192063,0.0457324
8866,rising,0.040666357,0.015219911
8867,stable,0.049078465,0.03478478
8868,stable,0.05043932,0.13611874
8869,stable,0.03699509,0.010936722
8870,stable,0.050942283,0.01799114
8871,stable,0.051876854,0.082751594
8872,falling,0.04809822,0.06853702
8873,falling,0.026682766,0.01016815
8874,falling,0.046761546,0.024222696
8875,falling,0.079082824,0.03057197
8876,falling,0.07756792,0.022793027
8877,falling,0.057051353,0.012043504
8878,stable,0.058199383,0.012780727
8879,stable,0.06251069,0.05329893
8880,stable,0.061787058,0.012132511
8881,stable,0.10680647,0.082779236
8882,stable,0.11603049,0.07823526
8883,rising,0.10412882,0.046420652
8884,stable,0.09716943,0.051878307
8885,rising,0.0981075,0.027054857
8886,rising,0.09307911,0.020006599
8887,rising,0.12735778,0.019751025
8888,rising,0.12947835,0.045866493
8889,stable,0.09081017,0.03612538
8890,stable,0.11847419,0.03426133
8891,stable,0.1343653,0.111845806
8892,stable,0.087881565,0.11184954
8893,stable,0.11216232,0.12871651
8894,stable,0.05912361,0.012389728
8895,stable,0.07794253,0.08297313
8896,stable,0.082772285,0.016324742
8897,falling,0.07244856,0.01615756
8898,falling,0.09545839,0.014263914
8899,falling,0.048602138,0.010211819
8900,falling,0.05454461,0.009991361
8901,falling,0.05258303,0.00889872
8902,stable,0.057525206,0.022381699
8903,stable,0.06745924,0.02008753
8904,stable,0.06724025,0.01556047
8905,stable,0.07412544,0.08359615
8906,stable,0.083328485,0.14618173
8907,stable,0.06553493,0.018002024
8908,rising,0.048205193,0.032363124
8909,stable,0.04607744,0.028022317
8910,rising,0.04996848,0.014919906
8911,rising,0.041369557,0.022489257
8912,rising,0.0424357,0.017892174
8913,stable,0.05180312,0.020267367
8914,stable,0.06001123,0.016945172
8915,stable,0.07107956,0.019656627
8916,stable,0.10890356,0.15244326
8917,stable,0.10763476,0.21816505
8918,stable,0.054105237,0.015457072
8919,stable,0.07329231,0.03324825
8920,stable,0.08050516,0.025762292
8921,falling,0.09335853,0.027952412
8922,falling,0.0634197,0.017361546
8923,falling,0.09125798,0.030874947
8924,falling,0.054769594,0.017466225
8925,falling,0.060540676,0.025967991
8926,falling,0.04576744,0.0075612376
8927,stable,0.04998884,0.009738564
8928,stable,0.087180756,0.06834844
8929,stable,0.071983226,0.011742535
8930,stable,0.10201408,0.07736056
8931,stable,0.10099996,0.04288381
8932,rising,0.1049523,0.042929344
8933,rising,0.10051517,0.022447413
8934,rising,0.100037254,0.01727008
8935,rising,0.0894113,0.028609773
8936,rising,0.10307933,0.0195233
8937,rising,0.11879403,0.06609732
8938,rising,0.12808801,0.028961709
8939,stable,0.07995678,0.014911698
8940,stable,0.0766397,0.03954826
8941,stable,0.06471233,0.014086393
8942,stable,0.09758594,0.15067844
8943,stable,0.09731569,0.13075222
8944,falling,0.06772247,0.083953016
8945,falling,0.056734975,0.024694128
8946,falling,0.08387165,0.02846529
8947,falling,0.07160191,0.010284473
8948,falling,0.07311504,0.0162481
8949,falling,0.079260714,0.043159403
8950,stable,0.09919568,0.07007007
8951,stable,0.09813867,0.098878205
8952,stable,0.07443335,0.012727026
8953,stable,0.079087965,0.013356585
8954,stable,0.106516436,0.134623
8955,rising,0.07466962,0.008251721
8956,rising,0.07775554,0.011912457
8957,rising,0.06545412,0.01073789
8958,rising,0.071257964,0.020978782
8959,rising,0.061192427,0.014812103
8960,rising,0.0554698,0.013538223
8961,rising,0.048725747,0.04885661
8962,stable,0.034958966,0.01810615
8963,stable,0.0693486,0.11909572
8964,stable,0.030708726,0.01121291
8965,stable,0.059543867,0.16996281
8966,stable,0.033930447,0.007645376
8967,stable,0.043261528,0.010258861
8968,falling,0.03347158,0.02154408
8969,falling,0.028968366,0.010373254
8970,falling,0.036536362,0.02113993
8971,falling,0.026831103,0.0047723977
8972,falling,0.039562,0.00626088
8973,stable,0.05015614,0.029764201
8974,falling,0.053778242,0.058014948
8975,stable,0.0636285,0.079461075
8976,stable,0.0436876,0.014249921
8977,stable,0.067940384,0.11487964
8978,stable,0.05194101,0.013942842
8979,stable,0.051551174,0.017810393
8980,rising,0.06257026,0.07264403
8981,rising,0.05315941,0.030023128
8982,rising,0.051209014,0.015068238
8983,rising,0.06787028,0.012576834
8984,rising,0.07126735,0.018937351
8985,rising,0.06554739,0.020381426
8986,stable,0.058518697,0.013369773
8987,stable,0.089913756,0.15437928
8988,stable,0.08880843,0.026070263
8989,stable,0.055662643,0.014496422
8990,stable,0.06983696,0.012056735
8991,stable,0.07886804,0.100841336
8992,falling,0.06006609,0.0151045965
8993,falling,0.08771451,0.021623865
8994,falling,0.10267011,0.024729995
8995,falling,0.060069375,0.0089819
8996,falling,0.056355942,0.011774614
8997,falling,0.062372852,0.012864004
8998,stable,0.06689017,0.012627948
8999,stable,0.077977136,0.04506808
9000,stable,0.12066509,0.093604974
9001,stable,0.06269569,0.075934075
9002,stable,0.039633214,0.016768467
9003,stable,0.04396164,0.08330279
9004,rising,0.03374978,0.0364659
9005,rising,0.030313931,0.009879385
9006,rising,0.030434543,0.01094536
9007,rising,0.027098374,0.0078045144
9008,rising,0.02824984,0.007460078
9009,rising,0.060837675,0.034828708
9010,stable,0.06671369,0.08842707
9011,stable,0.09771517,0.24904826
9012,stable,0.12795885,0.12680142
9013,stable,0.12273096,0.15420334
9014,stable,0.07235871,0.012839178
9015,stable,0.06951721,0.025588607
9016,stable,0.106381856,0.13337334
9017,falling,0.109344944,0.06118025
9018,falling,0.1719533,0.16129611
9019,falling,0.14003825,0.036375105
9020,falling,0.11085984,0.025566854
9021,falling,0.07187453,0.030561557
9022,stable,0.06762629,0.038127773
9023,stable,0.07807578,0.023751626
9024,stable,0.070353895,0.04390483
9025,stable,0.06440399,0.017907433
9026,stable,0.07248369,0.03206611
9027,stable,0.061588544,0.042186197
9028,rising,0.07118512,0.028002886
9029,rising,0.084053725,0.01989542
9030,rising,0.10610305,0.03695042
9031,rising,0.11024337,0.02834573
9032,rising,0.10289281,0.052656557
9033,rising,0.07996559,0.021748474
9034,stable,0.11307592,0.15012453
9035,stable,0.11132694,0.15623917
9036,stable,0.1886546,0.24239771
9037,stable,0.11426194,0.23587278
9038,stable,0.08522812,0.04384802
9039,stable,0.07476605,0.032475244
9040,falling,0.06810435,0.027265014
9041,falling,0.050381694,0.019462146
9042,falling,0.047782324,0.025131674
9043,falling,0.04654201,0.01838536
9044,falling,0.049488008,0.020999668
9045,falling,0.05261296,0.016177367
9046,falling,0.03028826,0.01426973
9047,stable,0.027104532,0.008814377
9048,stable,0.075404726,0.10522149
9049,stable,0.040113505,0.014461015
9050,stable,0.02699981,0.008698994
9051,stable,0.049754076,0.07189292
9052,rising,0.038383022,0.020308074
9053,rising,0.041758083,0.02150175
9054,rising,0.04120219,0.027863834
9055,rising,0.020920578,0.007887267
9056,rising,1.0911825,0.043003906
9057,rising,1.6205052,0.06851841
9058,stable,1.7269695,0.09512154
9059,stable,1.8962535,0.068069555
9060,stable,1.9185385,0.16041301
9061,stable,1.9851712,0.20871682
9062,stable,1.8733673,0.2231036
9063,stable,1.9414026,0.11053431
9064,falling,2.0012605,0.08634008
9065,falling,1.9981539,0.104850166
9066,falling,2.0254123,0.11601204
9067,falling,1.9729407,0.11092299
9068,spike,0.29119498,0.39713943
9069,spike,0.2558771,0.3679442
9070,spike,0.9956904,0.2940961
9071,spike,1.3947457,0.4272255
9072,spike,1.4569899,0.30660158
9073,spike,1.4451967,0.2069968
9074,spike,1.2886868,0.08973348
9075,spike,1.3522243,0.06839832
9076,spike,1.3651003,0.06975423
9077,spike,1.385477,0.11253848
9078,spike,1.3671081,0.08437705
9079,stable,1.4232192,0.115678385
9080,stable,1.4215206,0.10718334
9081,stable,1.4332904,0.10156032
9082,spike,0.12725416,0.07441164
9083,spike,0.16652042,0.16835336
9084,spike,0.16204177,0.07035886
9085,spike,0.19441764,0.1084788
9086,spike,0.20619415,0.09534412
9087,spike,0.19398858,0.08587354
9088,spike,0.2617169,0.22651413
9089,spike,0.20694289,0.15611956
9090,spike,0.16645773,0.10542069
9091,spike,0.11630678,0.048173837
9092,spike,0.074571855,0.038404834
9093,falling,0.06578485,0.039818607
9094,falling,0.06228354,0.039208222
9095,falling,0.049288098,0.07003933
9096,stable,0.03973643,0.04270793
9097,stable,0.045613162,0.05631814
9098,stable,0.053900424,0.06685047
9099,stable,0.06024747,0.048382897
9100,stable,0.054134347,0.059581608
9101,rising,0.041777484,0.02517701
9102,rising,0.04391211,0.03116744
9103,rising,0.059798997,0.05529182
9104,rising,0.06767493,0.09494976
9105,stable,0.059056334,0.11002017
9106,rising,0.040741093,0.024366407
9107,stable,0.07211049,0.1381589
9108,stable,0.09454155,0.21838616
9109,stable,0.060079183,0.043226484
9110,stable,0.05527453,0.020844696
9111,stable,0.06602978,0.045566056
9112,falling,0.05197906,0.040128496
9113,falling,0.07032666,0.11595477
9114,falling,0.06082199,0.056105707
9115,falling,0.06696932,0.036029913
9116,falling,0.06520054,0.03361628
9117,falling,0.058184166,0.029292261
9118,stable,0.049534913,0.047451764
9119,stable,0.044049267,0.01324577
9120,stable,0.058032054,0.107298404
9121,stable,0.082111426,0.09798267
9122,stable,0.06587884,0.015883151
9123,stable,0.0715953,0.02946925
9124,rising,0.062372107,0.043210324
9125,rising,0.061847307,0.020094039
9126,rising,0.06578311,0.019629752
9127,rising,0.09496767,0.025576496
9128,rising,0.08431506,0.071698934
9129,rising,0.07904767,0.06473433
9130,rising,0.07731876,0.017901035
9131,stable,0.15052801,0.544463
9132,stable,0.08871964,0.056370363
9133,stable,0.10771244,0.13685977
9134,stable,0.0736821,0.019494697
9135,stable,0.07654383,0.069843784
9136,stable,0.061181035,0.017857552
9137,falling,0.06937569,0.064917855
9138,falling,0.064867586,0.032237176
9139,falling,0.077842444,0.020994019
9140,falling,0.08075284,0.028794495
9141,falling,0.06708022,0.014599787
9142,stable,1.5940673,0.048850514
9143,stable,2.30199,0.10106826
9144,stable,2.7021484,0.16002177
9145,stable,3.0361743,0.1659883
9146,stable,3.115387,0.1015288
9147,stable,3.06265,0.16014987
9148,rising,3.263221,0.38090768
9149,rising,3.3566563,0.29000536
9150,rising,3.1917317,0.18160671
9151,rising,3.1449661,0.14429866
9152,rising,3.376512,0.1927457
9153,rising,3.2402215,0.14517586
9154,spike,0.23533645,0.14755745
9155,spike,0.1530963,0.09197006
9156,spike,0.22844829,0.34176388
9157,spike,0.20684786,0.22463034
9158,spike,0.19501851,0.14302452
9159,spike,0.13719875,0.13575949
9160,spike,0.15673451,0.13919553
9161,spike,0.0490011,0.008666702
9162,spike,0.04886351,0.035555057
9163,spike,0.047379036,0.028888855
9164,spike,0.04843602,0.01600856
9165,falling,0.045142807,0.00945882
9166,falling,0.049650382,0.037868172
9167,falling,0.08004161,0.036986835
9168,stable,0.041887358,0.01988447
9169,stable,0.09488249,0.11866376
9170,stable,0.043454155,0.023328412
9171,stable,0.075241335,0.04069888
9172,rising,0.07359175,0.03954061
9173,rising,0.07551567,0.072802015
9174,rising,0.08091774,0.03926373
9175,rising,0.08943992,0.054335143
9176,rising,0.071015105,0.02746995
9177,stable,0.074697755,0.029762527
9178,stable,0.054383524,0.024524637
9179,stable,0.05453452,0.08465069
9180,stable,0.081643395,0.23642877
9181,stable,0.039597735,0.020946024
9182,stable,0.038331635,0.011225051
9183,stable,0.053266093,0.038999956
9184,falling,0.060664203,0.06887956
9185,falling,0.05015665,0.01302328
9186,falling,0.031664707,0.042551666
9187,falling,0.025538428,0.0070880116
9188,falling,0.02610368,0.010736288
9189,stable,0.03482596,0.042126287
9190,stable,0.069220744,0.04345948
9191,stable,0.08240603,0.06346804
9192,stable,0.09048542,0.107388236
9193,stable,0.08743792,0.13970618
9194,stable,0.070458494,0.014513022
9195,stable,0.09270192,0.036686927
9196,rising,0.07017802,0.01814304
9197,rising,0.07096019,0.023928428
9198,rising,0.06939183,0.015063485
9199,rising,0.13188978,0.34158254
9200,rising,0.06653173,0.017205842
9201,rising,0.091210365,0.11083891
9202,rising,0.060987826,0.033061095
9203,stable,0.08352037,0.20469786
9204,stable,0.05658329,0.09865862
9205,stable,0.07631181,0.098917104
9206,stable,0.089099176,0.13239785
9207,falling,0.08312664,0.1259229
9208,falling,0.057344485,0.0077832695
9209,falling,0.066404924,0.017901698
9210,falling,0.06571822,0.011280957
9211,falling,0.05341391,0.007548975
9212,falling,0.054437514,0.009676575
9213,falling,0.060194124,0.025937926
9214,stable,0.061797485,0.044018023
9215,stable,0.0732214,0.061815932
9216,stable,0.049957547,0.011534093
9217,stable,0.09286062,0.08536507
9218,stable,0.020780196,0.005402395
9219,stable,0.051325444,0.11605859
9220,rising,0.03300632,0.038353894
9221,rising,0.042687703,0.10879839
9222,rising,0.029242426,0.017621731
9223,rising,0.03214818,0.0090195
9224,rising,0.039556213,0.03077687
9225,rising,0.041954663,0.008715734
9226,stable,0.04067633,0.010301038
9227,stable,0.05351828,0.08730169
9228,stable,0.060655404,0.023851689
9229,stable,0.041827288,0.038307823
9230,stable,0.035087887,0.00915451
9231,falling,0.030785922,0.0064413566
9232,falling,0.033247426,0.018860813
9233,falling,0.029930973,0.003927432
9234,falling,0.039030757,0.025094215
9235,falling,0.037603293,0.007105952
9236,falling,0.041292325,0.008358724
9237,falling,0.025429662,0.010137969
9238,stable,0.030435946,0.007354715
9239,stable,0.0379673,0.06054862
9240,stable,0.056680962,0.12858967
9241,stable,0.0531076,0.10608532
9242,stable,0.031244447,0.00947081
9243,stable,0.052447353,0.11901981
9244,rising,0.031114848,0.011834818
9245,rising,0.023179382,0.008063392
9246,rising,0.029496754,0.0199102
9247,rising,0.032774642,0.016619539
9248,rising,0.026838802,0.022931108
9249,rising,0.035442825,0.04891352
9250,rising,0.028257143,0.043424245
9251,stable,0.024022413,0.011294842
9252,stable,0.04124255,0.14306274
9253,stable,0.016830593,0.012854678
9254,stable,0.0192553,0.007934682
9255,stable,0.01972833,0.008528422
9256,stable,0.026264515,0.044502087
9257,falling,0.022403525,0.020469802
9258,falling,0.016025381,0.0076717925
9259,falling,0.018296212,0.008795056
9260,falling,0.028403537,0.005535843
9261,falling,0.048971128,0.098779574
9262,stable,0.049578015,0.015342139
9263,stable,0.053934228,0.06887316
9264,stable,0.046677265,0.010165648
9265,stable,0.09209322,0.17507201
9266,stable,0.0943434,0.14041352
9267,stable,0.07377643,0.022857925
9268,rising,0.07302487,0.013319266
9269,rising,0.07241121,0.009867199
9270,rising,0.07127576,0.011573415
9271,rising,0.06837598,0.009799219
9272,rising,0.0872178,0.029752716
9273,rising,0.117514335,0.32267535
9274,stable,0.12895824,0.28113055
9275,stable,0.09150562,0.06882076
9276,stable,0.064976454,0.013762416
9277,stable,0.06458246,0.09104611
9278,stable,0.042924635,0.028946798
9279,stable,0.034371857,0.018021187
9280,falling,0.029594488,0.008424468
9281,falling,0.02922489,0.009718126
9282,falling,0.028090803,0.009663017
9283,falling,0.029228473,0.008253617
9284,falling,0.028095758,0.013524984
9285,stable,0.027080378,0.011641714
9286,stable,0.026235368,0.009706052
9287,stable,0.047742095,0.106298275
9288,stable,0.02595042,0.017565021
9289,stable,0.02754408,0.07537157
9290,stable,0.018572014,0.0058817114
9291,stable,0.041589785,0.09611445
9292,rising,0.024864856,0.009756757
9293,rising,0.03212193,0.041447744
9294,rising,0.016907252,0.004771864
9295,rising,0.015525138,0.003623955
9296,rising,0.019990662,0.00881077
9297,rising,0.022102606,0.008175352
9298,stable,0.019096075,0.005128397
9299,stable,0.04451094,0.048670087
9300,stable,0.03679886,0.07221464
9301,stable,0.029935945,0.008987181
9302,stable,0.054622833,0.08549251
9303,stable,0.069814496,0.05825086
9304,stable,0.05105972,0.028273432
9305,falling,0.05910243,0.01924272
9306,falling,0.061368544,0.010934357
9307,falling,0.074941084,0.027142256
9308,falling,0.072583355,0.013488199
9309,falling,0.07759308,0.06616405
9310,stable,0.09247888,0.07626849
9311,stable,0.07550415,0.0134102795
9312,stable,0.075143605,0.011435171
9313,stable,0.06817201,0.009832583
9314,stable,0.11425107,0.21061803
9315,rising,0.072151296,0.07438969
9316,rising,0.04487706,0.014036141
9317,rising,0.057076428,0.072092496
9318,rising,0.039727774,0.0104542505
9319,rising,0.034725,0.0064982013
9320,rising,0.03427275,0.011892578
9321,rising,0.049906317,0.011513955
9322,stable,0.039415535,0.014009428
9323,stable,0.0635627,0.09243468
9324,stable,0.057467677,0.019406045
9325,stable,0.06337769,0.019758267
9326,stable,0.07452814,0.042394638
9327,stable,0.06993196,0.070330806
9328,stable,0.05066098,0.028076228
9329,falling,0.07144227,0.027740864
9330,falling,0.070327416,0.020644965
9331,falling,0.026363079,0.020540249
9332,falling,0.052817483,0.039000023
9333,falling,0.043568067,0.034161206
9334,stable,0.062093306,0.10962576
9335,stable,0.06962704,0.1221612
9336,stable,0.04455399,0.0069517093
9337,stable,0.095507175,0.17759593
9338,stable,0.05943084,0.011960407
9339,stable,0.06307903,0.015821446
9340,rising,0.058956154,0.0072216317
9341,rising,0.05819146,0.005270058
9342,rising,0.0658581,0.01734477
9343,rising,0.06644954,0.0066024824
9344,rising,0.062485926,0.012887628
9345,stable,0.050619952,0.011296648
9346,stable,0.09250407,0.25076514
9347,stable,0.04928193,0.008181694
9348,stable,0.052937582,0.037799526
9349,stable,0.08872279,0.04741872
9350,stable,0.06869359,0.12157794
9351,stable,0.05098046,0.013340162
9352,falling,0.057207942,0.04560104
9353,falling,0.05152767,0.046376143
9354,falling,0.0461015,0.009624902
9355,falling,0.05911502,0.01192989
9356,falling,0.07586577,0.020260902
9357,falling,0.05691884,0.02665491
9358,stable,0.044557877,0.0055745696
9359,stable,0.06281909,0.08088347
9360,stable,0.061219793,0.06885344
9361,stable,0.07164948,0.0218143
9362,stable,0.034528088,0.007419817
9363,stable,0.04971167,0.09592731
9364,rising,0.03352934,0.006950086
9365,rising,0.035177,0.008086987
9366,rising,0.05639564,0.0129552
9367,rising,0.05062353,0.082965925
9368,rising,0.042337667,0.011522022
9369,rising,0.03234351,0.011472977
9370,stable,0.03511439,0.010659555
9371,stable,0.029951304,0.0078791985
9372,stable,0.031883672,0.010284036
9373,stable,0.033730015,0.0077731814
9374,stable,0.030270075,0.011091199
9375,stable,0.03363375,0.0075644758
9376,stable,0.031848524,0.0177261
9377,falling,0.032212187,0.006932948
9378,falling,0.029569024,0.035910163
9379,falling,0.019499822,0.004846909
9380,falling,1.6389025,0.080168545
9381,falling,2.451887,0.09257892
9382,falling,2.809153,0.39052126
9383,stable,2.8789585,0.108100355
9384,stable,3.0403333,0.3749357
9385,stable,3.1979387,0.35439706
9386,stable,3.2166023,0.5692804
9387,stable,3.115315,0.15628614
9388,rising,3.115693,0.10331453
9389,rising,3.1293118,0.1456919
9390,rising,3.2328742,0.20444715
9391,rising,3.1182687,0.12373291
9392,spike,0.20888995,0.23414029
9393,spike,0.102513276,0.056231495
9394,spike,0.093460485,0.024153618
9395,spike,0.111597925,0.07706173
9396,spike,0.1339812,0.14069447
9397,spike,0.1402104,0.13304162
9398,spike,0.14895456,0.15685351
9399,spike,0.096883275,0.085748844
9400,spike,0.08807681,0.052039165
9401,spike,0.09065845,0.03386557
9402,spike,0.087516166,0.040761918
9403,falling,0.062136095,0.033995833
9404,falling,0.0972886,0.07480007
9405,falling,0.045657173,0.037780806
9406,falling,0.063004896,0.08003337
9407,stable,0.04733797,0.020157933
9408,stable,0.05034677,0.0135483695
9409,stable,0.07500211,0.12571362
9410,stable,0.08163258,0.19277807
9411,stable,0.066877924,0.07093815
9412,rising,0.053425804,0.032988064
9413,rising,0.048927687,0.017594587
9414,rising,0.0539033,0.012998026
9415,rising,0.052288905,0.010770537
9416,rising,0.05562562,0.032720733
9417,stable,0.054164905,0.048338994
9418,stable,0.05341751,0.055108335
9419,stable,0.05159348,0.019170102
9420,stable,0.042722065,0.0073714703
9421,stable,0.04415876,0.011898018
9422,stable,0.054092597,0.028745135
9423,stable,0.04600952,0.01875989
9424,falling,0.03964301,0.009971317
9425,falling,0.039652906,0.012642052
9426,falling,0.037860274,0.010870852
9427,falling,0.036075506,0.013139738
9428,falling,0.03964428,0.018658027
9429,falling,0.036816176,0.011683257
9430,stable,0.03557382,0.008987013
9431,stable,0.05413171,0.032454498
9432,stable,0.03246439,0.041711442
9433,stable,0.022881437,0.0063905586
9434,stable,0.031198507,0.04386409
9435,stable,0.029894968,0.0067593334
9436,rising,0.04702338,0.047324903
9437,rising,0.04433712,0.018146046
9438,rising,0.048301086,0.01789729
9439,rising,0.04999068,0.014799724
9440,rising,0.04981732,0.015662631
9441,rising,0.054240007,0.016309807
9442,stable,0.069249004,0.014753772
9443,stable,0.08384327,0.096232206
9444,stable,0.08913008,0.10724195
9445,stable,0.100823,0.1416731
9446,stable,0.056399677,0.010631674
9447,falling,0.067447685,0.0155323595
9448,stable,0.051524084,0.011062455
9449,falling,0.06668054,0.01687822
9450,falling,0.074167386,0.04349463
9451,falling,0.0480042,0.019725127
9452,falling,0.03411675,0.00838332
9453,falling,0.049131513,0.047289867
9454,falling,0.06021854,0.11720666
9455,stable,0.07134466,0.15997829
9456,stable,0.04767544,0.021771662
9457,stable,0.042564068,0.0067856065
9458,stable,0.04248563,0.008781629
9459,stable,0.056018744,0.09637914
9460,rising,0.042550314,0.010255449
9461,rising,0.0441744,0.008106317
9462,rising,0.03761508,0.0070975674
9463,rising,0.039253756,0.008223717
9464,rising,0.045864884,0.014413387
9465,rising,0.04330575,0.011675654
9466,stable,0.046749245,0.015319551
9467,stable,0.03948017,0.016411567
9468,stable,0.056855373,0.02410027
9469,stable,0.02295323,0.029146912
9470,stable,0.03961348,0.07702882
9471,stable,0.028466793,0.033024807
9472,falling,0.03317356,0.03683351
9473,falling,0.029110415,0.00808358
9474,falling,0.042645924,0.011853696
9475,falling,0.053412233,0.011732351
9476,falling,0.07948731,0.12837929
9477,falling,0.053003017,0.022221653
9478,stable,0.078916214,0.067940295
9479,stable,0.09059795,0.065975726
9480,stable,0.07118078,0.01787689
9481,stable,0.11759095,0.28991517
9482,stable,0.07000438,0.1375303
9483,stable,0.09972763,0.1953979
9484,rising,0.054659046,0.014555081
9485,rising,0.06494064,0.047218204
9486,rising,0.06720054,0.05282496
9487,rising,0.07405067,0.15267509
9488,rising,0.03634379,0.008325819
9489,rising,0.04805798,0.035981014
9490,stable,0.03773772,0.0073546516
9491,stable,0.045255516,0.017609173
9492,stable,0.0549689,0.122511886
9493,stable,0.037496764,0.0058824914
9494,stable,0.041066695,0.007592206
9495,stable,0.057011247,0.072328605
9496,falling,0.050750896,0.0107099945
9497,falling,0.048293456,0.012463674
9498,falling,0.04448809,0.020768087
9499,falling,0.041133396,0.0070995367
9500,falling,0.048856977,0.00983244
9501,falling,0.05327662,0.01467261
9502,falling,0.0693731,0.07529069
9503,stable,0.05012112,0.00995839
9504,stable,0.054402526,0.023055218
9505,stable,0.058944616,0.019227827
9506,stable,0.034908034,0.008402264
9507,stable,0.04806566,0.0079129925
9508,rising,0.048349533,0.011178438
9509,rising,0.046079494,0.010194488
9510,rising,0.048356935,0.013576375
9511,rising,0.050147604,0.010578852
9512,rising,0.051574383,0.02330696
9513,rising,0.041473404,0.007980692
9514,stable,1.3179485,0.1105518
9515,stable,2.0637395,0.22033186
9516,stable,2.3323522,0.107427396
9517,stable,2.3139393,0.105460316
9518,stable,2.5639045,0.13780764
9519,falling,4.1019,0.29898378
9520,falling,5.05199,0.18372144
9521,falling,5.240153,0.36195743
9522,falling,5.186421,0.25053012
9523,falling,5.1615887,0.32483357
9524,falling,5.547676,0.22992133
9525,falling,5.636432,0.24173301
9526,spike,2.4910321,0.54646856
9527,spike,2.2530909,0.7794858
9528,spike,2.0466554,0.2611586
9529,spike,2.1361914,0.4959979
9530,spike,1.9283801,0.23027001
9531,spike,0.32320878,0.292677
9532,spike,0.06798239,0.079327114
9533,spike,0.057956345,0.032059696
9534,spike,0.049793147,0.049310964
9535,spike,0.0380393,0.03397682
9536,spike,0.04534804,0.019341452
9537,spike,0.03006233,0.068591215
9538,spike,0.02897248,0.011683161
9539,spike,0.04422277,0.02115138
9540,spike,0.14284864,0.16328216
9541,spike,0.12358766,0.04914471
9542,falling,0.08448146,0.05011978
9543,falling,0.07703837,0.09647313
9544,falling,0.059131954,0.03234652
9545,falling,0.13455647,0.116037905
9546,falling,0.21348658,0.11770737
9547,falling,0.1755899,0.07908712
9548,falling,0.12093282,0.050282575
9549,falling,0.11410519,0.187396
9550,falling,0.0412942,0.021390729
9551,stable,0.033605076,0.007299169
9552,stable,0.05890224,0.13413414
9553,stable,0.04532462,0.11153424
9554,stable,0.037445035,0.017794454
9555,rising,0.045424923,0.031278986
9556,rising,0.052972928,0.021937396
9557,rising,0.066792086,0.05944036
9558,rising,0.06499395,0.02766984
9559,rising,0.07139031,0.025222043
9560,rising,0.07608818,0.032896146
9561,rising,0.09951257,0.10121236
9562,stable,0.098432556,0.08106919
9563,stable,0.09061797,0.054528873
9564,stable,1.2960719,0.1898132
9565,stable,1.8259321,0.27497196
9566,stable,2.152495,0.39421773
9567,stable,2.1904671,0.35112566
9568,falling,2.2400281,0.33983475
9569,falling,2.24321,0.43122226
9570,falling,2.3167799,0.47449288
9571,falling,2.43824,0.5890141
9572,falling,2.401019,0.31139496
9573,falling,2.4385376,0.3315512
9574,stable,2.4826124,0.2700504
9575,stable,2.6055956,0.14049265
9576,spike,0.18815023,0.3714517
9577,spike,0.101225235,0.23321408
9578,spike,0.10499969,0.14230014
9579,spike,0.10753665,0.10611191
9580,spike,0.06056512,0.060054313
9581,spike,0.05681203,0.031288825
9582,spike,0.07468243,0.038086697
9583,spike,0.0760055,0.035753347
9584,spike,0.059073698,0.02291551
9585,spike,0.046575382,0.015449853
9586,spike,0.051372334,0.037409652
9587,falling,0.08911069,0.14977452
9588,falling,0.053076163,0.014754335
9589,falling,0.06429739,0.02294635
9590,falling,0.10988927,0.044845786
9591,falling,0.10540266,0.0585925
9592,falling,0.08062837,0.041960742
9593,falling,0.060459,0.042672075
9594,falling,0.041543733,0.015364283
9595,falling,0.08015435,0.051554833
9596,falling,0.12336273,0.04533728
9597,falling,0.13847037,0.03184004
9598,falling,0.084448166,0.024163892
9599,stable,0.06528094,0.024491837
9600,stable,0.06306528,0.0060946713
9601,stable,0.079532556,0.03893114
9602,stable,0.051898886,0.011239501
9603,stable,0.048945837,0.011237146
9604,rising,0.055022582,0.018486314
9605,rising,0.058835465,0.02228348
9606,rising,0.054716308,0.015483533
9607,rising,0.08135246,0.027859922
9608,stable,0.03396859,0.030107513
9609,rising,0.036111943,0.047466487
9610,rising,0.058224913,0.07475768
9611,stable,0.046042528,0.016711175
9612,stable,0.07896664,0.022830136
9613,stable,0.06504235,0.022080746
9614,stable,0.10262486,0.11277055
9615,falling,0.070136406,0.016954884
9616,falling,0.09306707,0.08011286
9617,falling,0.076944016,0.067298554
9618,falling,0.06611458,0.01937729
9619,falling,0.06475563,0.015861474
9620,falling,0.074629135,0.018081212
9621,falling,0.09013994,0.0271489
9622,stable,0.10196697,0.022397032
9623,stable,0.060847238,0.010501004
9624,stable,0.06170527,0.023444591
9625,stable,0.06807639,0.12691863
9626,stable,0.055509076,0.0136044845
9627,rising,0.05950277,0.05038234
9628,rising,0.07315407,0.028686486
9629,rising,0.096556954,0.08316718
9630,rising,0.07962608,0.019294193
9631,rising,0.059867695,0.031155879
9632,rising,0.06814828,0.03770212
9633,stable,0.046105076,0.010257298
9634,stable,0.060625885,0.021776486
9635,stable,0.08958413,0.11247501
9636,stable,0.1027607,0.016859619
9637,stable,0.088237554,0.15920433
9638,stable,0.0538184,0.02760988
9639,stable,0.09426566,0.11382234
9640,falling,0.050146595,0.052300833
9641,falling,0.039169908,0.013789549
9642,falling,0.033740427,0.00970551
9643,falling,0.03650593,0.010100011
9644,falling,0.078784004,0.12309574
9645,falling,0.06421043,0.0420359
9646,stable,0.08260123,0.046187807
9647,stable,0.027816026,0.020471258
9648,stable,0.043378457,0.09239466
9649,stable,0.02863095,0.023880938
9650,stable,0.026819212,0.013859243
9651,rising,0.04227721,0.021812987
9652,rising,0.058707003,0.058967937
9653,rising,0.052258976,0.021228414
9654,rising,0.056178715,0.018897317
9655,rising,0.039719183,0.016148183
9656,rising,0.034115143,0.013044588
9657,stable,0.09226711,0.077553295
9658,stable,0.08184038,0.015203291
9659,stable,0.13070604,0.13710342
9660,stable,0.08472284,0.02146919
9661,stable,0.1041233,0.19352157
9662,stable,0.12500454,0.17998873
9663,falling,0.10093085,0.05137476
9664,falling,0.13370784,0.05962289
9665,falling,0.07888391,0.030503768
9666,falling,0.077923976,0.018315727
9667,falling,0.09428705,0.02017851
9668,falling,0.09509728,0.028803742
9669,falling,0.07307844,0.07941288
9670,stable,0.071870685,0.014583172
9671,stable,0.09313819,0.081192754
9672,stable,0.098354936,0.11535271
9673,stable,0.12223596,0.11359311
9674,stable,0.07326274,0.022696475
9675,stable,0.08423195,0.07863045
9676,rising,0.0881343,0.052965503
9677,rising,0.07106308,0.007029905
9678,rising,0.07008343,0.019926284
9679,rising,0.06985207,0.007784116
9680,rising,0.07435725,0.017636843
9681,stable,0.073151484,0.053763
9682,rising,0.09966821,0.11143513
9683,stable,0.056923248,0.0061499528
9684,stable,0.08495043,0.11618853
9685,stable,0.090959094,0.034258697
9686,stable,0.099461325,0.11900141
9687,stable,0.099047944,0.09675347
9688,falling,0.10651079,0.15168194
9689,stable,0.107417926,0.029566085
9690,falling,0.07381447,0.028835306
9691,falling,0.07808518,0.027470198
9692,falling,0.0660216,0.028363299
9693,falling,0.05793305,0.03323023
9694,stable,0.049414,0.016849713
9695,stable,0.046517797,0.012058008
9696,stable,0.054680537,0.009592378
9697,stable,0.055420477,0.03405922
9698,stable,0.05706441,0.042232405
9699,stable,0.05978698,0.0947924
9700,stable,0.037222814,0.00659185
9701,rising,0.035902124,0.009339403
9702,rising,0.07768121,0.0104601905
9703,rising,0.08530709,0.01754873
9704,rising,0.08570765,0.017742202
9705,rising,0.07428388,0.006308158
9706,rising,0.09407571,0.015533933
9707,stable,0.09379443,0.033492107
9708,stable,0.15884075,0.13042462
9709,stable,0.09936233,0.046560902
9710,stable,0.11314952,0.023608057
9711,stable,0.11539443,0.022293774
9712,falling,0.1033016,0.017927017
9713,falling,0.110075966,0.018658511
9714,falling,0.062049184,0.020475058
9715,falling,0.055987526,0.0076694577
9716,falling,0.056789033,0.014283348
9717,falling,0.060820542,0.02469713
9718,stable,0.050339542,0.02697117
9719,stable,0.05891371,0.027119316
9720,stable,0.090945594,0.051294263
9721,stable,0.054506104,0.018036267
9722,stable,0.13079011,0.11923853
9723,stable,0.06567612,0.05896206
9724,rising,0.054490253,0.024139887
9725,rising,0.057146013,0.023733817
9726,rising,0.060121015,0.021597696
9727,rising,0.068549246,0.03100657
9728,rising,0.062187336,0.026297022
9729,rising,0.03998555,0.02115983
9730,stable,0.057310797,0.031992417
9731,stable,0.029048901,0.01785996
9732,stable,0.048503857,0.11314757
9733,stable,0.03755641,0.036397308
9734,stable,0.053933922,0.06842832
9735,stable,0.07888652,0.14075695
9736,falling,0.054037217,0.017131787
9737,falling,0.041158758,0.013734993
9738,falling,0.037950337,0.025675226
9739,falling,0.032852624,0.016608672
9740,falling,0.062634006,0.09896867
9741,falling,0.067534834,0.024085503
9742,stable,0.08128483,0.013415789
9743,stable,0.09001497,0.042424183
9744,stable,0.11992502,0.11455172
9745,stable,0.09365826,0.10576167
9746,stable,0.12606989,0.11488433
9747,stable,0.08664358,0.071221
9748,stable,0.053351566,0.033796776
9749,rising,0.04668237,0.017553361
9750,rising,0.06815979,0.0208877
9751,rising,0.11533378,0.06026583
9752,rising,0.08562139,0.040121406
9753,rising,0.10662053,0.027445514
9754,stable,0.07958679,0.037079986
9755,stable,0.12266704,0.16230993
9756,stable,0.12426374,0.31999555
9757,stable,0.07755796,0.017978758
9758,stable,0.07218749,0.13229977
9759,stable,0.053013906,0.01728621
9760,falling,0.09276786,0.124490865
9761,falling,0.066901885,0.017569756
9762,falling,0.043142285,0.013454289
9763,falling,0.043708697,0.018239846
9764,falling,0.028615521,0.009175282
9765,falling,0.025395392,0.018215958
9766,stable,0.056046445,0.034127396
9767,stable,0.061499663,0.013154842
9768,stable,0.06516408,0.011322595
9769,stable,0.06811351,0.065913856
9770,stable,0.05637703,0.009577176
9771,stable,0.05573088,0.014330612
9772,stable,0.05653762,0.015485023
9773,rising,0.056540847,0.02982408
9774,rising,0.04870693,0.013668788
9775,rising,0.054552358,0.014358752
9776,rising,0.068577,0.024196034
9777,rising,0.069440976,0.028779645
9778,rising,0.104353815,0.047012944
9779,stable,0.037305374,0.027026253
9780,stable,0.03854352,0.032605134
9781,stable,0.06635819,0.14814138
9782,stable,0.031214533,0.018436471
9783,stable,0.06595511,0.15362643
9784,falling,0.06448152,0.123786755
9785,falling,0.04615325,0.04514149
9786,falling,0.048608404,0.02511673
9787,falling,0.045622215,0.017591063
9788,falling,0.026354572,0.0081855375
9789,falling,0.030225584,0.008441317
9790,stable,0.037748817,0.03489466
9791,stable,0.041780226,0.060636535
9792,stable,0.043184765,0.04178184
9793,stable,0.029720765,0.0056627644
9794,stable,0.06673927,0.15254484
9795,stable,0.04468057,0.015479
9796,rising,0.028329525,0.041041963
9797,rising,0.034485206,0.012973877
9798,rising,0.03455086,0.012422067
9799,rising,0.08866502,0.19371915
9800,rising,0.05573275,0.11082871
9801,rising,0.03434145,0.034337413
9802,stable,0.05566149,0.04507331
9803,stable,0.07658319,0.14057417
9804,stable,0.044105064,0.009865785
9805,stable,0.04333889,0.012834193
9806,stable,0.06452947,0.13486795
9807,stable,0.05101279,0.015931124
9808,falling,0.09372052,0.23232098
9809,falling,0.03947982,0.008380346
9810,falling,0.058995105,0.039427638
9811,falling,0.051315445,0.012676832
9812,falling,0.05376808,0.022426821
9813,falling,0.04958468,0.02158762
9814,falling,0.0456178,0.055160984
9815,stable,0.04555376,0.053060483
9816,stable,0.04791415,0.008653082
9817,stable,0.056174736,0.011938621
9818,stable,0.092742875,0.12216921
9819,stable,0.11075254,0.09799899
9820,rising,0.07057537,0.04459375
9821,rising,0.06955433,0.016868252
9822,rising,0.055141687,0.010519781
9823,rising,0.060353566,0.013947078
9824,rising,0.07689753,0.021663504
9825,rising,0.09087619,0.053194005
9826,stable,0.07340013,0.02947557
9827,stable,0.1307284,0.19402102
9828,stable,0.06300411,0.02452564
9829,stable,0.07194011,0.019098103
9830,stable,0.11884869,0.24610631
9831,falling,0.07036413,0.10613302
9832,falling,0.036166187,0.010425722
9833,stable,0.048606284,0.016448472
9834,falling,0.040644336,0.0151182525
9835,falling,0.03767181,0.012057406
9836,falling,0.0361366,0.014527915
9837,falling,0.042560704,0.03370221
9838,falling,0.03468126,0.036079634
9839,stable,0.04990124,0.1130093
9840,stable,0.07028935,0.07755187
9841,stable,0.0358022,0.012604334
9842,stable,0.034457028,0.016897291
9843,stable,0.034774072,0.006955141
9844,stable,0.046500858,0.08619839
9845,rising,0.032231595,0.009568653
9846,rising,0.043948974,0.011814338
9847,rising,0.044810005,0.00918011
9848,rising,0.049530882,0.01704353
9849,rising,0.053429388,0.045235813
9850,stable,0.06771628,0.08688097
9851,stable,0.072863676,0.017078456
9852,stable,0.04151786,0.014675522
9853,stable,0.04794218,0.029649038
9854,stable,0.068100214,0.19307718
9855,stable,0.03408132,0.009667269
9856,falling,0.037076507,0.008777669
9857,falling,0.062472027,0.104303285
9858,falling,0.04806095,0.09306264
9859,falling,0.04011458,0.011629706
9860,falling,0.04147707,0.015143814
9861,falling,0.036161255,0.017616244
9862,falling,0.03851708,0.009105671
9863,stable,0.04536471,0.0058664517
9864,stable,0.06760367,0.11346566
9865,stable,0.056198742,0.0109820785
9866,stable,0.077892385,0.14061221
9867,stable,0.060158256,0.06324293
9868,rising,0.064113125,0.11490743
9869,rising,0.050943356,0.030793184
9870,rising,0.07888334,0.19302796
9871,rising,0.06556842,0.03465744
9872,rising,0.041587546,0.0071194666
9873,rising,0.05396463,0.044301555
9874,rising,0.06606753,0.081660524
9875,stable,0.0290534,0.018778816
9876,stable,0.025510902,0.01001641
9877,stable,0.061498154,0.20093194
9878,stable,0.062250715,0.2089152
9879,stable,0.020894911,0.0049242754
9880,stable,0.05005413,0.095195994
9881,falling,0.02281833,0.005380053
9882,falling,0.025078604,0.0070560095
9883,falling,0.024411486,0.0083275605
9884,falling,0.031664897,0.010925156
9885,falling,0.02650344,0.007194912
9886,stable,0.030154156,0.006871797
9887,stable,0.051605128,0.019648375
9888,stable,0.04432585,0.011185632
9889,stable,0.06337641,0.07312937
9890,stable,0.08062394,0.08074685
9891,stable,0.0801188,0.080639586
9892,stable,0.04989831,0.017025143
9893,rising,0.051939685,0.027133118
9894,rising,0.03948529,0.011402055
9895,rising,0.054118153,0.012399367
9896,rising,0.062128775,0.011204333
9897,rising,0.07010787,0.012012315
9898,stable,0.075177684,0.010663426
9899,stable,0.080261834,0.018401865
9900,stable,0.08008068,0.045599595
9901,stable,0.06931188,0.0084500555
9902,stable,0.07825322,0.04090801
9903,stable,0.069631144,0.0050347224
9904,falling,0.07061081,0.008690779
9905,falling,0.078272104,0.050299857
9906,falling,0.0712207,0.014268176
9907,falling,0.049912486,0.01179085
9908,falling,0.044263642,0.014137735
9909,falling,0.042229004,0.0077288565
9910,stable,0.05814711,0.031104915
9911,stable,0.025684167,0.008160553
9912,stable,0.059402965,0.124068506
9913,stable,0.025000544,0.013334028
9914,stable,0.041474327,0.016506873
9915,stable,0.04907779,0.06909535
9916,rising,0.034229692,0.008087524
9917,rising,0.033113044,0.007085651
9918,rising,0.038049642,0.012180988
9919,rising,0.04274283,0.012845769
9920,rising,0.04156029,0.014431067
9921,stable,0.06850574,0.11876288
9922,rising,0.06380831,0.09217107
9923,stable,0.05550833,0.028079333
9924,stable,0.052771,0.018181855
9925,stable,0.0648805,0.13703191
9926,stable,0.027274461,0.006728152
9927,stable,0.056729827,0.14244486
9928,falling,0.02655539,0.0069523253
9929,falling,0.03929703,0.06736436
9930,falling,0.035943393,0.01183287
9931,falling,0.03913094,0.013123826
9932,falling,0.04240133,0.013705791
9933,falling,0.03929364,0.013527419
9934,stable,0.049341004,0.090570204
9935,stable,0.064182445,0.10295014
9936,stable,0.042260177,0.0083105955
9937,stable,0.03601282,0.011161294
9938,stable,0.05273677,0.08468451
9939,rising,0.055916894,0.11271493
9940,rising,0.05301827,0.09338253
9941,rising,0.043692417,0.06170145
9942,rising,0.032338347,0.012261444
9943,rising,0.041647714,0.012896782
9944,rising,0.05707055,0.03613706
9945,stable,0.04390548,0.015385544
9946,rising,0.027730681,0.008140256
9947,stable,0.0390536,0.0064628087
9948,stable,0.05433094,0.07895322
9949,stable,0.0570668,0.08050495
9950,stable,0.077902816,0.16838759
9951,stable,0.05459924,0.03362241
9952,falling,0.0471323,0.019868957
9953,falling,0.054948267,0.06537736
9954,falling,0.054262277,0.04351203
9955,falling,0.0367173,0.0099583715
9956,falling,0.03870633,0.009129977
9957,falling,0.049255315,0.033611383
9958,stable,0.038270842,0.007808918
9959,stable,0.07067671,0.14661984
9960,stable,0.072615586,0.1804855
9961,stable,0.07917739,0.16510843
9962,stable,0.018338103,0.0067898324
9963,rising,0.019941164,0.012740447
9964,rising,0.029180167,0.055741347
9965,rising,0.033328973,0.037787132
9966,rising,0.024907373,0.013387906
9967,rising,0.020284206,0.007208289
9968,rising,0.025613563,0.010021207
9969,rising,0.030262312,0.042539198
9970,stable,0.022785254,0.0059469603
9971,stable,0.030323774,0.01370816
9972,stable,0.07489665,0.25054187
9973,stable,0.052909795,0.10316816
9974,stable,0.058423102,0.056634743
9975,stable,0.039103195,0.02466311
9976,falling,0.041128747,0.006212632
9977,falling,0.04732367,0.018189287
9978,falling,0.05007911,0.021823827
9979,falling,0.04546752,0.014604069
9980,falling,0.039228395,0.008964398
9981,falling,0.052041568,0.03922436
9982,stable,0.050188117,0.009404173
9983,stable,0.054607686,0.009773903
9984,stable,0.06657781,0.016292946
9985,stable,0.08976345,0.15791059
9986,stable,0.08029345,0.046755552
9987,stable,0.042874772,0.010666155
9988,stable,0.055630255,0.012130968
9989,rising,0.054100096,0.009173484
9990,rising,0.055296935,0.010019112
9991,rising,0.059608296,0.02643703
9992,rising,0.060957666,0.0394335
9993,rising,0.043121815,0.0059234174
9994,rising,0.040575862,0.0074598193
9995,stable,0.0693466,0.08837013
9996,stable,0.06054193,0.034407124
9997,stable,0.053554934,0.07923772
9998,stable,0.046768326,0.044321496
9999,stable,0.03379971,0.01648744
10000,falling,0.02626094,0.0069642556
10001,falling,0.027869636,0.008597726
10002,falling,0.020285266,0.014988206
10003,falling,0.025704367,0.005257699
10004,falling,0.034237504,0.013459258
10005,falling,0.03474613,0.020775376
10006,stable,0.03202326,0.00627568
10007,stable,0.035546124,0.025205493
10008,stable,0.053426728,0.12137442
10009,stable,0.027920404,0.0055747563
10010,stable,0.046132084,0.007785082
10011,rising,0.053957023,0.034353655
10012,rising,0.07044821,0.12002135
10013,rising,0.048414838,0.011613689
10014,rising,0.053769458,0.012506799
10015,rising,0.07302071,0.019477101
10016,rising,0.05157984,0.009025106
10017,rising,0.07897864,0.023632621
10018,stable,0.07550631,0.009570955
10019,stable,0.098755166,0.043968614
10020,stable,0.10328688,0.017677726
10021,stable,0.086056605,0.015182835
10022,stable,0.10518963,0.12635182
10023,stable,0.095059864,0.031905856
10024,falling,0.08172571,0.05349434
10025,falling,0.063655585,0.022212652
10026,falling,0.06868572,0.016159207
10027,falling,0.090035886,0.014456503
10028,falling,0.11373536,0.020253971
10029,stable,0.059345607,0.0144542465
10030,stable,0.04889699,0.01256487
10031,stable,0.04702549,0.008748308
10032,stable,0.075797,0.1266358
10033,stable,0.083300896,0.016569635
10034,stable,0.055808466,0.010815369
10035,rising,0.041603267,0.021463469
10036,rising,0.03492749,0.008297217
10037,rising,0.040886387,0.005817799
10038,rising,0.063981205,0.07982632
10039,rising,0.06852809,0.012501251
10040,rising,0.06667957,0.014291247
10041,stable,0.0830311,0.016487291
10042,stable,0.14338118,0.2592954
10043,stable,0.11528929,0.02352541
10044,stable,0.079477765,0.015133883
10045,stable,0.08242896,0.04729639
10046,stable,0.08526607,0.014818226
10047,stable,0.066488855,0.022204945
10048,falling,0.08728859,0.04002305
10049,stable,0.06083755,0.011591399
10050,falling,0.06476281,0.010048505
10051,falling,0.057969317,0.04877842
10052,falling,0.04644228,0.015314501
10053,falling,0.048972584,0.01557899
10054,stable,0.050114147,0.025634691
10055,stable,0.065682985,0.1044561
10056,stable,0.071770445,0.11245562
10057,stable,0.046036217,0.008487985
10058,stable,0.08603713,0.14789522
10059,stable,0.056094673,0.010212028
10060,stable,0.070661984,0.08440105
10061,rising,0.05573593,0.0200521
10062,rising,0.048526525,0.0084570395
10063,rising,0.04462548,0.009340423
10064,rising,0.035624642,0.006996293
10065,rising,0.035167057,0.012387773
10066,stable,0.040047064,0.008755171
10067,stable,0.05214918,0.045694698
10068,stable,0.070553035,0.07657909
10069,stable,0.059843145,0.020858537
10070,stable,0.09904556,0.09635316
10071,stable,0.09529204,0.12045257
10072,falling,0.04801727,0.019351354
10073,falling,0.06478843,0.022169618
10074,falling,0.07593776,0.019177275
10075,falling,0.07141078,0.018847115
10076,falling,0.06786094,0.017785925
10077,falling,0.06670831,0.016163556
10078,stable,0.059343535,0.02691126
10079,stable,0.076022424,0.18054879
10080,stable,0.032517985,0.010076932
10081,stable,0.060825832,0.14818913
10082,stable,0.03557951,0.019064285
10083,stable,0.053378873,0.12240416
10084,rising,0.041379865,0.076491
10085,rising,0.031059517,0.033794343
10086,rising,0.017331766,0.0056088194
10087,rising,0.017162472,0.005628508
10088,rising,0.04267397,0.008037507
10089,rising,0.053613223,0.0102975285
10090,stable,0.08377239,0.13777079
10091,stable,0.058290504,0.02258339
10092,stable,0.062908776,0.022919042
10093,stable,1.345636,0.15127222
10094,stable,2.0448697,0.23643778
10095,stable,2.3913267,0.19238137
10096,falling,2.6689532,0.1507129
10097,falling,2.8368456,0.18963836
10098,falling,2.8918502,0.176005
10099,falling,2.7906592,0.18744178
10100,stable,2.5061495,0.30747437
10101,falling,2.5534797,0.15525754
10102,stable,2.523522,0.099446185
10103,stable,2.6892104,0.09650027
10104,stable,2.6256545,0.44832352
10105,spike,0.17347963,0.38605246
10106,spike,0.09687959,0.24623874
10107,spike,0.07937476,0.1560531
10108,spike,0.058736496,0.01998339
10109,spike,0.060700726,0.0287708
10110,spike,0.04543398,0.011561081
10111,spike,0.046151925,0.015581557
10112,spike,0.046815652,0.013499463
10113,spike,0.026931863,0.04038969
10114,spike,0.018257273,0.007007453
10115,spike,0.021352379,0.006356681
10116,falling,0.04784126,0.030076472
10117,falling,0.088931724,0.19104739
10118,falling,0.03859852,0.014105671
10119,falling,0.043159503,0.017748252
10120,falling,0.036107816,0.012400033
10121,falling,0.032041334,0.0100852735
10122,falling,0.029513124,0.013049958
10123,falling,0.04103573,0.024805719
10124,falling,0.060889177,0.027627986
10125,falling,0.07709911,0.03023146
10126,stable,0.06360855,0.06360716
10127,stable,0.08582266,0.039609835
10128,stable,0.032145146,0.013452607
10129,stable,0.024936829,0.0049856426
10130,stable,0.055785697,0.15698978
10131,stable,0.040496375,0.04791509
10132,stable,0.060492355,0.05753564
10133,rising,0.05138329,0.010623672
10134,rising,0.058259785,0.0687495
10135,rising,0.042227164,0.010981263
10136,rising,0.043822818,0.012455983
10137,rising,0.059674624,0.04241565
10138,stable,0.047586363,0.019688088
10139,stable,0.03687154,0.008419354
10140,stable,0.044629313,0.025339164
10141,stable,0.061275233,0.13376476
10142,stable,0.06277947,0.10808902
10143,stable,0.04501526,0.009247905
10144,stable,0.06590126,0.027029585
10145,falling,0.05151355,0.023239147
10146,falling,0.049578723,0.016750278
10147,falling,0.045976624,0.012582194
10148,falling,0.06521275,0.056886937
10149,stable,0.060579084,0.02104922
10150,falling,0.0599388,0.06386516
10151,stable,0.06367001,0.01772547
10152,stable,0.05310173,0.0065425206
10153,stable,0.055253983,0.009671626
10154,stable,0.058122102,0.012861699
10155,stable,0.046007346,0.005251769
10156,stable,0.05576644,0.01283803
10157,rising,0.036677558,0.045516726
10158,rising,0.033875722,0.009838811
10159,rising,0.03603768,0.00901017
10160,rising,0.03797172,0.012347843
10161,rising,0.045283474,0.008784691
10162,stable,0.04175153,0.009303305
10163,stable,0.051437426,0.08244968
10164,stable,0.060311057,0.10841252
10165,stable,0.05029638,0.08577311
10166,stable,0.036270335,0.008338179
10167,stable,0.033684835,0.013264103
10168,falling,0.034584228,0.008367478
10169,falling,0.042271033,0.0063139433
10170,falling,0.047011655,0.016872449
10171,falling,0.040855695,0.009595531
10172,falling,0.03795528,0.0067566643
10173,stable,0.05369617,0.07420549
10174,stable,0.028078187,0.007975059
10175,stable,0.075230576,0.2323848
10176,stable,0.037414268,0.008596492
10177,stable,0.030875646,0.0050597237
10178,stable,0.036886457,0.012422379
10179,stable,0.04645341,0.03149995
10180,rising,0.0722684,0.17004463
10181,rising,0.050074406,0.016689012
10182,rising,0.030325452,0.010804581
10183,rising,0.01702484,0.0053883945
10184,rising,0.01670903,0.0045692455
10185,rising,0.031230193,0.032514546
10186,rising,0.03765339,0.029605797
10187,stable,0.031816293,0.0075976592
10188,stable,0.0374567,0.0061002756
10189,stable,0.035481673,0.007541195
10190,stable,0.063035846,0.13339859
10191,stable,0.044060998,0.014125257
10192,stable,0.036177274,0.010691329
10193,falling,0.04411759,0.0072078025
10194,falling,0.048736732,0.015444109
10195,falling,0.04698515,0.010776298
10196,falling,0.047266588,0.0066235885
10197,falling,0.056805838,0.054672267
10198,falling,0.04711767,0.028529624
10199,stable,0.04807706,0.033318322
10200,stable,0.041941065,0.0078003444
10201,stable,0.056344017,0.014469339
10202,stable,0.041077387,0.007791163
10203,stable,0.046452977,0.008050727
10204,rising,0.06124584,0.07115767
10205,rising,0.060586438,0.1485454
10206,rising,0.034336157,0.010880265
10207,rising,0.06267465,0.14020076
10208,rising,0.03846887,0.008744013
10209,rising,0.04323675,0.03556285
10210,rising,0.034954604,0.0150671415
10211,stable,0.045247145,0.11141288
10212,stable,0.044048715,0.12036112
10213,stable,0.024433302,0.008112598
10214,stable,0.026558988,0.01118154
10215,stable,0.03700556,0.084556185
10216,falling,0.037078332,0.037749346
10217,falling,0.035190243,0.03548316
10218,falling,0.033841673,0.018722346
10219,falling,0.054715496,0.0070403568
10220,falling,0.057430524,0.0129840635
10221,falling,0.0520365,0.008884647
10222,stable,0.07093419,0.06864118
10223,stable,0.071439676,0.09848722
10224,stable,0.053048372,0.008717743
10225,stable,0.05946536,0.005434076
10226,stable,0.053209808,0.0054782727
10227,stable,0.071723886,0.057628863
10228,rising,0.06346346,0.04512547
10229,rising,0.058403112,0.014931699
10230,rising,0.04910337,0.041711763
10231,rising,0.037194595,0.016008103
10232,rising,0.023005933,0.008267848
10233,rising,0.03336879,0.06225924
10234,stable,0.032053884,0.041620333
10235,stable,0.024499593,0.008848151
10236,stable,0.02524322,0.020093603
10237,stable,0.020556416,0.015224623
10238,stable,0.024603259,0.008094496
10239,stable,0.043656375,0.09567761
10240,falling,0.02575061,0.0121431975
10241,falling,0.027590478,0.028769724
10242,falling,0.0308516,0.011064436
10243,falling,0.029168414,0.008765136
10244,falling,0.04290094,0.022838743
10245,stable,0.07139861,0.15512002
10246,stable,0.034048874,0.010662838
10247,stable,0.031066632,0.008055123
10248,stable,0.031833123,0.0058175833
10249,stable,0.05549699,0.09153732
10250,stable,0.04149262,0.014890109
10251,stable,0.036426242,0.014156096
10252,rising,0.0293799,0.010181808
10253,rising,0.037187763,0.014183261
10254,rising,0.0421694,0.015659973
10255,rising,0.033395287,0.018699724
10256,rising,0.035182852,0.012063156
10257,rising,0.036198843,0.02248398
10258,stable,0.035001907,0.025957474
10259,stable,0.043645132,0.108760625
10260,stable,0.029046949,0.021567715
10261,stable,0.0326178,0.019415611
10262,stable,0.029735293,0.024095232
10263,stable,0.02359954,0.008036743
10264,falling,0.02785607,0.0098556
10265,falling,0.023042718,0.005799879
10266,falling,0.031148434,0.008327508
10267,falling,0.026144883,0.0047065695
10268,falling,0.025672209,0.005922789
10269,falling,0.026945937,0.0052154874
10270,stable,0.025251232,0.005540066
10271,stable,0.04677501,0.113818906
10272,stable,0.041672196,0.0997933
10273,stable,0.023051748,0.003240204
10274,stable,0.05591209,0.12201642
10275,rising,0.022574633,0.0047801556
10276,rising,0.024382258,0.0046681683
10277,rising,0.035403855,0.041721854
10278,rising,0.027382227,0.018427584
10279,rising,0.02601174,0.01827075
10280,rising,0.027401807,0.011903467
10281,rising,0.036066946,0.053599328
10282,stable,0.040526595,0.06938847
10283,stable,0.05158318,0.12346179
10284,stable,0.06742195,0.10016722
10285,stable,0.050830927,0.023297863
10286,stable,0.0778882,0.13506627
10287,stable,0.08788742,0.09322324
10288,falling,0.08044965,0.028858576
10289,falling,0.09243842,0.10034141
10290,falling,0.07914727,0.02208988
10291,falling,0.061053224,0.011540524
10292,falling,0.054280505,0.009222569
10293,falling,0.08458856,0.02362287
10294,falling,0.06853125,0.013622485
10295,stable,0.08674596,0.0147381155
10296,stable,0.06214501,0.012011089
10297,stable,0.07496759,0.013302847
10298,stable,0.094495974,0.022987057
10299,stable,0.09992479,0.10870531
10300,rising,0.07751945,0.01979753
10301,rising,0.111748,0.040900834
10302,rising,0.08518823,0.023078784
10303,rising,0.08718178,0.022502605
10304,rising,0.060119905,0.033427518
10305,stable,0.058746636,0.039619662
10306,stable,0.07792561,0.07981605
10307,stable,0.05571483,0.009914796
10308,stable,0.094772056,0.16177657
10309,stable,0.06830696,0.047022894
10310,stable,0.06969758,0.116995424
10311,stable,0.07843174,0.09831612
10312,falling,0.09086565,0.0656632
10313,falling,0.037325907,0.011677682
10314,falling,0.038360756,0.010749656
10315,falling,0.046953205,0.009072776
10316,falling,0.06429463,0.102953866
10317,falling,0.070468135,0.13383918
10318,stable,0.053635564,0.04624724
10319,stable,0.051281177,0.07687532
10320,stable,0.076329306,0.18428998
10321,stable,0.054580044,0.011463508
10322,stable,0.08522131,0.1603903
10323,stable,0.062110554,0.015761776
10324,rising,0.06135581,0.010443691
10325,rising,0.05934505,0.011012308
10326,rising,0.0590753,0.009564208
10327,rising,0.06551884,0.015060538
10328,rising,0.06918736,0.032243602
10329,stable,0.079911746,0.07125508
10330,stable,0.05610906,0.011350897
10331,stable,0.072399415,0.09206107
10332,stable,0.055047322,0.017428666
10333,stable,0.05628651,0.016593654
10334,stable,0.055252373,0.016223606
10335,stable,0.060571715,0.019636799
10336,stable,0.086804144,0.07154645
10337,falling,0.039388083,0.01277503
10338,falling,0.0351579,0.016441438
10339,falling,0.0195553,0.0088526765
10340,falling,0.026035044,0.016891167
10341,falling,0.030277748,0.0126779545
10342,stable,0.03472673,0.012051491
10343,stable,0.04757362,0.07904818
10344,stable,0.030314265,0.011956869
10345,stable,0.047665264,0.08715943
10346,stable,0.061694317,0.026174033
10347,stable,0.06252354,0.06167519
10348,rising,0.03737675,0.01673243
10349,rising,0.031208992,0.009583532
10350,rising,0.034782376,0.015443363
10351,rising,0.039327543,0.012959716
10352,rising,0.067183465,0.030207053
10353,stable,0.040742945,0.026705747
10354,stable,0.83561486,0.040965524
10355,stable,1.1258476,0.07000861
10356,stable,1.2389735,0.09564892
10357,stable,1.2938112,0.086931385
10358,stable,1.3421912,0.10363474
10359,stable,1.2819654,0.09441131
10360,falling,1.2611331,0.07586663
10361,falling,1.2600522,0.07875122
10362,falling,1.3183132,0.08258596
10363,falling,1.3480588,0.073022634
10364,falling,1.4138013,0.10749247
10365,stable,1.3608611,0.09915102
10366,spike,0.27207384,0.13276242
10367,spike,0.17938018,0.2528023
10368,spike,0.08556711,0.037784986
10369,spike,0.07292788,0.0131368
10370,spike,0.07373765,0.014171688
10371,spike,0.07125115,0.018294465
10372,spike,0.06876717,0.016141718
10373,spike,0.05537126,0.010924237
10374,spike,0.038243823,0.010645617
10375,spike,0.05677516,0.026557652
10376,spike,0.09813286,0.051265392
10377,stable,0.08167158,0.046376828
10378,stable,0.09387901,0.030753862
10379,stable,0.13603504,0.048249926
10380,stable,0.2434626,0.21604268
10381,stable,0.19252464,0.055557583
10382,stable,0.2242263,0.23939429
10383,falling,0.24998079,0.20718122
10384,falling,0.21743836,0.05112748
10385,falling,0.4125546,0.15257207
10386,falling,0.39431164,0.09742512
10387,falling,0.22133599,0.07726413
10388,falling,0.13729389,0.051593427
10389,falling,0.10430023,0.042189896
10390,stable,0.085676484,0.075790785
10391,stable,0.066325955,0.105437614
10392,stable,0.046740618,0.022645654
10393,stable,0.056238245,0.07204202
10394,stable,0.047162093,0.019849326
10395,stable,0.06893826,0.07972018
10396,stable,0.04478006,0.045305494
10397,rising,0.035224117,0.017614568
10398,rising,0.052679367,0.025000116
10399,rising,0.038088955,0.020714583
10400,rising,0.035741094,0.02729445
10401,rising,0.05102404,0.06703147
10402,rising,0.055724602,0.031295527
10403,stable,0.046078738,0.12188394
10404,stable,0.025585447,0.025685808
10405,stable,0.05463437,0.15711677
10406,stable,0.025635133,0.0069215037
10407,stable,0.02787218,0.0061080586
10408,falling,0.042047366,0.033841275
10409,falling,0.029974582,0.00997777
10410,falling,0.031341244,0.0152633535
10411,falling,0.04305814,0.014661124
10412,falling,0.050474465,0.020495841
10413,falling,0.037348922,0.025890442
10414,stable,0.05306763,0.06587556
10415,stable,0.03814554,0.014285481
10416,stable,0.06186622,0.10664971
10417,stable,0.090063766,0.12618013
10418,stable,0.048859537,0.014460316
10419,stable,0.05809091,0.016451828
10420,rising,0.056613605,0.022238063
10421,rising,0.045649193,0.019086711
10422,rising,0.04538133,0.01868891
10423,rising,0.051443387,0.013708007
10424,rising,0.070792474,0.038195726
10425,rising,0.092717245,0.031530518
10426,stable,0.06359668,0.0123286685
10427,stable,0.07338799,0.12818493
10428,stable,0.07604725,0.1480733
10429,stable,0.054516535,0.022787163
10430,stable,0.06704814,0.020466143
10431,stable,0.03578985,0.014097878
10432,falling,0.039235912,0.008531292
10433,falling,0.061813764,0.051411744
10434,falling,0.06484076,0.01973197
10435,falling,0.06895633,0.03252077
10436,falling,0.049933452,0.015730891
10437,falling,0.03971846,0.027184226
10438,stable,0.05294489,0.06312151
10439,stable,0.055047758,0.08612897
10440,stable,0.07330272,0.06698377
10441,stable,0.07033484,0.015003891
10442,stable,0.07797336,0.054952085
10443,stable,0.061928578,0.013409484
10444,rising,0.07346592,0.038052253
10445,rising,0.049290482,0.028531812
10446,rising,0.04465906,0.01720399
10447,rising,0.055476204,0.01792971
10448,rising,0.058743127,0.031510428
10449,stable,0.04996278,0.014649587
10450,stable,0.061966103,0.097658336
10451,stable,0.072462074,0.021116061
10452,stable,0.07108389,0.1718045
10453,stable,0.030851435,0.012008198
10454,stable,0.032845702,0.020409336
10455,stable,0.06350713,0.13093318
10456,falling,0.072660364,0.032813456
10457,falling,0.08471298,0.046957858
10458,falling,0.097936586,0.029240256
10459,falling,0.10501017,0.025193382
10460,falling,0.10086443,0.025060643
10461,stable,0.103078976,0.032205902
10462,falling,0.094530344,0.02683025
10463,stable,0.07058981,0.057595257
10464,stable,0.10301687,0.07339134
10465,stable,0.10698222,0.07837372
10466,stable,0.06780037,0.016607549
10467,stable,0.07555626,0.08704429
10468,stable,0.078127876,0.07949357
10469,rising,0.05270816,0.022288194
10470,rising,0.051829584,0.01670672
10471,rising,0.04602275,0.026884023
10472,rising,0.06772091,0.023048878
10473,rising,0.0576213,0.020467954
10474,rising,0.10663904,0.043069076
10475,stable,0.08699049,0.014877088
10476,stable,0.0703125,0.022444936
10477,stable,0.07992628,0.017801244
10478,stable,0.07635875,0.026761426
10479,stable,0.062215183,0.018890848
10480,falling,0.06186225,0.03675705
10481,falling,0.06736284,0.077290386
10482,falling,0.06596518,0.022511495
10483,falling,0.065428585,0.016701981
10484,falling,0.051329434,0.0119807385
10485,falling,0.05329756,0.023606034
10486,falling,0.051510885,0.028004544
10487,stable,0.041339118,0.021181101
10488,stable,0.0562551,0.028454768
10489,stable,0.046258684,0.040994372
10490,stable,0.06327311,0.09344346
10491,stable,0.06626406,0.041198634
10492,rising,0.076367244,0.15967664
10493,rising,0.048026633,0.017012088
10494,rising,0.035751473,0.023637367
10495,rising,0.039221875,0.013022666
10496,rising,0.06504708,0.057893824
10497,rising,0.052409388,0.051957894
10498,stable,0.041243546,0.021603476
10499,stable,0.088515826,0.13411672
10500,stable,0.07474049,0.026463974
10501,stable,0.04870367,0.031925503
10502,stable,0.044477515,0.02885675
10503,stable,0.064945824,0.13343742
10504,falling,0.031227352,0.010782335
10505,falling,0.057852246,0.022682182
10506,falling,0.06541588,0.028719418
10507,falling,0.07096798,0.08200589
10508,falling,0.05130607,0.01125469
10509,stable,0.06551433,0.011756762
10510,falling,0.05464328,0.009495768
10511,stable,0.06724991,0.053507116
10512,stable,0.06398948,0.025657829
10513,stable,0.058706407,0.012873447
10514,stable,0.091780834,0.12407926
10515,stable,0.08189538,0.08918019
10516,rising,0.072923355,0.015665041
10517,stable,0.06120181,0.025552848
10518,rising,0.04351155,0.015929077
10519,rising,0.042391285,0.013188777
10520,rising,0.04955852,0.01866698
10521,rising,0.09465681,0.36245683
10522,stable,0.04319514,0.013749217
10523,stable,0.0587018,0.016591325
10524,stable,0.04956013,0.12032253
10525,stable,0.026935047,0.0076724994
10526,stable,0.026658177,0.007867264
10527,falling,0.05693667,0.17833947
10528,stable,0.026932385,0.007130544
10529,falling,0.034105994,0.041236944
10530,falling,0.028429251,0.00518002
10531,falling,0.040153008,0.00836944
10532,falling,0.044424426,0.01207274
10533,falling,0.05007961,0.019439915
10534,stable,0.052985977,0.048080165
10535,stable,0.060072474,0.011820986
10536,stable,0.055573624,0.013621578
10537,stable,0.07957249,0.0985993
10538,stable,0.06661949,0.044726077
10539,stable,0.04056216,0.012925551
10540,stable,0.049178295,0.043598074
10541,rising,0.03347528,0.012187724
10542,rising,0.04225328,0.031763792
10543,rising,0.06215204,0.16175163
10544,rising,0.031160228,0.008760897
10545,rising,0.040742103,0.015902637
10546,stable,0.06760965,0.13799387
10547,stable,0.023350922,0.005978225
10548,stable,0.04515887,0.112386316
10549,stable,0.023761865,0.0067513827
10550,stable,0.036190175,0.06473623
10551,stable,0.027424531,0.01445177
10552,falling,0.056020148,0.11949188
10553,falling,0.05377824,0.070883594
10554,falling,0.042800568,0.03679139
10555,falling,0.037798937,0.016453132
10556,falling,0.02863778,0.0063437847
10557,falling,0.03750534,0.00839579
10558,stable,0.04415192,0.009825248
10559,stable,0.05736347,0.066202626
10560,stable,0.04752216,0.010614134
10561,stable,0.044775955,0.009026961
10562,stable,0.064335965,0.089664645
10563,stable,0.044362012,0.007943922
10564,stable,0.05278178,0.061022345
10565,rising,0.052074943,0.043384317
10566,rising,0.04252212,0.008214286
10567,rising,0.04509826,0.013543628
10568,rising,0.05186896,0.03338323
10569,stable,0.054345015,0.038259663
10570,stable,0.050309278,0.023054736
10571,stable,0.049374264,0.012944743
10572,stable,0.06757433,0.045660157
10573,stable,0.06390936,0.019347394
10574,stable,0.06798543,0.008905486
10575,stable,0.06373618,0.008683978
10576,falling,0.07542028,0.050968673
10577,falling,0.07514981,0.062725216
10578,falling,0.07968151,0.013675038
10579,falling,0.07033464,0.014047216
10580,falling,0.060097244,0.0078079253
10581,falling,0.062119793,0.015112907
10582,stable,0.065930106,0.033084203
10583,stable,0.081139706,0.11886993
10584,stable,0.08469853,0.1127707
10585,stable,0.051542506,0.008677604
10586,stable,0.061807618,0.037706748
10587,stable,0.046465356,0.09325655
10588,rising,0.033770222,0.01170206
10589,rising,0.043277677,0.038382594
10590,rising,0.042268462,0.013838446
10591,rising,0.06878312,0.019929541
10592,rising,0.07291675,0.016730197
10593,rising,0.067838,0.033869963
10594,stable,0.0801404,0.023135338
10595,stable,0.058415666,0.029118981
10596,stable,0.054422595,0.009115467
10597,stable,0.09059464,0.15648304
10598,stable,0.09409151,0.11099166
10599,stable,0.058832187,0.015230794
10600,falling,0.07192735,0.111375704
10601,falling,0.04598146,0.010562331
10602,falling,0.044455238,0.018815737
10603,falling,0.028843036,0.006734869
10604,falling,0.04390279,0.021270085
10605,falling,0.042864367,0.026787175
10606,stable,0.053012658,0.01730102
10607,stable,0.044338405,0.012621448
10608,stable,0.05987059,0.13480464
10609,stable,0.067405336,0.09622728
10610,stable,0.07332672,0.11498948
10611,stable,0.06829469,0.11880912
10612,rising,0.056690335,0.037973065
10613,rising,0.054580603,0.015228469
10614,rising,0.050380085,0.012448918
10615,rising,0.079024844,0.12631129
10616,rising,0.05499758,0.030279858
10617,rising,0.041777793,0.015458398
10618,stable,0.045756627,0.021622818
10619,stable,0.04800074,0.014839596
10620,stable,0.07170889,0.12259066
10621,stable,0.07817704,0.14206855
10622,stable,0.07318382,0.13687526
10623,stable,0.035727516,0.009380137
10624,falling,0.05708829,0.12608379
10625,falling,0.04237966,0.05353405
10626,falling,0.034480114,0.009218514
10627,falling,0.038582314,0.012319809
10628,falling,0.023459667,0.007116539
10629,falling,0.024915343,0.0069059883
10630,stable,0.024193322,0.0057645673
10631,stable,0.04630858,0.07042303
10632,stable,0.04650866,0.057988826
10633,stable,0.07000545,0.08881575
10634,stable,0.061379995,0.093540736
10635,stable,0.044370294,0.06373798
10636,rising,0.05249645,0.07846647
10637,rising,0.035676412,0.008645433
10638,rising,0.032744117,0.01094203
10639,rising,0.030051397,0.01910335
10640,rising,0.038810857,0.015954848
10641,stable,0.05208895,0.02458141
10642,stable,0.05168053,0.012815493
10643,stable,0.050861534,0.06724504
10644,stable,0.06436983,0.04158777
10645,stable,0.044402428,0.010745674
10646,stable,0.048727218,0.07645034
10647,stable,0.05898498,0.01566824
10648,stable,0.071929105,0.106634
10649,falling,0.05581889,0.014898125
10650,falling,0.059323445,0.0238837
10651,falling,0.050194662,0.016150389
10652,stable,0.07472594,0.021956839
10653,falling,0.051282156,0.025162917
10654,falling,0.04883647,0.053486
10655,stable,0.033194307,0.0065621766
10656,stable,0.05573665,0.11896831
10657,stable,0.050956544,0.120426476
10658,stable,0.04370994,0.14111635
10659,stable,0.024875829,0.01682351
10660,rising,0.011477355,0.0033124855
10661,rising,0.012609238,0.0040560104
10662,rising,0.017369043,0.0052702134
10663,rising,0.018688377,0.008202177
10664,rising,0.02412757,0.01606697
10665,rising,0.017682876,0.0049063154
10666,rising,0.020802198,0.021017225
10667,stable,0.029537607,0.03897536
10668,stable,0.023644378,0.028772715
10669,stable,0.026921837,0.028995354
10670,stable,0.032804426,0.062202543
10671,stable,0.028277129,0.007582503
10672,falling,0.042799365,0.031760536
10673,falling,0.052349925,0.053197946
10674,falling,0.07482161,0.01875578
10675,falling,0.07715083,0.014804662
10676,falling,0.08271168,0.11946701
10677,falling,0.061538026,0.005787746
10678,stable,0.08379806,0.04017027
10679,stable,0.090808436,0.012733225
10680,stable,0.093672715,0.009662361
10681,stable,0.11630563,0.12373611
10682,stable,0.087668896,0.016752979
10683,stable,0.10097131,0.04745964
10684,stable,0.11623229,0.079592146
10685,rising,0.06782883,0.018993717
10686,rising,0.053476717,0.021422612
10687,rising,0.06602589,0.022547381
10688,rising,0.03328422,0.012604099
10689,rising,0.04455614,0.017805114
10690,stable,0.029553745,0.015195386
10691,stable,0.04707239,0.14898612
10692,stable,0.053852342,0.16357364
10693,stable,0.05599681,0.17899899
10694,stable,0.024329672,0.006030768
10695,stable,0.06086852,0.016177282
10696,falling,0.07351585,0.021910453
10697,falling,0.097874425,0.21222419
10698,falling,0.055718075,0.018663531
10699,falling,0.053273812,0.0095616635
10700,falling,0.070354655,0.016559357
10701,falling,0.10509774,0.024280328
10702,stable,0.07405708,0.020333393
10703,stable,0.059463512,0.0141416695
10704,stable,0.08681122,0.21014635
10705,stable,0.038866572,0.0097444365
10706,stable,0.08488169,0.19587803
10707,rising,0.028707828,0.01657566
10708,rising,0.036528997,0.008645243
10709,rising,0.0340576,0.037876423
10710,rising,0.021770429,0.007056162
10711,rising,0.027445905,0.00961461
10712,rising,0.02871261,0.011056401
10713,rising,0.04467809,0.011336493
10714,stable,0.047377527,0.0127103
10715,stable,0.067134514,0.1012511
10716,stable,0.079797715,0.021991987
10717,stable,0.0696289,0.067813076
10718,stable,0.08253478,0.059234146
10719,stable,0.076027915,0.025773097
10720,falling,0.054057676,0.02708165
10721,falling,0.06929154,0.086462654
10722,falling,0.050098523,0.027488258
10723,falling,0.062198617,0.06635635
10724,falling,0.054941237,0.018392583
10725,stable,0.04057526,0.013011887
10726,stable,0.061661005,0.011182734
10727,stable,0.05852559,0.011951472
10728,stable,0.069447435,0.010788616
10729,stable,0.060533833,0.006597809
10730,stable,0.09055093,0.15972312
10731,stable,0.0607925,0.014298274
10732,rising,0.063045174,0.005976952
10733,rising,0.059915137,0.007037288
10734,rising,0.0546545,0.0042191674
10735,rising,0.069208905,0.0093125105
10736,rising,0.068284005,0.014874067
10737,rising,0.066150896,0.026980897
10738,stable,0.076224044,0.030407935
10739,stable,0.044658832,0.010289777
10740,stable,0.07893088,0.15938416
10741,stable,0.059750233,0.09088964
10742,stable,0.09415181,0.27117258
10743,stable,0.0456154,0.04241188
10744,falling,0.044268955,0.014159593
10745,falling,0.031883325,0.006068059
10746,falling,0.035206106,0.022305077
10747,falling,0.026653735,0.011004652
10748,falling,0.021851918,0.008810443
10749,stable,0.016118271,0.008757573
10750,stable,0.026067276,0.045178644
10751,stable,0.040457167,0.12655263
10752,stable,0.023812493,0.016103111
10753,stable,0.035593525,0.1286154
10754,stable,0.03267694,0.0091710035
10755,rising,0.077210784,0.11660388
10756,rising,0.06014831,0.020627847
10757,rising,0.055132974,0.039185595
10758,rising,0.048139002,0.015091607
10759,rising,0.051348228,0.012709766
10760,rising,0.044354834,0.0069135088
10761,rising,0.053448144,0.012014757
10762,rising,0.071248725,0.028256316
10763,stable,0.06585956,0.009806591
10764,stable,0.07363943,0.014332936
10765,stable,0.07712404,0.015727073
10766,stable,0.08925669,0.09834144
10767,stable,0.0833582,0.04956426
10768,falling,0.07102818,0.022900585
10769,falling,0.0759764,0.026678849
10770,falling,0.06897359,0.02636903
10771,falling,0.04193431,0.010624962
10772,falling,0.04896972,0.011773979
10773,falling,0.05186035,0.050990045
10774,stable,0.049560007,0.14479153
10775,stable,0.05585793,0.09724803
10776,stable,0.059456367,0.15051451
10777,stable,0.053921584,0.100380264
10778,stable,0.048649896,0.010182713
10779,rising,0.03679592,0.01325868
10780,rising,0.05034181,0.07564013
10781,rising,0.036933005,0.010517988
10782,rising,0.022831047,0.0050293948
10783,rising,0.06416971,0.15042518
10784,rising,0.037947726,0.015482096
10785,stable,0.04276033,0.03779586
10786,stable,0.048587378,0.044703368
10787,stable,0.0754492,0.027338944
10788,stable,0.03146539,0.011355441
10789,stable,0.053758807,0.0910267
10790,stable,0.05373506,0.10770419
10791,stable,0.045542527,0.05866732
10792,falling,0.06371192,0.052649893
10793,falling,0.060050387,0.035453167
10794,falling,0.049184766,0.013836026
10795,falling,0.05252931,0.041211613
10796,falling,0.050805107,0.025326457
10797,falling,0.049017742,0.012901535
10798,stable,0.071774565,0.11773437
10799,stable,0.048122574,0.02195631
10800,stable,0.08144617,0.22521406
10801,stable,0.05194813,0.034615967
10802,stable,0.03420542,0.013981601
10803,rising,0.043094274,0.06239276
10804,rising,0.03363617,0.010333339
10805,rising,0.046578858,0.0127374
10806,rising,0.038180754,0.0071207695
10807,rising,0.04229336,0.009021952
10808,rising,0.047844514,0.010315162
10809,rising,0.064403065,0.031804312
10810,rising,0.06236195,0.009654514
10811,stable,0.069036484,0.013419428
10812,stable,0.055908076,0.009689534
10813,stable,0.08403529,0.10916963
10814,stable,0.08155632,0.07914509
10815,falling,0.09911008,0.08609595
10816,stable,0.07234497,0.032923497
10817,falling,0.076992415,0.066025525
10818,falling,0.057889257,0.0090404805
10819,falling,0.06918951,0.023948798
10820,falling,0.054764364,0.011003264
10821,falling,0.056324776,0.013547271
10822,stable,0.058453724,0.013289211
10823,stable,0.06305068,0.016252548
10824,stable,0.053269938,0.011216227
10825,stable,0.053081196,0.013306674
10826,stable,0.04385631,0.013071235
10827,stable,0.073914714,0.11522645
10828,stable,0.040969115,0.012375957
10829,rising,0.045344513,0.0074559217
10830,rising,0.039570484,0.011481875
10831,rising,0.03891125,0.007661523
10832,rising,0.042753868,0.010878779
10833,rising,0.04611878,0.0075935186
10834,rising,0.07678722,0.04483662
10835,stable,0.088974744,0.04437384
10836,stable,0.07760259,0.017563565
10837,stable,0.06571338,0.019413596
10838,stable,0.06360974,0.021022595
10839,stable,0.08169562,0.06611
10840,falling,0.088342704,0.019004786
10841,falling,0.08509812,0.030223517
10842,falling,0.05153978,0.025082922
10843,falling,0.06058084,0.07069691
10844,falling,0.04466875,0.030706264
10845,falling,0.03652955,0.014404573
10846,stable,0.055079214,0.14992529
10847,stable,0.024226256,0.008498409
10848,stable,0.04208849,0.06846765
10849,stable,0.018603388,0.005766107
10850,stable,0.0648835,0.20698608
10851,rising,0.039485957,0.0704898
10852,rising,0.029278478,0.0065767197
10853,rising,0.04344421,0.013258266
10854,rising,0.039084155,0.03651017
10855,rising,0.049521368,0.012195151
10856,rising,0.04861932,0.014484669
10857,stable,0.041069344,0.010050497
10858,stable,0.05823084,0.013396853
10859,stable,0.048019264,0.015063098
10860,stable,0.048637267,0.016462412
10861,stable,0.052895423,0.018946486
10862,stable,0.090898976,0.0727463
10863,stable,0.04526953,0.0098541705
10864,falling,1.5313753,0.115504794
10865,falling,2.5087457,0.24865483
10866,falling,2.9412627,0.16813268
10867,falling,3.136189,0.22606209
10868,falling,3.342969,0.12953977
10869,falling,3.3656569,0.17565124
10870,stable,3.3583493,0.29771277
10871,stable,3.4281168,0.1345379
10872,stable,3.2737362,0.11500529
10873,stable,3.2984612,0.10780067
10874,stable,3.295395,0.09610965
10875,stable,3.4703794,0.46403748
10876,spike,0.54081345,0.38681537
10877,spike,0.1471936,0.220542
10878,spike,0.07504985,0.066772684
10879,spike,0.081010215,0.120082825
10880,spike,0.062297586,0.017097946
10881,spike,0.056111943,0.011129702
10882,spike,0.07911469,0.08180438
10883,spike,0.10404872,0.14783086
10884,spike,0.09367696,0.1110597
10885,spike,0.06734315,0.011546716
10886,spike,0.08670216,0.1420589
10887,falling,0.074199185,0.022038223
10888,falling,0.06877252,0.04332581
10889,falling,0.07694153,0.03228425
10890,falling,0.0825344,0.026081886
10891,falling,0.06700423,0.011724126
10892,falling,0.06439884,0.014121976
10893,falling,0.06354051,0.026466152
10894,stable,0.06184258,0.060523517
10895,stable,0.05309187,0.09017318
10896,stable,0.069691144,0.02554144
10897,stable,0.07467989,0.102440715
10898,stable,0.09607885,0.11804318
10899,rising,0.06880739,0.07045396
10900,rising,0.09293971,0.1597531
10901,rising,0.091264926,0.038573343
10902,rising,0.07767907,0.021601025
10903,rising,0.07982779,0.01731533
10904,rising,0.10718612,0.16909616
10905,rising,0.05789626,0.0150052225
10906,rising,0.057589702,0.03809317
10907,stable,0.057825185,0.009227365
10908,stable,0.06865314,0.03747713
10909,stable,0.06482001,0.029131219
10910,stable,0.0998686,0.13999932
10911,stable,0.07199662,0.014982905
10912,stable,0.10356185,0.07817696
10913,falling,0.07596422,0.039328784
10914,falling,0.07779215,0.011398815
10915,falling,0.098014094,0.015588458
10916,falling,0.08301983,0.020965254
10917,falling,0.08242045,0.025624212
10918,stable,0.080952056,0.02276943
10919,stable,0.083178684,0.0126892
10920,stable,0.086958796,0.013678695
10921,stable,0.09342947,0.014011354
10922,stable,0.09121338,0.023824334
10923,stable,0.08464224,0.053870838
10924,rising,0.11008361,0.11991897
10925,rising,0.053673103,0.046211056
10926,rising,0.06807459,0.110322915
10927,rising,0.053464495,0.015132959
10928,rising,0.050413787,0.01805663
10929,rising,0.038445257,0.008148744
10930,stable,0.052963484,0.014704144
10931,stable,0.06949088,0.013944284
10932,stable,0.060540456,0.098399475
10933,stable,0.06317509,0.057374544
10934,stable,0.05294188,0.013175072
10935,stable,0.06773372,0.07611034
10936,falling,0.057644542,0.0089485375
10937,falling,0.06893015,0.022741893
10938,falling,0.05052105,0.016294267
10939,falling,0.062476676,0.13377707
10940,falling,0.04715996,0.045304045
10941,falling,0.055852156,0.072745316
10942,stable,0.05014477,0.015734892
10943,stable,0.0668123,0.13609262
10944,stable,0.08137378,0.22139777
10945,stable,0.08251856,0.15172085
10946,stable,0.033180594,0.033364493
10947,rising,0.06911678,0.20936656
10948,rising,0.033090398,0.0095040845
10949,rising,0.03233238,0.040118545
10950,rising,0.02255134,0.010839448
10951,rising,0.019907393,0.019085655
10952,rising,0.023584345,0.0280026
10953,rising,0.021946391,0.013549152
10954,stable,0.041443355,0.060177203
10955,stable,0.051563587,0.14172044
10956,stable,0.033335097,0.022551319
10957,stable,0.031278536,0.010726009
10958,stable,0.026077863,0.011730069
10959,stable,0.027195906,0.009828586
10960,falling,0.029658489,0.012118819
10961,falling,0.031772263,0.02298876
10962,falling,0.027016971,0.01178747
10963,falling,0.028758723,0.012394925
10964,falling,0.039682593,0.021823581
10965,falling,0.03314549,0.008893586
10966,stable,0.034908477,0.014474615
10967,stable,0.07924606,0.21492848
10968,stable,0.05187181,0.11350519
10969,stable,0.057070877,0.11759736
10970,stable,0.07624488,0.17809314
10971,rising,0.047649052,0.018061442
10972,rising,0.045479044,0.012310268
10973,rising,0.039615024,0.0112152435
10974,rising,0.05247555,0.017815448
10975,rising,0.0625553,0.012186255
10976,rising,0.048819534,0.01062845
10977,rising,0.05168311,0.017800353
10978,stable,0.07640895,0.05469228
10979,stable,0.051137097,0.008678099
10980,stable,0.082137935,0.12613039
10981,stable,0.05598961,0.010934751
10982,stable,0.07421144,0.11290822
10983,falling,0.079390414,0.0942265
10984,falling,0.04879595,0.012418683
10985,falling,0.061138593,0.029409988
10986,falling,0.058584314,0.029032528
10987,falling,0.039189972,0.025022902
10988,falling,0.038242806,0.018475566
10989,falling,0.035767127,0.015262176
10990,falling,0.030073674,0.051666986
10991,stable,0.025213515,0.005863867
10992,stable,0.07179828,0.22075959
10993,stable,0.043484878,0.018414449
10994,stable,0.058877,0.16087323
10995,stable,0.03303465,0.023287823
10996,rising,0.04549964,0.08885767
10997,stable,0.028103398,0.008683081
10998,rising,0.031709705,0.013341267
10999,rising,0.039767068,0.007944885
11000,rising,0.04042324,0.028621659
11001,rising,0.045036692,0.022445468
11002,stable,0.03965881,0.009188017
11003,stable,0.054389063,0.014903961
11004,stable,0.049837273,0.011817006
11005,stable,0.053769454,0.01474755
11006,stable,0.07653647,0.13461807
11007,stable,0.0668194,0.06837673
11008,stable,0.06392093,0.013822761
11009,falling,0.061311487,0.017723091
11010,falling,0.06444567,0.029197615
11011,falling,0.072048865,0.09870134
11012,falling,0.05799618,0.013696831
11013,falling,0.051678527,0.009843532
11014,stable,0.062305357,0.02763568
11015,stable,0.10397343,0.07873683
11016,stable,0.07324479,0.011189557
11017,stable,0.089427106,0.012422343
11018,stable,0.09752028,0.08394839
11019,stable,0.108614184,0.14975691
11020,stable,0.11857699,0.1875751
11021,rising,0.06572472,0.017793376
11022,rising,0.08304081,0.044570368
11023,rising,0.078426026,0.015200597
11024,rising,0.085060015,0.017365409
11025,rising,0.07677731,0.01376373
11026,stable,0.089797474,0.02366113
11027,stable,0.068908595,0.014198046
11028,stable,0.17425998,0.21908657
11029,stable,1.2330215,0.079890355
11030,stable,1.6459618,0.07488583
11031,stable,1.8804642,0.09233429
11032,falling,1.9798015,0.10935873
11033,falling,1.9345196,0.102078296
11034,falling,1.9117907,0.082198426
11035,falling,2.0079794,0.095584825
11036,falling,2.1269047,0.115662366
11037,falling,2.1071556,0.11928699
11038,stable,1.9507121,0.10605663
11039,stable,2.1277926,0.4314779
11040,stable,2.167463,0.5153354
11041,spike,0.076805964,0.11564882
11042,spike,0.050033018,0.046636164
11043,spike,0.042917956,0.017537158
11044,spike,0.039283898,0.016113428
11045,spike,0.03325332,0.013189668
11046,spike,0.031650078,0.008609086
11047,spike,0.031226056,0.011800389
11048,spike,0.04215332,0.015367326
11049,spike,0.032958448,0.012754981
11050,spike,0.051379215,0.08966621
11051,spike,0.069831,0.17517665
11052,falling,0.06536498,0.17538878
11053,falling,0.06450853,0.14937358
11054,falling,0.046117622,0.020487977
11055,falling,0.05659542,0.02194931
11056,falling,0.08388161,0.09337534
11057,falling,0.0709898,0.055799425
11058,falling,0.06164366,0.021559866
11059,falling,0.06910295,0.046286985
11060,falling,0.07628313,0.048915606
11061,falling,0.11765334,0.03442939
11062,stable,0.13075887,0.041734543
11063,stable,0.13201924,0.03985531
11064,stable,0.101172544,0.04914147
11065,stable,0.09697084,0.0650503
11066,stable,0.075409554,0.024777463
11067,stable,0.083539754,0.03426543
11068,rising,0.07234446,0.028159644
11069,rising,0.059433024,0.01867536
11070,rising,0.04093287,0.024001503
11071,rising,0.06017166,0.03444383
11072,rising,0.10278766,0.07992761
11073,stable,0.101003595,0.07832112
11074,stable,0.13174918,0.028206458
11075,stable,0.123155154,0.034090344
11076,stable,0.10565334,0.035054415
11077,stable,0.1276393,0.028061703
11078,stable,0.14511588,0.14870593
11079,falling,0.109367274,0.08613122
11080,falling,0.14129883,0.1316541
11081,falling,0.14810508,0.08046649
11082,falling,0.07459533,0.01815929
11083,falling,0.04455606,0.0100375675
11084,falling,0.054557227,0.02110787
11085,falling,0.054982357,0.014065804
11086,falling,0.055357795,0.016398935
11087,stable,0.06271663,0.057527233
11088,stable,0.05107556,0.011813563
11089,stable,0.10358894,0.14926605
11090,stable,0.065646924,0.03996014
11091,rising,0.06536821,0.07505247
11092,rising,0.050758127,0.038799826
11093,rising,0.050459545,0.016335303
11094,rising,0.054075498,0.014683135
11095,rising,0.08187616,0.027059734
11096,rising,0.11886554,0.22141807
11097,rising,0.04867327,0.014506356
11098,stable,0.06059037,0.0908065
11099,stable,0.042736437,0.015167541
11100,stable,0.046721492,0.011969766
11101,stable,0.06316569,0.11070607
11102,stable,0.0618406,0.0110315485
11103,falling,0.08085741,0.0958487
11104,falling,0.07006202,0.010215692
11105,falling,0.07081246,0.01140535
11106,falling,0.07628899,0.010964934
11107,falling,0.065448835,0.014304785
11108,falling,0.07208925,0.016979754
11109,falling,0.07799002,0.051530875
11110,stable,0.07894694,0.08512796
11111,stable,0.086043686,0.10932257
11112,stable,0.069569156,0.0829475
11113,stable,0.060453657,0.010371539
11114,stable,0.0708121,0.03385657
11115,stable,0.05509734,0.09065649
11116,rising,0.06225134,0.045096036
11117,rising,0.0625162,0.17927028
11118,rising,0.034885112,0.012096493
11119,rising,0.028180836,0.008911663
11120,rising,0.08203414,0.2679385
11121,rising,0.043113258,0.041189328
11122,stable,0.03397421,0.006487252
11123,stable,0.073467754,0.13814189
11124,stable,0.07659157,0.14434749
11125,stable,0.06724026,0.13950501
11126,stable,0.07833649,0.14712563
11127,falling,0.0649837,0.1393818
11128,falling,0.04128285,0.02476031
11129,falling,0.07220313,0.038426895
11130,falling,0.0825983,0.036962233
11131,falling,0.121183164,0.028476799
11132,falling,0.09928465,0.04769516
11133,falling,0.08550697,0.019926783
11134,falling,0.075989574,0.025513204
11135,stable,0.07671485,0.025127403
11136,stable,0.083893575,0.020247003
11137,stable,0.097009905,0.09224984
11138,stable,0.08832862,0.020003473
11139,stable,0.09882567,0.027004378
11140,rising,0.080326684,0.024409983
11141,rising,0.07676148,0.020347768
11142,rising,0.09218887,0.02998816
11143,rising,0.040565647,0.046171136
11144,rising,0.052597594,0.019144401
11145,rising,0.040788136,0.020248923
11146,stable,0.08576802,0.108243816
11147,stable,0.045308996,0.015209452
11148,stable,0.047232706,0.020250473
11149,stable,0.044681642,0.02046209
11150,stable,0.060272943,0.13973217
11151,stable,0.036404386,0.013175354
11152,falling,0.041681815,0.015455876
11153,falling,0.037632607,0.014139589
11154,falling,0.066895045,0.1718356
11155,falling,0.032797936,0.008086275
11156,falling,0.033814367,0.0076414305
11157,falling,0.048427284,0.01917808
11158,stable,0.050282087,0.004626731
11159,stable,0.08421063,0.11380709
11160,stable,0.07715117,0.11310355
11161,stable,0.0801731,0.14548758
11162,stable,0.06933416,0.09262282
11163,stable,0.07811568,0.08000113
11164,rising,0.6022177,0.018620582
11165,rising,1.0281193,0.04308891
11166,rising,1.253981,0.056211486
11167,rising,1.3644996,0.09306111
11168,rising,1.4807079,0.08844966
11169,rising,1.3585294,0.10543886
11170,rising,1.3391032,0.09961126
11171,stable,1.460602,0.18561059
11172,stable,1.4825541,0.11360851
11173,stable,1.5191358,0.13230014
11174,stable,1.4146936,0.07343308
11175,falling,1.6404353,0.047735292
11176,spike,0.2080026,0.18983297
11177,spike,1.4650811,0.7769677
11178,spike,1.9276403,0.75424474
11179,spike,1.8648058,0.37047297
11180,spike,1.9006082,0.23017026
11181,spike,1.86236,0.13310978
11182,spike,1.8350341,0.08543091
11183,spike,2.4980083,0.12296546
11184,spike,2.8706155,0.4224573
11185,spike,2.9031453,0.2024237
11186,spike,2.8778982,0.10725094
11187,stable,2.963159,0.14634734
11188,stable,3.0956073,0.26754248
11189,spike,0.7560139,0.15834896
11190,spike,0.7096479,0.07607626
11191,spike,0.7294706,0.08623556
11192,spike,0.71768,0.07383313
11193,spike,0.771443,0.06766013
11194,spike,0.8664326,0.07837111
11195,spike,0.38685828,0.13068458
11196,spike,0.3200816,0.10130675
11197,spike,0.2577655,0.0840363
11198,spike,0.10043614,0.036509376
11199,spike,0.17470175,0.13799265
11200,spike,0.078864194,0.09487644
11201,spike,0.068146445,0.019915745
11202,spike,0.041198917,0.0160844
11203,spike,0.03516362,0.048277725
11204,spike,0.0312067,0.014949685
11205,spike,0.040685467,0.030383537
11206,falling,0.04345407,0.025634812
11207,falling,0.089415535,0.064641766
11208,stable,0.1298313,0.07428463
11209,stable,0.21005434,0.19776319
11210,stable,0.17633629,0.1240406
11211,stable,0.17872998,0.09724303
11212,rising,0.12360897,0.03831263
11213,rising,0.12388692,0.049362276
11214,rising,0.1561669,0.073371835
11215,rising,0.17314768,0.06705505
11216,rising,0.22983061,0.14332375
11217,stable,0.17019346,0.14720745
11218,stable,0.20591024,0.19139847
11219,stable,0.108465925,0.10905612
11220,stable,0.09646829,0.09857195
11221,stable,0.14365079,0.3744844
11222,stable,0.14945488,0.36902198
11223,stable,0.11120248,0.22840151
11224,stable,0.06461037,0.026964977
11225,falling,0.058970496,0.12263821
11226,falling,0.035250075,0.019951943
11227,falling,0.032827485,0.026162157
11228,falling,0.030060312,0.008428152
11229,falling,0.027915979,0.008172499
11230,stable,0.057183668,0.03656675
11231,stable,0.07346084,0.05801212
11232,stable,0.088721864,0.020815663
11233,stable,0.08101975,0.04527272
11234,stable,0.07844232,0.032662474
11235,stable,0.06472024,0.022441102
11236,rising,0.05822936,0.020002993
11237,rising,0.068274975,0.06947103
11238,rising,0.06782177,0.07284826
11239,rising,0.085492305,0.026127046
11240,rising,0.11036081,0.04453407
11241,rising,0.13333274,0.087101534
11242,stable,0.09234568,0.17739037
11243,stable,0.13259235,0.13750187
11244,stable,0.12554695,0.18150954
11245,stable,0.09557048,0.052462168
11246,stable,0.08557404,0.044127367
11247,stable,0.10188339,0.10517591
11248,falling,0.09020938,0.06081298
11249,falling,0.09878773,0.10511471
11250,falling,0.07477372,0.029557465
11251,falling,0.05324356,0.015894022
11252,falling,0.05383618,0.018828403
11253,stable,0.057558045,0.016050542
11254,stable,0.07958586,0.03734706
11255,stable,0.07841407,0.04636548
11256,stable,0.048053063,0.04026221
11257,stable,0.07671968,0.12251466
11258,stable,0.081600755,0.08026837
11259,stable,0.061488923,0.020853806
11260,rising,0.05570428,0.012390465
11261,rising,0.0663578,0.031758226
11262,rising,0.076388866,0.019445704
11263,rising,0.08956907,0.035177536
11264,rising,0.09553825,0.020427657
11265,stable,0.07883467,0.023785912
11266,stable,0.09823758,0.10598409
11267,stable,0.08889232,0.11103481
11268,stable,0.0967129,0.02461257
11269,stable,0.09758142,0.14923869
11270,stable,0.06366371,0.033169184
11271,stable,0.07488012,0.0997434
11272,stable,0.068517186,0.01684294
11273,falling,0.03922151,0.018179445
11274,falling,0.026340378,0.013233737
11275,falling,0.029159406,0.0077556553
11276,falling,0.03819005,0.014503873
11277,falling,0.04004092,0.01056395
11278,stable,0.051903393,0.046274655
11279,stable,0.05209703,0.09129724
11280,stable,0.038001783,0.008492494
11281,stable,0.06635495,0.103596725
11282,stable,0.055891298,0.10822064
11283,stable,0.040624402,0.009483991
11284,rising,0.044271603,0.06937557
11285,rising,0.03208185,0.009630482
11286,rising,0.030884624,0.020692017
11287,rising,0.03186738,0.011190936
11288,rising,0.036316216,0.02434729
11289,stable,0.07531524,0.2470108
11290,rising,0.043893527,0.018605875
11291,stable,0.046125244,0.08974906
11292,stable,0.065672904,0.10642613
11293,stable,0.056421325,0.12462179
11294,stable,0.054613996,0.106039435
11295,stable,0.039138835,0.015263803
11296,falling,0.037005883,0.0111232605
11297,falling,0.051129352,0.0832367
11298,falling,0.037534796,0.008015184
11299,falling,0.035432387,0.006029556
11300,falling,0.049038652,0.010121566
11301,falling,0.04674797,0.010096703
11302,stable,0.05744316,0.030223016
11303,stable,0.07651578,0.10522223
11304,stable,0.06315126,0.016106427
11305,stable,0.066181846,0.106758125
11306,stable,0.05989344,0.07620171
11307,stable,0.06769384,0.09954345
11308,rising,0.06307255,0.094259426
11309,rising,0.05168087,0.015830992
11310,rising,0.047466375,0.025775619
11311,rising,0.031828377,0.011989829
11312,rising,0.032841407,0.018403726
11313,rising,0.053446013,0.06284419
11314,stable,0.057722397,0.018212683
11315,stable,0.052611843,0.03438784
11316,stable,0.10646784,0.1848868
11317,stable,0.0892899,0.11271692
11318,stable,0.06379282,0.016184963
11319,falling,0.09539705,0.15541773
11320,falling,0.092362374,0.16223018
11321,falling,0.07397478,0.045266997
11322,falling,0.061616685,0.055716984
11323,falling,0.05134838,0.012999968
11324,falling,0.04767298,0.010008775
11325,falling,0.047909584,0.0051629758
11326,stable,0.0708959,0.060971685
11327,stable,0.051678322,0.02386747
11328,stable,0.08438706,0.15308686
11329,stable,0.040081836,0.008136226
11330,stable,0.054724444,0.07100895
11331,stable,0.03683823,0.007322862
11332,rising,0.048802994,0.06414735
11333,rising,0.03358359,0.0074897613
11334,rising,0.03863599,0.019959712
11335,rising,0.04007507,0.0116654225
11336,rising,0.035621174,0.020816281
11337,stable,0.030590946,0.01833343
11338,stable,0.05724114,0.15808624
11339,stable,0.044726428,0.026688166
11340,stable,0.037158586,0.078661144
11341,stable,0.04835321,0.07646187
11342,stable,0.024134738,0.0055440883
11343,falling,0.059136342,0.16892374
11344,falling,0.02940049,0.03936781
11345,falling,0.019076996,0.007456839
11346,falling,0.01840562,0.011296182
11347,falling,0.047731888,0.11056375
11348,falling,0.037476003,0.039746433
11349,stable,0.03874423,0.011164687
11350,falling,0.032999694,0.009481765
11351,stable,0.054129228,0.10672101
11352,stable,0.052361067,0.08757927
11353,stable,0.06569835,0.1664263
11354,stable,0.054387487,0.12305604
11355,rising,0.029859364,0.010819054
11356,rising,0.036778606,0.010591128
11357,rising,0.049455363,0.013059997
11358,rising,0.052755885,0.022012237
11359,rising,0.0414551,0.025912527
11360,rising,0.046852052,0.015017645
11361,rising,0.047575034,0.022482986
11362,stable,0.06646841,0.14944229
11363,stable,0.04042548,0.0095925545
11364,stable,0.053665575,0.0082893
11365,stable,0.079311386,0.19040439
11366,stable,0.06719551,0.10631012
11367,stable,0.04701189,0.0063786353
11368,falling,0.055475876,0.023734165
11369,falling,0.032848623,0.0054117935
11370,falling,0.037910298,0.009050135
11371,falling,0.044946797,0.010304987
11372,falling,0.04159256,0.020069841
11373,falling,0.052016277,0.09189569
11374,stable,0.04760128,0.063029245
11375,stable,0.0760728,0.13180923
11376,stable,0.062680475,0.16179992
11377,stable,0.04152594,0.011988138
11378,stable,0.044822086,0.014078425
11379,stable,0.058253534,0.10828062
11380,rising,0.057397828,0.08520948
11381,rising,0.04836568,0.030038333
11382,rising,0.047713734,0.012575531
11383,rising,0.07258915,0.03686206
11384,rising,0.060588185,0.015845465
11385,rising,0.06878094,0.019911071
11386,stable,0.046567228,0.0072688577
11387,stable,0.047354084,0.007143897
11388,stable,0.06900262,0.122832075
11389,stable,0.046709683,0.0065321154
11390,stable,0.055522244,0.008295057
11391,stable,0.085666664,0.10436968
11392,stable,0.07417864,0.038748905
11393,falling,0.07468406,0.04991312
11394,falling,0.052527167,0.023866981
11395,falling,0.059613533,0.010858417
11396,falling,0.058163248,0.02001196
11397,falling,0.04872551,0.012472455
11398,stable,0.060407747,0.014834309
11399,stable,0.06737951,0.07023508
11400,stable,0.04778866,0.0069106086
11401,stable,0.08090701,0.073984735
11402,stable,0.049900852,0.00801184
11403,rising,0.041576877,0.026217714
11404,rising,0.056213923,0.09854339
11405,rising,0.0469855,0.03359349
11406,rising,0.046078723,0.024795616
11407,rising,0.039378505,0.00821045
11408,rising,0.05961529,0.04504901
11409,stable,0.051939882,0.019283589
11410,stable,0.07537655,0.13506614
11411,stable,0.09155062,0.26319215
11412,stable,0.074918084,0.12985176
11413,stable,0.04866136,0.005357725
11414,stable,0.06002889,0.02115624
11415,stable,0.047715113,0.01945611
11416,falling,0.04497008,0.09292464
11417,falling,0.039140753,0.03185679
11418,falling,0.043754324,0.0160775
11419,falling,0.052591216,0.021870248
11420,falling,0.07797011,0.0173762
11421,falling,0.09110002,0.07776757
11422,falling,0.0944943,0.094006814
11423,stable,0.10997513,0.14240809
11424,stable,0.07299647,0.035389226
11425,stable,0.10117899,0.18161057
11426,stable,0.0661743,0.013303529
11427,rising,0.0786966,0.13742578
11428,rising,0.07943693,0.11148346
11429,rising,0.06375597,0.022381103
11430,rising,0.063043244,0.01454296
11431,rising,0.06656228,0.010752921
11432,rising,0.036992215,0.02063294
11433,rising,0.038950946,0.011780819
11434,stable,0.05680055,0.018271925
11435,stable,0.04367041,0.014040724
11436,stable,0.06321327,0.050430756
11437,stable,0.06955932,0.10008902
11438,stable,0.0843531,0.12861004
11439,stable,0.06663032,0.022731718
11440,falling,0.055734526,0.04680441
11441,falling,0.043830555,0.050598558
11442,falling,0.026529975,0.016392997
11443,falling,0.032246135,0.04354563
11444,falling,0.027119257,0.013777774
11445,stable,0.02399165,0.013837352
11446,stable,0.040776346,0.09320539
11447,stable,0.030440122,0.016172161
11448,stable,0.055928335,0.10406905
11449,stable,0.0628216,0.16845715
11450,stable,0.035042096,0.015558481
11451,rising,0.037475094,0.029347904
11452,rising,0.043053273,0.020608256
11453,rising,0.05472976,0.054545738
11454,rising,0.048411656,0.018993886
11455,rising,0.0436357,0.015349733
11456,rising,0.05314545,0.02102784
11457,rising,0.044345796,0.06747525
11458,stable,0.046749685,0.019308098
11459,stable,0.037402052,0.07839067
11460,stable,0.047071055,0.081794016
11461,stable,0.06983796,0.092173025
11462,stable,0.042713933,0.033346828
11463,stable,0.034136645,0.020064825
11464,stable,0.036273837,0.050610192
11465,falling,0.026273748,0.01248739
11466,falling,0.029129189,0.027740022
11467,falling,0.036444176,0.01925224
11468,falling,0.03326417,0.027491111
11469,falling,0.051492207,0.11598701
11470,stable,0.036567654,0.07954212
11471,stable,0.022204407,0.007436677
11472,stable,0.027243724,0.013276814
11473,stable,0.027160097,0.010364601
11474,stable,0.03279748,0.011137508
11475,stable,0.04428218,0.10778514
11476,rising,0.045548808,0.017466523
11477,rising,0.037795015,0.046985775
11478,rising,0.03264185,0.010423065
11479,rising,0.032085974,0.010218314
11480,rising,0.036615986,0.008592945
11481,rising,0.056264292,0.014309668
11482,stable,0.052959565,0.010823909
11483,stable,0.06274503,0.024175888
11484,stable,0.08691719,0.07055959
11485,stable,0.061355833,0.050355673
11486,stable,0.06891029,0.06952017
11487,stable,0.0722362,0.03843889
11488,falling,0.058040783,0.040193114
11489,falling,0.04847708,0.038469102
11490,falling,0.053800438,0.018964639
11491,falling,0.06844102,0.019713284
11492,falling,0.040203262,0.028499845
11493,stable,0.038916033,0.0765209
11494,stable,0.027055355,0.009383291
11495,stable,0.021309072,0.013041098
11496,stable,0.019621069,0.0050545097
11497,stable,0.058813255,0.18030784
11498,stable,0.025009653,0.0054339985
11499,stable,0.03011542,0.027372815
11500,rising,0.022918886,0.003027483
11501,rising,0.03577747,0.007631955
11502,rising,0.028053528,0.0036891587
11503,rising,0.027139561,0.0047211936
11504,rising,0.02632891,0.0060973866
11505,rising,0.030328717,0.021041235
11506,stable,0.028252458,0.012978217
11507,stable,0.047832076,0.06785126
11508,stable,0.06621479,0.08889791
11509,stable,0.047316294,0.11197534
11510,stable,0.04614737,0.1282434
11511,stable,0.02871066,0.032896396
11512,falling,0.029686611,0.0062624547
11513,falling,0.0247187,0.01038327
11514,falling,0.03892927,0.010554066
11515,falling,0.028414892,0.0057816436
11516,falling,0.0321056,0.009756707
11517,falling,0.030303387,0.009282983
11518,stable,0.042853106,0.07910762
11519,stable,0.031077566,0.027519291
11520,stable,0.055349745,0.14380786
11521,stable,0.05644683,0.14900191
11522,stable,0.06057564,0.16537665
11523,stable,0.057205573,0.12706755
11524,rising,0.05778259,0.07638433
11525,rising,0.05983542,0.034357406
11526,rising,0.034220982,0.0141455075
11527,rising,0.035729196,0.008353939
11528,rising,0.036237467,0.008919623
11529,rising,0.040725667,0.006483818
11530,stable,0.09416764,0.015930139
11531,stable,0.10238503,0.058291677
11532,stable,0.100001454,0.032021467
11533,stable,0.11224021,0.056690108
11534,stable,0.089862965,0.014096522
11535,falling,0.11050783,0.018621456
11536,stable,0.08398262,0.021429306
11537,falling,0.08179451,0.009038882
11538,falling,0.08867185,0.012615283
11539,falling,0.08607649,0.012050221
11540,falling,0.09258041,0.017828126
11541,stable,0.08908002,0.14712206
11542,stable,0.09262769,0.12112984
11543,stable,0.033694353,0.00940058
11544,stable,0.033414293,0.007615511
11545,stable,0.064775705,0.20368707
11546,stable,0.04703668,0.09621396
11547,stable,0.028270392,0.007942149
11548,stable,0.023836575,0.008631893
11549,rising,0.022122296,0.006590905
11550,rising,0.023106968,0.0057217125
11551,rising,0.025255956,0.037839066
11552,rising,0.02338051,0.02099042
11553,stable,0.036580462,0.037318897
11554,stable,0.042493273,0.064835705
11555,stable,0.04270863,0.07981417
11556,stable,0.032249857,0.012682235
11557,stable,0.036303487,0.03866904
11558,stable,0.03936064,0.012697792
11559,stable,0.042463765,0.06197981
11560,falling,0.058265325,0.11284692
11561,falling,0.034438945,0.011257808
11562,falling,0.032208405,0.016375775
11563,falling,0.023711177,0.006190461
11564,falling,0.03847121,0.021204554
11565,stable,0.035406563,0.021698944
11566,stable,0.025695408,0.005611673
11567,stable,0.042285364,0.10233691
11568,stable,0.022770753,0.008260754
11569,stable,0.048425462,0.119180374
11570,stable,0.025716007,0.0035066095
11571,stable,0.025259534,0.004323438
11572,rising,0.049931478,0.11315048
11573,rising,0.034031097,0.008244721
11574,rising,0.03326159,0.011665075
11575,rising,0.04701496,0.015212279
11576,rising,0.032835834,0.015474965
11577,rising,0.023539172,0.0071618618
11578,stable,0.03310972,0.0041016997
11579,stable,0.034875292,0.007502708
11580,stable,0.043819547,0.05082906
11581,stable,0.033407282,0.0048074815
11582,stable,0.044297837,0.008679454
11583,stable,0.048353657,0.05588641
11584,falling,0.07158675,0.027336093
11585,falling,0.07280941,0.019568145
11586,falling,0.07142488,0.016092842
11587,falling,0.07836798,0.021468328
11588,falling,0.07181847,0.01536778
11589,falling,0.06370415,0.010661529
11590,falling,0.07487778,0.10768527
11591,stable,0.06648571,0.07549451
11592,stable,0.07813116,0.12891884
11593,stable,0.08051591,0.10187982
11594,stable,0.09719518,0.095874585
11595,stable,0.049839657,0.07878822
11596,stable,0.037070297,0.07160147
11597,rising,0.036960185,0.096355684
11598,rising,0.020068677,0.0087770615
11599,rising,0.018528922,0.01169124
11600,rising,0.027558852,0.013353818
11601,rising,0.031069675,0.021816054
11602,stable,0.013730858,0.00361861
11603,stable,0.03487198,0.083233185
11604,stable,0.029483687,0.026720928
11605,stable,0.04919626,0.08457548
11606,stable,0.040818818,0.010617299
11607,stable,0.031786032,0.01250631
11608,stable,0.03103891,0.011410543
11609,falling,0.03546474,0.0098621305
11610,falling,0.035060044,0.012638084
11611,falling,0.049746193,0.042540986
11612,falling,0.04557692,0.029898275
11613,falling,0.041329924,0.008718368
11614,stable,0.067278005,0.108601786
11615,stable,0.09232889,0.25117856
11616,stable,0.08964025,0.102997564
11617,stable,0.030539874,0.0077899746
11618,stable,0.060764797,0.1659634
11619,stable,0.07350906,0.2201141
11620,rising,0.04002212,0.012202886
11621,rising,0.03315744,0.03080551
11622,rising,0.04370271,0.050681535
11623,rising,0.044027783,0.02274535
11624,rising,0.035439257,0.014566485
11625,rising,0.025654254,0.029588714
11626,rising,0.026998837,0.030570341
11627,stable,0.041011825,0.08219073
11628,stable,0.024546275,0.009178687
11629,stable,0.037567656,0.024170175
11630,stable,0.03353834,0.0067343763
11631,stable,0.050994445,0.05642514
11632,falling,0.045482565,0.015466101
11633,falling,0.05434406,0.08182294
11634,falling,0.06028948,0.09421295
11635,falling,0.046617605,0.010937566
11636,falling,0.049657974,0.029224232
11637,falling,0.051822376,0.012865712
11638,stable,0.043852814,0.012686616
11639,stable,0.0493848,0.01401589
11640,stable,0.04702624,0.017434593
11641,stable,0.025714679,0.011066891
11642,stable,0.06332447,0.121717334
11643,stable,0.031621244,0.0070390073
11644,rising,0.043046635,0.036967263
11645,rising,0.061842885,0.16108939
11646,rising,0.034277584,0.009298574
11647,rising,0.03163174,0.016976055
11648,rising,0.02952287,0.010161449
11649,rising,0.029593417,0.007626414
11650,stable,0.03703491,0.04252524
11651,stable,0.029131232,0.008460224
11652,stable,0.042001024,0.013951976
11653,stable,0.053728055,0.010184235
11654,stable,0.07514498,0.106207564
11655,falling,0.03816305,0.006566145
11656,falling,0.0431415,0.012181063
11657,falling,0.04218918,0.009849987
11658,falling,0.043533318,0.0070136376
11659,falling,0.051082566,0.009993435
11660,falling,0.07976247,0.15822941
11661,falling,0.05847201,0.008382648
11662,stable,0.06554519,0.08982488
11663,stable,0.086740665,0.21055523
11664,stable,0.06928678,0.015827723
11665,stable,0.04226255,0.014325038
11666,stable,0.07028054,0.0842218
11667,stable,0.06762731,0.07349435
11668,rising,0.055768494,0.011793296
11669,rising,0.064115696,0.0142527195
11670,rising,0.07494323,0.020956878
11671,rising,0.04664181,0.022339577
11672,rising,0.05341329,0.022020236
11673,rising,0.03885505,0.022871204
11674,stable,0.04897313,0.06997066
11675,stable,0.0360881,0.0070676305
11676,stable,0.045188736,0.010900558
11677,stable,0.052950136,0.021852888
11678,stable,0.049667444,0.020036139
11679,stable,0.033778388,0.013991767
11680,falling,0.037128612,0.013995058
11681,falling,0.046932276,0.015173621
11682,falling,0.040853396,0.023603499
11683,falling,0.033261664,0.030066743
11684,falling,0.040125526,0.10077519
11685,falling,0.035773657,0.03632552
11686,stable,0.035180245,0.011139517
11687,stable,0.03073054,0.014282953
11688,stable,0.08321001,0.29953986
11689,stable,0.0323181,0.008936007
11690,stable,0.026848098,0.003704067
11691,rising,0.026218355,0.0076189055
11692,rising,0.03439395,0.012710914
11693,rising,0.037828576,0.064829335
11694,rising,0.028486555,0.010582685
11695,rising,0.02641916,0.0068330076
11696,rising,0.02853784,0.008914022
11697,stable,0.031253867,0.045973565
11698,stable,0.031003376,0.0072007687
11699,stable,0.04825799,0.10177619
11700,stable,0.044473648,0.016908279
11701,stable,0.05057349,0.09064504
11702,stable,0.04821696,0.013358743
11703,stable,0.06600276,0.100581616
11704,falling,0.0692482,0.056099437
11705,falling,0.06928514,0.029298475
11706,falling,0.07451758,0.022202155
11707,falling,0.09197327,0.032301378
11708,falling,0.089249745,0.025930054
11709,falling,0.08716656,0.026402082
11710,stable,0.05679717,0.05392595
11711,stable,0.044099964,0.015601198
11712,stable,0.055314824,0.009162275
11713,stable,0.04758272,0.020205807
11714,stable,0.035811163,0.074080214
11715,stable,0.026299138,0.009238535
11716,stable,0.035826836,0.049833063
11717,rising,0.02304418,0.0075656464
11718,rising,0.022964172,0.010833724
11719,rising,0.021757416,0.008406522
11720,rising,0.02246647,0.008035263
11721,rising,0.027784249,0.025007153
11722,stable,0.052883547,0.08703807
11723,stable,0.037610915,0.011867625
11724,stable,0.0711315,0.12885435
11725,stable,0.051342055,0.01585377
11726,stable,0.05800468,0.1055229
11727,stable,0.055532295,0.049791113
11728,falling,0.058066223,0.055289526
11729,falling,0.053212713,0.018276434
11730,falling,0.07702592,0.020883601
11731,falling,0.08992206,0.04501975
11732,falling,0.09265509,0.02310317
11733,stable,0.07989146,0.015806505
11734,falling,0.052511867,0.01258729
11735,stable,0.064682275,0.013899163
11736,stable,0.060830392,0.034213047
11737,stable,0.06020874,0.03642431
11738,stable,0.05461532,0.010301674
11739,stable,0.053905047,0.017381612
11740,rising,0.042511836,0.008954252
11741,rising,0.04017968,0.009350742
11742,rising,0.037236765,0.015472377
11743,rising,0.03462847,0.007933472
11744,stable,0.037805352,0.03140855
11745,rising,0.035850063,0.04109233
11746,stable,0.04007274,0.0743398
11747,stable,0.03424487,0.024084622
11748,stable,0.06614659,0.107660055
11749,stable,0.087279744,0.16582015
11750,stable,0.04758169,0.015952023
11751,falling,0.06565236,0.11254689
11752,falling,0.055555675,0.0608704
11753,falling,0.048818845,0.038326684
11754,falling,0.05945954,0.028999532
11755,falling,0.075014785,0.11561054
11756,falling,0.049481165,0.016451987
11757,falling,0.05170888,0.005992713
11758,stable,0.051295582,0.0052547725
11759,stable,0.079041585,0.089204654
11760,stable,0.07606864,0.012443324
11761,stable,0.07167027,0.10725108
11762,stable,0.07788313,0.10390881
11763,rising,0.05637659,0.013178993
11764,rising,0.0625415,0.017422875
11765,rising,0.06821218,0.019280639
11766,rising,0.08790871,0.024703555
11767,rising,0.059806395,0.023338053
11768,rising,0.053554997,0.016959922
11769,rising,0.040941004,0.009470247
11770,stable,0.079753324,0.11851438
11771,stable,0.030710552,0.009394305
11772,stable,0.063385814,0.0111412965
11773,stable,0.08181679,0.14386976
11774,stable,0.063333414,0.016632231
11775,falling,0.07777596,0.11543496
11776,falling,0.07240331,0.028475108
11777,falling,0.07119739,0.027651599
11778,falling,0.046101253,0.019426132
11779,falling,0.0754105,0.018609526
11780,falling,0.07101926,0.028115673
11781,falling,0.08122718,0.030673956
11782,stable,0.10258337,0.04152916
11783,stable,0.07971842,0.028694043
11784,stable,0.04441398,0.017929638
11785,stable,0.045435254,0.010686899
11786,stable,0.03852148,0.009523782
11787,stable,0.06519657,0.10359385
11788,rising,0.06132447,0.02246283
11789,rising,0.044628598,0.01776449
11790,rising,0.059680656,0.032820188
11791,rising,0.041734416,0.01591911
11792,rising,0.048174325,0.013910675
11793,rising,1.2748756,0.0830459
11794,stable,1.9328957,0.14805585
11795,stable,2.2167745,0.1351247
11796,stable,2.5326211,0.1402755
11797,stable,2.615297,0.13713494
11798,stable,2.4637423,0.22189258
11799,falling,2.4802432,0.27407247
11800,falling,2.5455554,0.24473093
11801,falling,2.6180727,0.19243
11802,falling,2.81565,0.174589
11803,falling,2.6397204,0.1467624
11804,falling,2.7374766,0.13976084
11805,spike,0.19943109,0.2673326
11806,spike,0.1735661,0.17928515
11807,spike,0.1118411,0.10162652
11808,spike,0.09690873,0.07701199
11809,spike,0.11154858,0.20810947
11810,spike,0.078784965,0.10901529
11811,spike,0.0686036,0.08876222
11812,spike,0.056761228,0.019118296
11813,spike,0.025273561,0.03141786
11814,spike,0.019455226,0.0072435522
11815,spike,0.023467006,0.025097528
11816,stable,0.015717346,0.0049581635
11817,stable,0.06094747,0.057298213
11818,stable,0.08677397,0.018625312
11819,stable,0.11981061,0.16030206
11820,stable,0.10788717,0.16530447
11821,stable,0.113853216,0.053126108
11822,stable,0.20949772,0.077983
11823,falling,0.21329978,0.048714906
11824,falling,1.2661281,0.1129836
11825,falling,1.6943027,0.054224472
11826,falling,1.914084,0.08031866
11827,falling,2.0290987,0.08576963
11828,falling,1.9957603,0.05048253
11829,falling,2.04948,0.0920809
11830,falling,2.257637,0.21816085
11831,stable,2.3146174,0.3778863
11832,stable,2.3094728,0.41239205
11833,stable,2.1913202,0.08981633
11834,stable,2.4347355,0.22808509
11835,rising,2.1092231,0.09435683
11836,spike,0.13039193,0.18430065
11837,spike,0.12264016,0.079699606
11838,spike,0.08183234,0.039989028
11839,spike,0.109533116,0.2116218
11840,spike,0.12078119,0.029202275
11841,spike,0.14330587,0.16661516
11842,spike,0.16650538,0.13327652
11843,spike,0.1356585,0.21537769
11844,spike,0.061330974,0.026103646
11845,spike,0.078876115,0.01996305
11846,spike,0.13783558,0.26767036
11847,falling,0.041386116,0.029241094
11848,falling,0.07972029,0.12655604
11849,falling,0.075304694,0.07097955
11850,falling,0.061209083,0.028238617
11851,falling,0.07888841,0.031594098
11852,falling,0.055719998,0.04002389
11853,falling,0.082611665,0.042938747
11854,falling,0.07922017,0.037443947
11855,stable,0.112033814,0.052498847
11856,stable,0.082293786,0.024662582
11857,stable,0.103703216,0.08199102
11858,stable,0.107297726,0.034885846
11859,stable,0.07786248,0.034802627
11860,stable,0.057245787,0.039884377
11861,rising,0.056528613,0.021797424
11862,rising,0.084504336,0.03398128
11863,rising,0.047117714,0.017641598
11864,rising,0.05794267,0.019150183
11865,stable,0.03981764,0.06825914
11866,stable,0.041356962,0.014453552
11867,stable,0.055313423,0.017467763
11868,stable,0.08629473,0.14357825
11869,stable,0.0519636,0.028074857
11870,stable,0.11601832,0.26634696
11871,stable,0.09194662,0.26030868
11872,falling,0.042060692,0.017997067
11873,falling,0.054181933,0.01946344
11874,falling,0.043752685,0.017564153
11875,falling,0.050943747,0.024655527
11876,falling,0.053895686,0.021165693
11877,falling,0.051698614,0.02128675
11878,stable,0.052931543,0.01991995
11879,stable,0.040003605,0.018752607
11880,stable,0.034959037,0.018107038
11881,stable,0.03186945,0.014767947
11882,stable,0.030492278,0.025357082
11883,stable,0.057090398,0.019003993
11884,rising,0.038202837,0.009510681
11885,rising,0.041211013,0.013206813
11886,rising,0.037217677,0.014039701
11887,rising,0.029572703,0.0048518833
11888,rising,0.035763137,0.018173197
11889,stable,0.05362039,0.109582506
11890,stable,0.044977076,0.052313156
11891,stable,0.044373624,0.022285458
11892,stable,0.039201144,0.012427358
11893,stable,0.04797961,0.10516228
11894,stable,0.054791316,0.14849477
11895,stable,0.040551357,0.014050862
11896,falling,0.053291354,0.025180558
11897,falling,0.07657913,0.18967319
11898,falling,0.04291327,0.02444033
11899,falling,0.04620145,0.016255904
11900,falling,0.04301821,0.011345747
11901,falling,0.044749796,0.008877608
11902,stable,0.07364803,0.049873285
11903,stable,0.064707235,0.026055606
11904,stable,0.08696993,0.091574535
11905,stable,0.084117055,0.053143006
11906,stable,0.085305065,0.027005725
11907,stable,0.091415964,0.0551557
11908,stable,0.089238316,0.028205523
11909,rising,0.09263504,0.026238283
11910,rising,0.08405351,0.020928117
11911,rising,0.112661004,0.031196339
11912,rising,0.06625905,0.034813914
11913,stable,0.035435677,0.016748244
11914,stable,0.068777174,0.26210466
11915,stable,0.059052333,0.14661025
11916,stable,0.041219972,0.098193154
11917,stable,0.066703714,0.22319554
11918,stable,0.04067415,0.11280272
11919,stable,0.035507917,0.015979331
11920,falling,0.044497892,0.015594545
11921,falling,0.04991944,0.025713397
11922,falling,0.058309603,0.047756262
11923,falling,0.059733827,0.015097066
11924,falling,0.0639471,0.01998955
11925,stable,0.07038248,0.024660526
11926,stable,0.08207031,0.020100942
11927,stable,0.07112339,0.013136507
11928,stable,0.09086882,0.07230662
11929,stable,0.1138061,0.0872132
11930,stable,0.11990739,0.10704104
11931,stable,0.12175218,0.11468853
11932,stable,0.1089852,0.057318527
11933,rising,0.09448516,0.0762772
11934,rising,0.10825778,0.027434917
11935,rising,0.053545576,0.024480063
11936,rising,0.07891209,0.027281323
11937,stable,0.072926566,0.022639906
11938,stable,0.047472283,0.017285781
11939,stable,0.07321927,0.02389262
11940,stable,0.05786339,0.03751859
11941,stable,0.053942613,0.0412125
11942,stable,0.084145315,0.1835343
11943,stable,0.04967149,0.023098959
11944,falling,0.048771348,0.03317439
11945,falling,0.05639462,0.088760614
11946,falling,0.045239393,0.028804064
11947,falling,0.06261709,0.0282298
11948,falling,0.054541603,0.020697061
11949,falling,0.053393684,0.017530998
11950,stable,0.05534804,0.022051573
11951,stable,0.053017017,0.049964473
11952,stable,0.04860639,0.03063511
11953,stable,0.053872447,0.071024634
11954,stable,0.08920263,0.08694367
11955,stable,0.08546229,0.046062782
11956,stable,0.06506056,0.023227053
11957,rising,0.05687087,0.025220735
11958,rising,0.06476501,0.01768432
11959,rising,0.06329271,0.01639323
11960,rising,0.15201367,0.34917715
11961,stable,0.097467475,0.15470849
11962,rising,0.11506299,0.105790116
11963,stable,0.07403133,0.013289871
11964,stable,0.12672068,0.19078831
11965,stable,0.07327804,0.015906585
11966,stable,0.039513744,0.025855757
11967,stable,0.03660733,0.014607192
11968,falling,0.0759325,0.11499399
11969,falling,0.062408812,0.029529722
11970,falling,0.042653993,0.008449488
11971,falling,0.042384736,0.007887055
11972,falling,0.040649876,0.007863457
11973,falling,0.044204615,0.030830804
11974,stable,0.048706137,0.019611856
11975,stable,0.07495467,0.13009948
11976,stable,0.07675624,0.12758632
11977,stable,0.054999273,0.012177996
11978,stable,0.07774747,0.07370415
11979,stable,0.06798696,0.0068389075
11980,rising,0.08450929,0.046743523
11981,rising,0.058106277,0.030939315
11982,rising,0.054435063,0.026970964
11983,rising,0.049515806,0.010237698
11984,rising,0.047585938,0.008432083
11985,rising,0.0591101,0.014672488
11986,stable,0.065142445,0.02740406
11987,stable,0.07469695,0.044099826
11988,stable,0.075025536,0.10621803
11989,stable,0.05746116,0.10767164
11990,stable,0.12746538,0.4471627
11991,falling,0.07462904,0.16143048
11992,stable,0.052801874,0.07330637
11993,falling,0.062410217,0.09329369
11994,falling,0.049070336,0.01979861
11995,falling,0.080373414,0.018822482
11996,falling,0.086463384,0.01956547
11997,falling,0.06571634,0.009118353
11998,stable,0.06668956,0.007249875
11999,stable,0.0663183,0.010610543
12000,stable,0.09615987,0.14572114
12001,stable,0.072853215,0.013424543
12002,stable,0.077653915,0.018153533
12003,stable,0.09787143,0.12493347
12004,rising,0.07300084,0.050900396
12005,rising,0.08602134,0.07628503
12006,rising,0.06532523,0.015295339
12007,rising,0.062326826,0.037725937
12008,rising,0.052409258,0.05041951
12009,rising,0.062795095,0.06330569
12010,stable,0.063437186,0.082324676
12011,stable,0.07098902,0.09224661
12012,stable,0.082889155,0.01964594
12013,stable,0.084415436,0.03608042
12014,stable,0.092754774,0.06330831
12015,stable,0.067823656,0.012949877
12016,falling,0.13181745,0.3230546
12017,falling,0.083725646,0.05589098
12018,stable,0.08410798,0.054673485
12019,falling,0.059987325,0.01217429
12020,falling,0.06703724,0.018170515
12021,falling,0.06261994,0.007103022
12022,stable,0.08224273,0.021265827
12023,stable,0.05045511,0.0073113577
12024,stable,0.10927525,0.11756156
12025,stable,0.0792943,0.07759497
12026,stable,0.059427693,0.119453795
12027,stable,0.043328404,0.041936196
12028,rising,0.038946994,0.020316333
12029,rising,0.086060435,0.23372197
12030,rising,0.06674134,0.032766297
12031,rising,0.047380652,0.023636818
12032,rising,0.05413063,0.01844593
12033,stable,0.045064874,0.05608761
12034,stable,0.038611658,0.012885034
12035,stable,0.110311456,0.37177005
12036,stable,0.036841236,0.015086299
12037,stable,1.1962701,0.0633981
12038,stable,1.848601,0.09238781
12039,falling,2.2365994,0.14864656
12040,falling,2.256123,0.12625605
12041,falling,2.336821,0.1075953
12042,falling,2.5174181,0.14612
12043,falling,2.5333612,0.18394986
12044,falling,2.467132,0.17732434
12045,falling,2.4404876,0.29342386
12046,stable,2.374498,0.2791391
12047,stable,2.280601,0.1289246
12048,stable,2.304201,0.40101823
12049,spike,0.060671642,0.047743123
12050,spike,0.06666121,0.12251639
12051,spike,0.052235562,0.024614988
12052,spike,0.06669645,0.042219937
12053,spike,0.04625366,0.009529761
12054,spike,0.04850958,0.015244491
12055,spike,0.047129016,0.0072217905
12056,spike,0.049289446,0.007970745
12057,spike,0.05844349,0.021986376
12058,spike,0.0846065,0.118293084
12059,spike,0.08949788,0.13175268
12060,falling,0.04533349,0.016831651
12061,falling,0.048451073,0.010492587
12062,falling,0.1048825,0.2232718
12063,falling,0.060211394,0.09284524
12064,falling,0.0266898,0.013249188
12065,falling,0.029331157,0.011307796
12066,falling,0.029040556,0.046458133
12067,falling,0.034580477,0.013355004
12068,falling,0.030349225,0.011936423
12069,falling,0.020887472,0.008495008
12070,stable,0.019518847,0.009239351
12071,stable,0.025779266,0.0100813685
12072,stable,0.027843177,0.068146355
12073,stable,0.01729185,0.008180006
12074,stable,0.019682553,0.007085511
12075,rising,0.017260175,0.008986362
12076,rising,0.019696256,0.014455796
12077,rising,0.023662096,0.034923907
12078,rising,0.020709677,0.009644532
12079,rising,0.024703046,0.017524134
12080,rising,0.04116504,0.06545656
12081,rising,0.064887024,0.2237387
12082,stable,0.029140627,0.019918986
12083,stable,0.03042529,0.009236587
12084,stable,0.029665103,0.0069050007
12085,stable,0.06547763,0.17671031
12086,stable,0.070132114,0.16697931
12087,stable,0.05295223,0.09168978
12088,falling,0.06011733,0.061731238
12089,falling,0.061122317,0.022715358
12090,falling,0.053126812,0.019699335
12091,falling,0.05246322,0.015961463
12092,falling,0.043010365,0.013114552
12093,falling,0.042258296,0.010071007
12094,stable,0.043544885,0.014356411
12095,stable,0.05353179,0.065824255
12096,stable,0.06379227,0.06934216
12097,stable,0.047616173,0.012314422
12098,stable,0.059961524,0.088483185
12099,stable,0.052674245,0.062423505
12100,stable,0.036785033,0.01884427
12101,rising,0.035825137,0.02283619
12102,rising,0.03124988,0.010142054
12103,rising,0.032397944,0.006928243
12104,rising,0.034278903,0.013639581
12105,rising,0.03593521,0.014431612
12106,stable,0.029385896,0.008218456
12107,stable,0.03674565,0.025888117
12108,stable,0.028987342,0.016861366
12109,stable,0.023360375,0.037081204
12110,stable,0.037705682,0.10510337
12111,stable,0.04179566,0.11373738
12112,falling,0.029399034,0.014259813
12113,falling,0.020670036,0.005921382
12114,falling,0.020421097,0.008202565
12115,falling,0.019526334,0.0054049008
12116,falling,0.02209081,0.013372481
12117,falling,0.025411965,0.030923836
12118,stable,0.03808866,0.07712758
12119,stable,0.027479026,0.005468466
12120,stable,0.058674794,0.13142543
12121,stable,0.063226715,0.12950473
12122,stable,0.040812828,0.009914669
12123,stable,0.063063815,0.08213739
12124,rising,0.051424127,0.08172317
12125,rising,0.04498269,0.0072994386
12126,rising,0.046782855,0.0072641093
12127,rising,0.053602383,0.01433811
12128,rising,0.045076843,0.010601229
12129,rising,0.05228194,0.007857603
12130,stable,0.05808919,0.009393373
12131,stable,0.06583746,0.07332422
12132,stable,0.068745494,0.07951397
12133,stable,0.06832002,0.07858836
12134,stable,0.057374015,0.011054955
12135,stable,0.08102651,0.04040028
12136,falling,0.076317385,0.04322045
12137,falling,0.059753496,0.039684113
12138,falling,0.051258244,0.028745709
12139,falling,0.048491117,0.016940955
12140,falling,0.049646158,0.014510386
12141,stable,0.048854712,0.04309381
12142,falling,0.07296073,0.07338975
12143,stable,0.060803898,0.08695585
12144,stable,0.07870361,0.16304275
12145,stable,0.050252326,0.011224971
12146,stable,0.07899734,0.14803638
12147,rising,0.047040485,0.027469894
12148,stable,0.034903772,0.0073261126
12149,rising,0.047144238,0.056351867
12150,rising,0.04528721,0.018142704
12151,rising,0.046715852,0.011076456
12152,rising,0.044332054,0.020043207
12153,rising,0.03987391,0.030571358
12154,stable,0.03826938,0.008364573
12155,stable,0.058839723,0.08113411
12156,stable,0.08387623,0.24687327
12157,stable,0.021913836,0.0065427395
12158,stable,0.04769709,0.085786
12159,stable,0.041836083,0.12188321
12160,falling,0.020339256,0.012560602
12161,falling,0.01616176,0.008738329
12162,falling,0.019598663,0.009557187
12163,falling,0.022040691,0.008635544
12164,falling,0.021302128,0.006165118
12165,falling,0.021168053,0.0070313895
12166,falling,0.03060847,0.048823647
12167,stable,0.043465413,0.10991282
12168,stable,0.056610055,0.19594838
12169,stable,0.05021577,0.1515126
12170,stable,0.022664158,0.0060573085
12171,stable,0.03995589,0.08497768
12172,rising,0.03755097,0.01204649
12173,rising,0.036655914,0.012130341
12174,rising,0.0265641,0.007033363
12175,rising,0.026140522,0.0059824097
12176,rising,0.029699836,0.00708725
12177,rising,0.041053727,0.023264198
12178,stable,0.05108077,0.022839013
12179,stable,0.042675305,0.0497023
12180,stable,0.037040032,0.008536295
12181,stable,0.052187707,0.015852595
12182,stable,0.0531996,0.021839801
12183,stable,0.06287708,0.068491
12184,falling,0.04767404,0.038103938
12185,falling,0.03654664,0.039777134
12186,falling,0.0446957,0.01935136
12187,falling,0.039018985,0.017585292
12188,falling,0.042754292,0.012213781
12189,stable,0.027446337,0.013004582
12190,stable,0.02715878,0.009397352
12191,stable,0.0327341,0.009238704
12192,stable,0.027766215,0.0067699216
12193,stable,0.038505707,0.008084042
12194,stable,0.06453321,0.15620318
12195,stable,0.05874242,0.14939864
12196,stable,0.05514221,0.09297862
12197,rising,0.034818467,0.012797138
12198,rising,0.02266501,0.006526572
12199,rising,0.051207893,0.016990852
12200,rising,0.033525154,0.008578298
12201,rising,0.045415085,0.01341301
12202,stable,0.05067943,0.013050214
12203,stable,0.05122561,0.064736135
12204,stable,0.0686613,0.08163608
12205,stable,0.049772862,0.07011577
12206,stable,0.039346922,0.026515966
12207,stable,0.04180754,0.013551574
12208,falling,0.043174688,0.055098094
12209,falling,0.046399523,0.018669086
12210,falling,0.030922728,0.01367817
12211,falling,0.018860836,0.014741944
12212,falling,0.023646712,0.02130016
12213,stable,0.039259598,0.05534749
12214,stable,0.05292082,0.11956605
12215,stable,0.051179633,0.105060525
12216,stable,0.03573101,0.0062009604
12217,stable,0.059975065,0.14844923
12218,stable,0.061629124,0.15216634
12219,stable,0.060595233,0.10656038
12220,rising,0.062055156,0.05907661
12221,rising,0.047728833,0.03131721
12222,rising,0.056264676,0.05590964
12223,rising,0.049503867,0.0116767585
12224,rising,0.055537444,0.023724519
12225,stable,0.07842338,0.016993226
12226,rising,0.046811473,0.0080599375
12227,stable,0.066425286,0.061679605
12228,stable,0.054716278,0.010812397
12229,stable,0.07392387,0.08454009
12230,stable,0.086739436,0.0155703025
12231,stable,0.06897352,0.042248096
12232,falling,0.067733735,0.03781793
12233,falling,0.065548785,0.023304408
12234,falling,0.05624645,0.009295624
12235,falling,0.0555604,0.0073469
12236,stable,0.08255063,0.0509137
12237,falling,0.052022517,0.012114908
12238,stable,0.0520137,0.009238806
12239,stable,0.0515806,0.03127132
12240,stable,0.07362922,0.094756536
12241,stable,0.033039823,0.0068187467
12242,stable,0.088793226,0.1860319
12243,stable,0.04268093,0.0098416405
12244,rising,0.04456709,0.011307367
12245,rising,0.044586957,0.033213843
12246,rising,0.043615278,0.015662016
12247,rising,0.045164105,0.0103254635
12248,rising,0.056316987,0.013182761
12249,rising,0.042136855,0.010102904
12250,rising,0.03502767,0.010390563
12251,stable,0.053093504,0.011307652
12252,stable,0.06758942,0.028287388
12253,stable,0.0752134,0.024765646
12254,stable,0.068929546,0.105362356
12255,stable,0.05762062,0.05245876
12256,falling,0.047604155,0.047376372
12257,falling,0.04193497,0.012334217
12258,falling,0.0452497,0.017256258
12259,falling,0.03939183,0.018436903
12260,falling,0.03453814,0.029471686
12261,falling,0.023763726,0.0044776034
12262,stable,0.02943561,0.013345487
12263,stable,0.037108757,0.026656644
12264,stable,0.030503444,0.01788714
12265,stable,0.044613115,0.064420335
12266,stable,0.020098465,0.005151095
12267,stable,0.04830177,0.14096484
12268,rising,0.043616857,0.084623314
12269,rising,0.026042935,0.004528472
12270,rising,0.030168027,0.008125366
12271,rising,0.03414495,0.009325627
12272,rising,0.025678512,0.005848072
12273,rising,0.03244662,0.0077636978
12274,stable,0.028236987,0.010534429
12275,stable,0.04156506,0.033643454
12276,stable,0.035310213,0.023793802
12277,stable,0.054989696,0.11986992
12278,stable,0.049170632,0.026794672
12279,stable,0.033001028,0.012708418
12280,stable,0.03106046,0.025184646
12281,falling,0.027669644,0.008402501
12282,falling,0.029414702,0.008981526
12283,falling,0.04472438,0.08696297
12284,falling,0.03481277,0.008842774
12285,falling,0.052678403,0.010843827
12286,stable,0.06040943,0.024998872
12287,stable,0.057274554,0.014616044
12288,stable,0.058097772,0.057870064
12289,stable,0.044081513,0.008248947
12290,stable,0.053773504,0.009032118
12291,stable,0.07610902,0.06584642
12292,rising,0.068928085,0.026331441
12293,rising,0.050034832,0.012338055
12294,rising,0.043128803,0.014051506
12295,rising,0.052082453,0.013341156
12296,rising,0.031227417,0.008620772
12297,stable,0.033332597,0.013642136
12298,stable,0.037887704,0.013481581
12299,stable,0.03106029,0.018595336
12300,stable,0.039765816,0.01650527
12301,stable,0.043474223,0.13558735
12302,stable,0.013607648,0.0063876635
12303,falling,0.0401404,0.07670081
12304,falling,0.031757113,0.010145429
12305,falling,0.030536588,0.012206526
12306,falling,0.026160363,0.004540092
12307,falling,0.02958095,0.0067609944
12308,falling,0.03151688,0.0070018666
12309,falling,0.034822557,0.008822039
12310,stable,0.03614431,0.0071935095
12311,stable,0.05575419,0.09138313
12312,stable,0.03557231,0.004448638
12313,stable,0.041646138,0.006064684
12314,stable,0.06579642,0.119854204
12315,stable,0.06966803,0.16205867
12316,rising,0.027098853,0.0057015177
12317,rising,0.028705586,0.007317153
12318,rising,0.02945766,0.0068805437
12319,rising,0.03972056,0.01666189
12320,rising,0.03627085,0.011319397
12321,stable,0.037425116,0.012660015
12322,stable,0.026607875,0.009736093
12323,stable,0.034586392,0.023669194
12324,stable,0.025532193,0.012524179
12325,stable,0.045551773,0.13718122
12326,stable,0.037791893,0.06287688
12327,falling,0.035826523,0.0143353185
12328,falling,0.02941307,0.06962432
12329,falling,0.026347227,0.0093422
12330,falling,0.025573723,0.011072801
12331,falling,0.055595674,0.12206717
12332,falling,0.032276183,0.00781812
12333,falling,0.03565266,0.006175351
12334,stable,0.056331698,0.113551416
12335,stable,0.08369679,0.26495004
12336,stable,0.096405014,0.27403143
12337,stable,0.065737166,0.1177366
12338,stable,0.052671995,0.10185879
12339,stable,0.042032525,0.04136271
12340,rising,0.040893726,0.011611294
12341,rising,0.044326525,0.019808417
12342,rising,0.02915577,0.0071580047
12343,rising,0.03411065,0.0069400826
12344,rising,0.034266476,0.014277009
12345,rising,0.027835915,0.005376628
12346,stable,0.031075887,0.0075364104
12347,stable,0.026958253,0.012503464
12348,stable,0.02261081,0.0076737087
12349,stable,0.039685022,0.05554186
12350,stable,0.04857643,0.117211126
12351,stable,0.027404683,0.0065434873
12352,falling,0.034884144,0.044172276
12353,falling,0.025490098,0.011872486
12354,falling,0.025405677,0.006448567
12355,falling,0.01881606,0.0045198896
12356,falling,0.0356873,0.03092446
12357,falling,0.035952017,0.031557404
12358,stable,0.043199692,0.0126382
12359,stable,0.08448017,0.24095304
12360,stable,0.059384532,0.1150785
12361,stable,0.055090506,0.08444646
12362,stable,0.04033768,0.0053459103
12363,stable,0.046695817,0.00983664
12364,stable,0.036161177,0.0067502735
12365,rising,0.034459233,0.009828092
12366,rising,0.035211064,0.009329688
12367,rising,0.034030434,0.013265233
12368,rising,0.034009356,0.01657678
12369,rising,0.03789113,0.013700272
12370,rising,0.054793272,0.058704183
12371,stable,0.047757696,0.07795497
12372,stable,0.054988846,0.1321726
12373,stable,0.03978243,0.016637847
12374,stable,0.03563937,0.061413173
12375,stable,0.04426611,0.090267815
12376,falling,0.027106773,0.010345081
12377,falling,0.032126177,0.024153462
12378,falling,0.025232451,0.0059829853
12379,falling,0.02562412,0.006841945
12380,falling,0.035076234,0.016044607
12381,falling,0.047033396,0.01613975
12382,stable,0.033145823,0.008092083
12383,stable,0.03857124,0.008529269
12384,stable,0.044234313,0.010571901
12385,stable,0.049421158,0.008383109
12386,stable,0.065608814,0.10969062
12387,stable,0.04209117,0.0071765105
12388,rising,0.041646726,0.009629903
12389,rising,0.042269867,0.009492459
12390,rising,0.05276728,0.04567931
12391,rising,0.04967969,0.01752744
12392,rising,0.05883733,0.07201237
12393,rising,0.050090734,0.06139808
12394,rising,0.06513613,0.09916626
12395,stable,0.070622616,0.089711115
12396,stable,0.07742878,0.15896901
12397,stable,0.047632653,0.019649575
12398,stable,0.039771374,0.01226785
12399,stable,0.041874826,0.015546007
12400,falling,0.047285076,0.016048234
12401,falling,0.043072116,0.023456205
12402,falling,0.037906103,0.011802608
12403,falling,0.04110686,0.014907613
12404,falling,0.066470176,0.051669154
12405,falling,0.064571455,0.042217717
12406,stable,0.071557015,0.046238385
12407,stable,0.03419969,0.0062258006
12408,stable,0.06706179,0.14367735
12409,stable,0.067974016,0.13685167
12410,stable,0.041450698,0.007747876
12411,stable,0.038429618,0.009152951
12412,rising,0.062103286,0.12386465
12413,rising,0.051600177,0.0367503
12414,rising,0.054783605,0.013498777
12415,rising,0.05373313,0.022902817
12416,rising,0.024220817,0.010983293
12417,stable,0.022689907,0.009231736
12418,stable,0.029590063,0.031817436
12419,stable,0.03877056,0.09320013
12420,stable,0.048204448,0.092440315
12421,stable,0.015818615,0.004883882
12422,stable,0.046378963,0.1410018
12423,stable,0.03933912,0.031131588
12424,stable,0.04382527,0.08488287
12425,falling,0.028707324,0.038665667
12426,falling,0.023831684,0.008698704
12427,falling,0.7247308,0.047681943
12428,falling,0.96005166,0.0452888
12429,falling,1.097175,0.07214242
12430,stable,1.159737,0.12809983
12431,stable,1.2677664,0.10575764
12432,stable,1.2330717,0.07665647
12433,stable,1.3256177,0.3915797
12434,stable,1.3552982,0.5898071
12435,stable,1.2230401,0.05982887
12436,rising,1.2804016,0.06426649
12437,rising,1.3813499,0.16421984
12438,rising,1.315902,0.05898204
12439,spike,0.09752334,0.08259145
12440,spike,0.13265619,0.33417937
12441,spike,0.06692124,0.021705877
12442,spike,0.06756849,0.017145902
12443,spike,0.08096207,0.10936036
12444,spike,0.050879102,0.02417929
12445,spike,0.06588101,0.04387822
12446,spike,0.083856605,0.1553586
12447,spike,0.03146892,0.015991919
12448,spike,0.059337776,0.028780445
12449,spike,0.053222418,0.020258084
12450,falling,0.04477914,0.02031687
12451,falling,0.033099588,0.009046573
12452,falling,0.042810977,0.017305886
12453,falling,0.04522215,0.016705133
12454,falling,0.043670543,0.012410574
12455,stable,0.053347353,0.033331916
12456,stable,0.05342571,0.06282905
12457,stable,0.05665018,0.084037535
12458,stable,0.06596847,0.15119192
12459,stable,0.071850516,0.17555183
12460,rising,0.04058982,0.03966949
12461,rising,0.055249594,0.048784606
12462,rising,0.051378105,0.016042687
12463,rising,0.06859493,0.02747542
12464,rising,0.049992215,0.015876567
12465,rising,0.039276864,0.011788882
12466,stable,0.043043397,0.024900522
12467,stable,0.049686227,0.025331538
12468,stable,0.091586314,0.18647145
12469,stable,0.04582215,0.011772967
12470,stable,0.08397987,0.18683697
12471,stable,0.04031482,0.010249943
12472,falling,0.07350315,0.10441421
12473,falling,0.0411009,0.028873375
12474,falling,0.04259416,0.019085042
12475,falling,0.022243867,0.010483642
12476,falling,0.026576785,0.014872201
12477,falling,0.020125095,0.008680995
12478,stable,0.019231485,0.007751071
12479,stable,0.035617016,0.057493776
12480,stable,0.07297137,0.23163421
12481,stable,0.035836633,0.050749857
12482,stable,0.01349465,0.004117107
12483,stable,0.01617482,0.008342165
12484,rising,0.049015984,0.013504444
12485,rising,0.05518045,0.016811196
12486,rising,0.05534177,0.013732077
12487,rising,0.06522422,0.015147519
12488,rising,0.069328465,0.019316277
12489,rising,0.05736724,0.0085492395
12490,stable,0.09363249,0.10895002
12491,stable,0.0808193,0.016114028
12492,stable,0.121958,0.15682392
12493,stable,0.09541043,0.024114776
12494,stable,0.13011855,0.13976942
12495,stable,0.11038899,0.08333655
12496,falling,0.060198154,0.022422723
12497,falling,0.07291356,0.025908655
12498,falling,0.06576775,0.07951297
12499,falling,0.036781527,0.013762192
12500,falling,0.035234727,0.021983767
12501,falling,0.05310518,0.13476473
12502,falling,1.5669891,0.054874416
12503,stable,2.3313766,0.074026234
12504,stable,2.650311,0.12132035
12505,stable,2.7875273,0.17862292
12506,stable,2.9123948,0.26511338
12507,rising,4.6796494,0.56970876
12508,rising,5.525808,0.2504773
12509,rising,6.000402,0.20332652
12510,rising,6.142657,0.2522565
12511,rising,6.2593937,0.33460686
12512,rising,6.5841985,0.21578771
12513,rising,6.7326612,0.2841159
12514,spike,2.3805516,0.35258505
12515,spike,2.4054294,0.21914324
12516,spike,2.5158885,0.24928111
12517,spike,2.606092,0.15134585
12518,spike,2.5176158,0.18428575
12519,spike,0.20130175,0.13206087
12520,spike,0.19800235,0.27106187
12521,spike,0.22867057,0.41195086
12522,spike,0.12547101,0.1255042
12523,spike,0.10022828,0.060842462
12524,spike,0.14926341,0.080410674
12525,spike,0.12638198,0.036045548
12526,spike,0.071912974,0.023966305
12527,spike,0.08168684,0.031879462
12528,spike,0.080282226,0.01733168
12529,spike,0.090065435,0.020687055
12530,falling,0.072591215,0.033757277
12531,falling,0.07647575,0.052697208
12532,stable,0.083661094,0.036314324
12533,stable,0.093745016,0.064297184
12534,stable,0.12104555,0.060754407
12535,rising,0.13989265,0.09809434
12536,rising,0.17703703,0.0717928
12537,rising,0.16211815,0.08812046
12538,rising,0.19748007,0.0672389
12539,stable,0.18509266,0.09906903
12540,stable,0.23536816,0.059019145
12541,stable,0.1964089,0.07056773
12542,stable,0.22974735,0.04867188
12543,falling,0.20091127,0.10657767
12544,falling,0.15677857,0.02886869
12545,falling,0.19846028,0.1665465
12546,falling,0.09753634,0.03150578
12547,falling,0.08580587,0.020831864
12548,falling,0.060588874,0.019858658
12549,falling,0.07380258,0.030828316
12550,stable,0.061935797,0.039273564
12551,stable,0.07439567,0.08682741
12552,stable,0.07745791,0.041308504
12553,stable,0.08079346,0.05575931
12554,stable,0.10582805,0.11617436
12555,stable,0.05252874,0.065520346
12556,rising,0.058774427,0.0743084
12557,rising,0.053530894,0.06637554
12558,rising,0.084753424,0.10712009
12559,rising,0.087672554,0.08289232
12560,rising,0.08048998,0.16662475
12561,rising,0.060727768,0.12902795
12562,stable,0.07536549,0.0732054
12563,stable,0.07073137,0.072277024
12564,stable,0.14555362,0.2684425
12565,stable,0.13927518,0.30074683
12566,stable,0.07760762,0.077080496
12567,stable,0.06798,0.05104758
12568,falling,0.06374756,0.0436866
12569,falling,0.06873314,0.050263885
12570,falling,0.058220673,0.019581387
12571,falling,0.053965468,0.014344519
12572,falling,0.047256496,0.00895059
12573,falling,0.054680366,0.022802277
12574,stable,0.050869074,0.0064874203
12575,stable,0.07708964,0.10497553
12576,stable,0.057095967,0.029483961
12577,stable,0.048427466,0.025566058
12578,stable,0.053014472,0.011801489
12579,stable,0.097021945,0.07554442
12580,rising,0.087323174,0.029778877
12581,rising,0.09284617,0.024583496
12582,rising,0.07570278,0.019118464
12583,rising,0.09246569,0.019173201
12584,rising,0.12623158,0.029990446
12585,rising,0.07534648,0.015709125
12586,stable,0.15291916,0.15455659
12587,stable,0.07396092,0.01791081
12588,stable,0.051791202,0.03872116
12589,stable,0.039063673,0.024087
12590,stable,0.06436289,0.09204496
12591,falling,0.03638629,0.03168475
12592,falling,0.054480277,0.018599605
12593,falling,0.06600417,0.04127847
12594,falling,0.04413722,0.032931086
12595,falling,0.05508833,0.03135588
12596,falling,0.044062637,0.018124359
12597,falling,0.029519666,0.014712294
12598,stable,0.035354506,0.015467362
12599,stable,0.046919838,0.017982502
12600,stable,0.03665597,0.015723605
12601,stable,0.036814313,0.022362834
12602,stable,0.0328586,0.011213038
12603,stable,0.04554464,0.0586886
12604,rising,0.03903026,0.036968913
12605,rising,0.031023005,0.014803414
12606,rising,0.03028825,0.0047320705
12607,rising,0.038202666,0.009004882
12608,rising,0.04458091,0.0074658757
12609,rising,0.063025765,0.073598385
12610,stable,0.05774535,0.07492599
12611,stable,0.055083193,0.020154476
12612,stable,0.07985533,0.15207082
12613,stable,0.056682233,0.0086568855
12614,stable,0.06641529,0.09983965
12615,stable,0.08363871,0.17229837
12616,stable,0.079210095,0.10499287
12617,falling,0.06417468,0.06738199
12618,falling,0.09022966,0.040051844
12619,falling,0.06764723,0.016942099
12620,falling,0.06561355,0.08115946
12621,falling,0.057548646,0.017460221
12622,stable,0.06076069,0.040300496
12623,stable,0.056292858,0.015755119
12624,stable,0.08326945,0.1104406
12625,stable,0.04775623,0.011457234
12626,stable,0.061697908,0.016069943
12627,stable,0.04958229,0.010923274
12628,rising,0.054576382,0.0435749
12629,rising,0.06436173,0.023676896
12630,rising,0.041529275,0.0102342665
12631,rising,0.04407766,0.029845947
12632,rising,0.0438774,0.022412939
12633,rising,0.06836291,0.07290127
12634,stable,0.046247177,0.01703888
12635,stable,0.049647253,0.012385292
12636,stable,0.05924674,0.02397882
12637,stable,0.07284643,0.023233134
12638,stable,0.090122834,0.09884125
12639,stable,0.06455896,0.023573022
12640,falling,0.07280401,0.08859527
12641,falling,0.08290034,0.071461625
12642,falling,0.082177,0.083154194
12643,falling,0.07471863,0.029889543
12644,falling,0.0505286,0.021942606
12645,falling,0.042510655,0.015966069
12646,falling,0.03392144,0.014536299
12647,stable,0.036976896,0.01778951
12648,stable,0.032363456,0.005815093
12649,stable,0.052738607,0.111174084
12650,stable,0.06557892,0.10964115
12651,stable,0.06654921,0.036678933
12652,stable,0.07388314,0.06786407
12653,rising,0.07175124,0.022298701
12654,rising,0.07524382,0.019104956
12655,rising,0.06622157,0.01955867
12656,rising,0.07198653,0.013424771
12657,rising,0.08278119,0.057780374
12658,rising,0.0857834,0.025244592
12659,stable,0.10905842,0.1176903
12660,stable,0.0710042,0.051680733
12661,stable,0.10862475,0.032096192
12662,stable,0.105547905,0.24480857
12663,stable,0.083056346,0.11670353
12664,falling,0.055138633,0.013569385
12665,falling,0.054208584,0.013998362
12666,falling,0.08070261,0.093767576
12667,falling,0.05092124,0.010922531
12668,falling,0.04409204,0.006421885
12669,falling,0.046213306,0.006749758
12670,stable,0.05431285,0.023100078
12671,stable,0.07050828,0.06493166
12672,stable,0.104406364,0.14828971
12673,stable,0.15773678,0.14845897
12674,stable,0.14506087,0.12246641
12675,rising,0.08166916,0.05006442
12676,rising,0.10238869,0.024858255
12677,rising,0.12930347,0.030461822
12678,rising,0.12826894,0.03480422
12679,rising,0.117904,0.034072097
12680,rising,0.08575155,0.022817008
12681,stable,0.09694602,0.019389624
12682,stable,0.09937487,0.07831019
12683,stable,0.16781174,0.41038805
12684,stable,0.110179424,0.23419432
12685,stable,0.06833892,0.025938403
12686,stable,0.10257576,0.21303359
12687,stable,0.06585188,0.016072439
12688,falling,0.05891592,0.013866186
12689,falling,0.06287966,0.019313889
12690,falling,0.055824995,0.0146468
12691,falling,0.06301788,0.024827458
12692,falling,0.055895247,0.017775172
12693,falling,0.04561545,0.010633263
12694,stable,0.069235004,0.034497052
12695,stable,0.07716915,0.020653492
12696,stable,0.067584716,0.077442534
12697,stable,0.056528095,0.011272711
12698,stable,0.052817706,0.017584693
12699,rising,0.055998437,0.09306329
12700,stable,0.04390641,0.0331531
12701,rising,0.035753172,0.017639263
12702,rising,0.02989325,0.026069451
12703,rising,0.057206284,0.15478462
12704,rising,0.03526557,0.009106358
12705,stable,0.051727466,0.0489232
12706,stable,0.038449053,0.01719011
12707,stable,0.034242313,0.018568309
12708,stable,0.040854152,0.030867685
12709,stable,0.09029559,0.13993286
12710,stable,0.07201508,0.121563286
12711,stable,0.04309713,0.007808405
12712,falling,0.04480052,0.014964107
12713,falling,0.047742732,0.012531009
12714,falling,0.051376864,0.03809421
12715,falling,0.04895342,0.010820607
12716,falling,0.047562856,0.0059044813
12717,falling,0.046281338,0.010469165
12718,stable,0.059060898,0.060015652
12719,stable,0.06290684,0.09446519
12720,stable,0.077113956,0.061664395
12721,stable,0.07173816,0.16719803
12722,stable,0.05272803,0.04071855
12723,stable,0.04556719,0.049643874
12724,rising,0.039357543,0.008433359
12725,rising,0.048076577,0.016868077
12726,rising,0.06718356,0.04500991
12727,rising,0.055789165,0.01643412
12728,rising,0.05623216,0.016308628
12729,rising,0.05116204,0.020183459
12730,stable,0.05956328,0.023804225
12731,stable,0.0740093,0.088968776
12732,stable,0.087927066,0.11828309
12733,stable,0.061028812,0.011394612
12734,stable,0.093721986,0.22347684
12735,stable,0.06530497,0.018900612
12736,falling,0.046215877,0.025500191
12737,falling,0.040247362,0.028459484
12738,falling,0.03572661,0.016570399
12739,falling,0.040130164,0.0128394915
12740,falling,0.05393236,0.014981689
12741,falling,0.051368646,0.00945987
12742,stable,0.05312288,0.008599905
12743,stable,0.066969946,0.06589237
12744,stable,0.08006574,0.13073052
12745,stable,0.08343097,0.14327061
12746,stable,0.067507975,0.011040733
12747,stable,0.07895895,0.055091072
12748,rising,0.07573769,0.015656307
12749,rising,0.07412324,0.013586096
12750,rising,0.07775142,0.041309893
12751,rising,0.076196775,0.023208197
12752,rising,0.061816443,0.023004476
12753,rising,0.051017083,0.03057478
12754,rising,0.05250047,0.012796119
12755,stable,0.047198553,0.09861846
12756,stable,0.054994524,0.12356936
12757,stable,0.025343694,0.008214837
12758,stable,0.02898819,0.013326096
12759,stable,0.03403418,0.041344874
12760,stable,0.03193409,0.015461425
12761,falling,0.037508667,0.011923801
12762,falling,0.028922869,0.022497963
12763,falling,0.02893917,0.017366135
12764,falling,0.045112174,0.025052886
12765,falling,0.03706086,0.010759669
12766,stable,0.034398116,0.008417684
12767,stable,0.048220005,0.009943237
12768,stable,0.040843964,0.019075178
12769,stable,0.048730176,0.008474347
12770,stable,0.04515679,0.00892961
12771,stable,0.055405565,0.0121771945
12772,stable,0.050870836,0.009955694
12773,rising,0.053359754,0.029886497
12774,rising,0.090986855,0.2437415
12775,rising,0.052683648,0.016199969
12776,rising,0.053019967,0.045090087
12777,rising,0.048028912,0.013034806
12778,stable,0.05265908,0.01436489
12779,stable,0.081385456,0.15819134
12780,stable,0.11404312,0.4171749
12781,stable,0.047114953,0.017374748
12782,stable,0.0398026,0.04463882
12783,stable,0.030922018,0.018605264
12784,stable,0.0235342,0.008617204
12785,falling,0.031009676,0.04256996
12786,falling,0.020618048,0.0053431354
12787,falling,0.021869127,0.02254917
12788,falling,0.024660492,0.025595197
12789,falling,0.027082566,0.048039783
12790,stable,0.022195566,0.006869231
12791,stable,0.039208766,0.088211805
12792,stable,0.056044042,0.14125709
12793,stable,0.051183123,0.13543609
12794,stable,0.05811677,0.13613851
12795,stable,0.029170534,0.012816716
12796,rising,0.030637635,0.015577875
12797,rising,0.020841789,0.0098459255
12798,rising,0.02579362,0.033666417
12799,rising,0.043119602,0.11661185
12800,rising,0.01852169,0.0063948263
12801,rising,0.018701943,0.004829551
12802,rising,0.026213339,0.03445333
12803,stable,0.047471594,0.09737211
12804,stable,0.033287358,0.011854225
12805,stable,0.045519236,0.015197624
12806,stable,0.044391915,0.01114526
12807,stable,0.057601843,0.006478072
12808,falling,0.080084495,0.1159669
12809,falling,0.058335498,0.014198811
12810,falling,0.062251415,0.03617166
12811,falling,0.061306227,0.019982465
12812,falling,0.06918049,0.024225926
12813,falling,0.064981975,0.010793924
12814,stable,0.06779419,0.011705938
12815,stable,0.079375096,0.02222743
12816,stable,0.07677733,0.016108086
12817,stable,0.054162875,0.02192131
12818,stable,0.060130857,0.010582686
12819,stable,0.073159575,0.113164105
12820,rising,0.055550657,0.049867265
12821,rising,0.05140451,0.031184368
12822,rising,0.057363655,0.016938915
12823,rising,0.05224934,0.007406365
12824,rising,0.0446668,0.012409824
12825,rising,0.042040173,0.018004118
12826,rising,0.03786177,0.0055817435
12827,stable,0.041080914,0.0548642
12828,stable,0.033469323,0.008110359
12829,stable,0.08455677,0.20710719
12830,stable,0.049719557,0.026459927
12831,stable,0.071564674,0.1199732
12832,falling,0.047345594,0.025539432
12833,falling,0.05250954,0.024478843
12834,falling,0.053400345,0.043938793
12835,falling,0.04476606,0.040417068
12836,falling,0.03191717,0.022139307
12837,falling,0.030829279,0.008701785
12838,stable,0.027314026,0.0066622845
12839,stable,0.044248067,0.093175076
12840,stable,0.04342682,0.09310693
12841,stable,0.018975424,0.011324137
12842,stable,0.026054325,0.023620563
12843,stable,0.016721038,0.007039527
12844,rising,0.030346218,0.05293354
12845,rising,0.03101799,0.030884204
12846,rising,0.02497294,0.0061470075
12847,rising,0.030045513,0.00898864
12848,rising,0.03905468,0.009467303
12849,rising,0.042106077,0.013157865
12850,stable,0.043895915,0.036201816
12851,stable,0.033985484,0.008543616
12852,stable,0.029573206,0.0050860257
12853,stable,0.06500037,0.15306318
12854,stable,0.04204501,0.011708448
12855,stable,0.053908505,0.08785351
12856,falling,0.05902441,0.07793505
12857,falling,0.034456525,0.016170181
12858,falling,0.044220354,0.02020489
12859,falling,0.043201946,0.017066754
12860,falling,0.058193102,0.029748095
12861,falling,0.038406186,0.017273545
12862,stable,0.061448973,0.012302616
12863,stable,0.07513997,0.111227065
12864,stable,0.05783711,0.011675223
12865,stable,0.076142564,0.072934255
12866,stable,0.08410111,0.13344245
12867,rising,0.08594189,0.06139522
12868,stable,0.07626222,0.07200347
12869,rising,0.061259534,0.014545918
12870,rising,0.061263073,0.012800202
12871,rising,0.064325586,0.017003492
12872,rising,0.06486735,0.024433652
12873,rising,0.06380363,0.010716421
12874,stable,0.06845959,0.090919554
12875,stable,0.048972365,0.019268205
12876,stable,0.091347404,0.16564032
12877,stable,0.03967332,0.005335692
12878,stable,0.056798007,0.08166687
12879,stable,0.047473304,0.011093513
12880,falling,0.053580113,0.011434332
12881,falling,0.048062224,0.016771322
12882,falling,0.037155174,0.023436502
12883,falling,0.030463807,0.0086422395
12884,falling,0.030517608,0.012744836
12885,stable,0.037071582,0.047911987
12886,stable,0.061046664,0.07873367
12887,stable,0.061356686,0.020076003
12888,stable,0.076056555,0.15878865
12889,stable,0.07245984,0.14488852
12890,stable,0.08438698,0.14909033
12891,rising,0.062961,0.021640161
12892,stable,0.05293404,0.014488314
12893,rising,0.03888985,0.006427845
12894,rising,0.046424862,0.020689245
12895,rising,0.043704476,0.00901172
12896,rising,0.047317795,0.013757212
12897,rising,0.05585587,0.015003315
12898,stable,0.07642515,0.023184873
12899,stable,0.06439809,0.12542307
12900,stable,0.04444693,0.021324301
12901,stable,0.040022157,0.011204106
12902,stable,0.042551495,0.08734549
12903,stable,0.03448371,0.023768807
12904,falling,0.04551299,0.026342867
12905,falling,0.05228402,0.021380594
12906,falling,0.028248828,0.012705055
12907,falling,0.03237812,0.012086102
12908,falling,0.03291711,0.009283483
12909,stable,0.050915226,0.07652596
12910,stable,0.033845708,0.0068584993
12911,stable,0.055296108,0.13377526
12912,stable,0.05525742,0.15467988
12913,stable,0.059182826,0.17144741
12914,stable,0.03740441,0.009486325
12915,stable,0.038605746,0.010043899
12916,rising,0.056321077,0.010446885
12917,rising,0.048838448,0.047592733
12918,rising,0.04887972,0.010799168
12919,rising,0.034964442,0.01031038
12920,rising,0.03285207,0.0051075006
12921,rising,0.03462216,0.0057821306
12922,stable,0.040466197,0.008882592
12923,stable,0.06435829,0.0792693
12924,stable,0.051844094,0.011859313
12925,stable,0.056450073,0.0663641
12926,stable,0.07648231,0.05964563
12927,stable,0.0658718,0.070136465
12928,stable,0.04414321,0.055397533
12929,falling,0.027296275,0.021571541
12930,falling,0.024671884,0.01077763
12931,falling,0.03203066,0.013669221
12932,falling,0.04371268,0.02572375
12933,stable,0.04334857,0.046417173
12934,stable,0.046497468,0.012295839
12935,stable,0.075926855,0.13235296
12936,stable,0.05230607,0.01714375
12937,stable,0.0848976,0.16706507
12938,stable,0.055810656,0.040449366
12939,stable,0.06211757,0.018552398
12940,rising,0.06139715,0.019273063
12941,rising,0.0675824,0.060787003
12942,rising,0.06404846,0.025317023
12943,rising,0.06316865,0.01979114
12944,rising,0.038374163,0.01890505
12945,rising,0.046781436,0.017977968
12946,stable,0.053831216,0.1003221
12947,stable,0.04076946,0.0257336
12948,stable,0.042143524,0.057697613
12949,stable,0.060374763,0.03678059
12950,stable,0.055198055,0.027418597
12951,stable,0.05669268,0.037597828
12952,falling,0.035893593,0.028065313
12953,falling,0.026828988,0.021927753
12954,falling,0.02923685,0.0068169106
12955,falling,0.032679874,0.006484115
12956,falling,0.04256233,0.022860613
12957,falling,0.026880119,0.00724109
12958,stable,0.052855898,0.11974108
12959,stable,0.050561085,0.11501152
12960,stable,0.057791635,0.17388831
12961,stable,0.034466457,0.013245122
12962,stable,0.043443426,0.1119365
12963,stable,0.024180217,0.009181952
12964,rising,0.041406535,0.010622147
12965,rising,0.033045426,0.009821643
12966,rising,0.039890412,0.017766217
12967,rising,0.04418614,0.020615846
12968,rising,0.045158572,0.018724367
12969,rising,0.03902128,0.01044529
12970,stable,0.03949499,0.0122011835
12971,stable,0.066583455,0.12655596
12972,stable,0.06635291,0.12721995
12973,stable,0.07428412,0.13859697
12974,stable,0.059156083,0.09279488
12975,stable,0.06638781,0.089415245
12976,stable,0.0748355,0.062072348
12977,falling,0.06336097,0.09102736
12978,falling,0.049724884,0.014709858
12979,falling,0.05388059,0.015063529
12980,falling,0.059783526,0.017641222
12981,falling,0.07330324,0.021726245
12982,falling,0.08979409,0.09508442
12983,stable,0.08626694,0.12938702
12984,stable,0.08779987,0.08819726
12985,stable,0.06335653,0.013581183
12986,stable,0.096194305,0.17709139
12987,stable,0.082098946,0.06125079
12988,rising,0.065524705,0.010297679
12989,rising,0.060486816,0.015527314
12990,rising,0.06142853,0.012866875
12991,rising,0.06090488,0.013384696
12992,rising,0.03692801,0.0112531
12993,rising,0.032936167,0.006205894
12994,stable,0.03770127,0.041988757
12995,stable,0.025796881,0.007973853
12996,stable,0.027362952,0.00556443
12997,stable,0.04754134,0.093621574
12998,stable,0.050022185,0.104722746
12999,stable,0.040913466,0.06644646
13000,stable,0.03190611,0.081419356
13001,falling,0.023942731,0.03143949
13002,falling,0.02782207,0.014199444
13003,falling,0.018690739,0.010812332
13004,falling,0.018138666,0.012221062
13005,falling,0.011249822,0.004806282
13006,stable,0.02874657,0.09065252
13007,stable,0.02403522,0.0049247015
13008,stable,0.06663652,0.21325138
13009,stable,0.026692629,0.005522107
13010,stable,1.675406,0.14897828
13011,stable,2.3797417,0.22892329
13012,rising,2.8468785,0.16841121
13013,rising,3.1049323,0.14700529
13014,rising,3.1089716,0.12594423
13015,rising,3.1482027,0.1060687
13016,rising,3.1794655,0.112164095
13017,rising,3.2603405,0.119449265
13018,stable,3.2120106,0.10845151
13019,stable,3.0821006,0.12016343
13020,stable,3.1946187,0.2968564
13021,stable,3.5275283,0.14078206
13022,spike,0.14188536,0.18740001
13023,spike,0.17671777,0.25964963
13024,spike,0.25184444,0.41628468
13025,spike,0.20605321,0.2940924
13026,spike,0.1451171,0.19452912
13027,spike,0.08779653,0.011881385
13028,spike,0.08188594,0.04152653
13029,spike,0.06806217,0.0123206405
13030,spike,0.0805713,0.028769514
13031,spike,0.07461549,0.01652102
13032,spike,0.07393585,0.015458305
13033,falling,0.09585165,0.07580202
13034,falling,0.055604566,0.009474437
13035,stable,0.05887184,0.013647508
13036,stable,0.09222968,0.124176465
13037,stable,0.054909818,0.082482874
13038,stable,0.045309808,0.0248128
13039,stable,0.0473714,0.021561084
13040,rising,0.055985328,0.043685563
13041,rising,0.045002535,0.06400744
13042,stable,0.05624972,0.09320656
13043,stable,0.05522932,0.068731464
13044,stable,0.08586238,0.16913441
13045,stable,0.048193224,0.030154694
13046,stable,0.055170137,0.04016217
13047,stable,0.07171205,0.15317574
13048,stable,0.04337504,0.01727867
13049,falling,0.06621986,0.13762248
13050,falling,0.03758411,0.011464347
13051,falling,0.04244003,0.009348609
13052,falling,0.048572123,0.01602263
13053,falling,0.08167149,0.16003606
13054,falling,0.04963887,0.011865325
13055,stable,0.04382966,0.0071294284
13056,stable,0.044282336,0.005458874
13057,stable,0.059188664,0.070483655
13058,stable,0.094199724,0.14098956
13059,stable,0.077686235,0.049327254
13060,rising,0.08540157,0.050009068
13061,rising,0.094811946,0.11537264
13062,rising,0.06473494,0.028982371
13063,rising,0.09447429,0.07182376
13064,rising,0.09900296,0.084567904
13065,rising,0.10536555,0.11841819
13066,stable,0.086924024,0.13630605
13067,stable,0.06972795,0.044251174
13068,stable,0.10344303,0.1909155
13069,stable,0.11257787,0.20513359
13070,stable,0.062295903,0.06677577
13071,stable,0.04077881,0.042551156
13072,falling,0.03549082,0.013573762
13073,falling,0.04572854,0.04774951
13074,falling,0.030828975,0.0069685644
13075,falling,0.036516026,0.016272798
13076,falling,0.03368529,0.03640422
13077,stable,0.029664516,0.011669906
13078,stable,0.024868224,0.0065330057
13079,stable,0.027514054,0.0075748945
13080,stable,0.053690236,0.11560341
13081,stable,0.047260188,0.030970437
13082,stable,0.07063545,0.14518902
13083,rising,0.059633773,0.10051219
13084,rising,0.035790835,0.00809554
13085,rising,0.97684586,0.050189182
13086,rising,1.6142356,0.08741697
13087,rising,1.8983543,0.10448898
13088,rising,2.2114995,0.13706228
13089,stable,2.3338618,0.11632778
13090,stable,2.2293522,0.1618406
13091,stable,2.3103218,0.07052429
13092,stable,2.223569,0.21251468
13093,stable,2.378266,0.29969224
13094,stable,2.101896,0.086519614
13095,stable,2.1529324,0.2048775
13096,falling,2.273383,0.14219746
13097,spike,0.27427346,0.41408482
13098,spike,0.27167147,0.48601523
13099,spike,0.23006245,0.2244844
13100,spike,0.18550552,0.3230487
13101,spike,0.09596574,0.0660727
13102,spike,0.08738529,0.096491195
13103,spike,0.059066035,0.06539466
13104,spike,0.05643197,0.029915484
13105,spike,0.027604459,0.024415538
13106,spike,0.023454249,0.017979188
13107,spike,0.03079127,0.059675142
13108,stable,0.055525076,0.19651304
13109,stable,0.02751697,0.026333945
13110,stable,0.024477024,0.02451874
13111,stable,0.030757759,0.04397032
13112,stable,0.029648365,0.056284703
13113,stable,0.03902473,0.02994855
13114,stable,0.0493234,0.04172709
13115,stable,0.073188744,0.13743293
13116,stable,0.07525865,0.12575649
13117,stable,0.06567932,0.0858173
13118,stable,0.092191376,0.12734377
13119,stable,0.112783216,0.1271724
13120,falling,0.12317876,0.10750015
13121,falling,0.095391735,0.0583602
13122,falling,0.081705116,0.045179453
13123,falling,0.058238443,0.035612166
13124,falling,0.044919234,0.01659771
13125,falling,0.046364285,0.03580046
13126,stable,0.04859759,0.030750353
13127,stable,0.062369667,0.021662999
13128,stable,0.050123207,0.101672105
13129,stable,0.07281079,0.20062175
13130,stable,0.054180983,0.055061854
13131,stable,0.044936027,0.02006115
13132,rising,0.040233433,0.029645164
13133,rising,0.0381112,0.029543301
13134,rising,0.035403803,0.016810544
13135,rising,0.053989988,0.05391198
13136,rising,0.05675808,0.045589127
13137,rising,0.078078024,0.06065105
13138,stable,0.11271515,0.15149625
13139,stable,0.09639213,0.0948951
13140,stable,0.114587575,0.14069197
13141,stable,0.115117684,0.12876582
13142,stable,0.1204574,0.11275103
13143,stable,0.109479114,0.15329918
13144,stable,0.09501198,0.10522421
13145,falling,0.09301348,0.078516416
13146,falling,0.11460186,0.06593522
13147,falling,0.069532864,0.03253182
13148,falling,0.07753884,0.06379452
13149,falling,0.05274034,0.02165725
13150,stable,0.049578834,0.010736556
13151,stable,0.0708851,0.100156754
13152,stable,0.06765054,0.13496265
13153,stable,0.08350479,0.22549583
13154,stable,0.04324144,0.011645483
13155,stable,0.045011733,0.02018339
13156,rising,0.04169204,0.004429526
13157,rising,0.049173024,0.037413277
13158,rising,0.040681414,0.010720689
13159,rising,0.037622947,0.0063096113
13160,rising,0.037599247,0.009558927
13161,rising,0.033637967,0.051345028
13162,stable,0.032178156,0.013196102
13163,stable,0.026889063,0.0050829044
13164,stable,0.045209013,0.06672822
13165,stable,0.04249916,0.076765336
13166,stable,0.031577248,0.0058894544
13167,stable,0.063434,0.11720242
13168,falling,0.05000889,0.0482165
13169,falling,0.048720606,0.009155898
13170,falling,0.04533081,0.012921477
13171,falling,0.04567183,0.0066129738
13172,falling,0.04887825,0.011341471
13173,falling,0.040733498,0.0067223953
13174,stable,0.05413637,0.057054784
13175,stable,0.038792524,0.011160973
13176,stable,0.05491625,0.10159998
13177,stable,0.085809015,0.23189256
13178,stable,0.053446095,0.04157469
13179,stable,0.0801128,0.11364845
13180,rising,0.062180627,0.018333642
13181,rising,0.06692013,0.023438102
13182,rising,0.07762193,0.019021366
13183,rising,0.08417681,0.023543166
13184,rising,0.09128309,0.020034628
13185,rising,0.08945359,0.021246165
13186,stable,0.08661542,0.021920402
13187,stable,0.08510079,0.12769635
13188,stable,0.071036406,0.1511356
13189,stable,0.04597652,0.013244156
13190,stable,0.056097392,0.11514648
13191,stable,0.08674207,0.14913905
13192,falling,0.03526095,0.056996536
13193,falling,0.036232147,0.015478165
13194,falling,0.02772438,0.012802555
13195,falling,0.02280034,0.004747832
13196,falling,0.02971659,0.01038836
13197,falling,0.02956455,0.0077108694
13198,stable,0.043276105,0.050826903
13199,stable,0.032224175,0.005645782
13200,stable,0.030273145,0.005082191
13201,stable,0.06812515,0.16193375
13202,stable,0.04157364,0.011181702
13203,rising,0.04318274,0.009702737
13204,rising,0.037064668,0.046722732
13205,rising,0.029794447,0.014777532
13206,rising,0.04505558,0.022326488
13207,rising,0.052570086,0.020326702
13208,rising,0.046077527,0.037672915
13209,rising,0.053971644,0.053375643
13210,stable,0.039587997,0.013256368
13211,stable,0.06266422,0.10406293
13212,stable,0.06557806,0.10798404
13213,stable,0.06721613,0.20186622
13214,stable,0.05786716,0.093300276
13215,stable,0.03769736,0.009970313
13216,falling,0.05428892,0.018082628
13217,falling,0.053219147,0.027876178
13218,falling,0.06456744,0.0115887085
13219,falling,0.05086856,0.011624701
13220,falling,0.06663372,0.017885307
13221,falling,0.064633235,0.009081955
13222,falling,0.07115744,0.012033068
13223,stable,0.078311674,0.011528792
13224,stable,0.094138175,0.090904124
13225,stable,0.07101808,0.014854784
13226,stable,0.07750407,0.020724919
13227,stable,0.071584366,0.03956952
13228,rising,0.05806119,0.027951982
13229,rising,0.051146746,0.015035716
13230,rising,0.042918332,0.046713624
13231,rising,0.04164278,0.0071073994
13232,rising,0.05130605,0.008520842
13233,rising,0.051267922,0.02749881
13234,stable,0.048435476,0.0151377
13235,stable,0.045252815,0.011842793
13236,stable,1.1864581,0.041760962
13237,stable,1.744189,0.153805
13238,stable,1.8260442,0.17015989
13239,stable,1.8861724,0.12146373
13240,stable,1.9725449,0.10799973
13241,stable,2.1763556,0.13126723
13242,falling,2.2157671,0.12265034
13243,falling,2.4338465,0.19853425
13244,falling,2.3915057,0.17365482
13245,falling,2.3459303,0.28733337
13246,stable,2.2385805,0.11739525
13247,stable,2.4320955,0.45868966
13248,spike,0.14259467,0.34504157
13249,spike,0.12508842,0.3126508
13250,spike,0.106233284,0.048225455
13251,spike,0.06265017,0.014224315
13252,spike,0.08988869,0.01675981
13253,spike,0.092165716,0.04539361
13254,spike,0.067125626,0.015380732
13255,spike,0.0746539,0.028537579
13256,spike,0.056976005,0.019057747
13257,spike,0.059905384,0.124711856
13258,spike,0.06871602,0.10426117
13259,falling,0.07351326,0.022997377
13260,falling,0.09178377,0.083120085
13261,falling,0.14410612,0.2516182
13262,falling,0.14743744,0.18709742
13263,falling,0.13190606,0.040459264
13264,falling,0.11899271,0.109396785
13265,falling,0.0832399,0.08230105
13266,falling,0.07002512,0.025438143
13267,falling,0.09951103,0.044575218
13268,falling,0.078092694,0.035088286
13269,falling,0.09518923,0.041401908
13270,stable,0.07170452,0.048419848
13271,stable,0.048172724,0.024510706
13272,stable,0.06448766,0.08014735
13273,stable,0.073015146,0.06814327
13274,stable,0.04442944,0.024724595
13275,stable,0.03392075,0.012817535
13276,rising,0.07393685,0.054782487
13277,rising,0.07469335,0.021488901
13278,rising,0.07113124,0.026538739
13279,rising,0.09159955,0.024313482
13280,rising,0.0721283,0.01656977
13281,rising,0.086778276,0.06671799
13282,stable,0.08061521,0.02168987
13283,stable,0.10250774,0.0965046
13284,stable,0.09263553,0.018181888
13285,stable,0.16096278,0.2940661
13286,stable,0.17000467,0.21498767
13287,stable,0.14473364,0.038181357
13288,falling,0.08412068,0.15110198
13289,falling,0.05627929,0.021593835
13290,falling,0.047820523,0.015181238
13291,falling,0.05778583,0.02230225
13292,falling,0.056413975,0.026207702
13293,falling,0.065366276,0.030395983
13294,stable,0.06916542,0.048710696
13295,stable,0.0695499,0.031250115
13296,stable,0.12052149,0.11132376
13297,stable,0.12111009,0.042607777
13298,stable,0.101557545,0.05473351
13299,rising,0.08834285,0.044267613
13300,rising,0.079088345,0.027520845
13301,rising,0.09548242,0.03271312
13302,rising,0.10266109,0.036556352
13303,rising,0.12090505,0.035274535
13304,rising,0.08057973,0.038929813
13305,rising,0.05212234,0.017206082
13306,stable,0.05618531,0.068639755
13307,stable,0.041533284,0.013600426
13308,stable,0.038338248,0.014942158
13309,stable,0.06469865,0.13061886
13310,stable,0.09584791,0.19852085
13311,stable,0.07513676,0.017033312
13312,falling,0.07060875,0.012464724
13313,stable,0.084986,0.059938595
13314,falling,0.041741293,0.014856708
13315,falling,0.043388624,0.010902013
13316,falling,0.06319753,0.010974712
13317,falling,0.055296287,0.01846591
13318,stable,0.058870982,0.009333883
13319,stable,0.06001639,0.011137217
13320,stable,0.06597344,0.00465116
13321,stable,0.09135768,0.11902523
13322,stable,0.13288213,0.16449887
13323,stable,0.09921094,0.12878172
13324,rising,0.06455406,0.010232654
13325,rising,0.06578988,0.0121415425
13326,rising,0.0676635,0.0077709598
13327,rising,0.0846657,0.016297929
13328,rising,0.06807558,0.029192924
13329,rising,0.06486151,0.023650933
13330,stable,0.06281175,0.009522676
13331,stable,0.06719952,0.018325575
13332,stable,0.10806206,0.11727621
13333,stable,0.11161414,0.3870997
13334,stable,0.04054258,0.030168073
13335,falling,0.038243834,0.08447013
13336,falling,0.057636704,0.091210306
13337,falling,0.09557919,0.028415892
13338,falling,0.07392907,0.021621501
13339,falling,0.077589616,0.022047812
13340,falling,0.074009635,0.022153191
13341,falling,0.09067789,0.033242885
13342,stable,0.111534186,0.022110661
13343,stable,0.11998673,0.047397863
13344,stable,0.12590124,0.042192962
13345,stable,0.108217254,0.046086982
13346,stable,0.1139346,0.03960952
13347,stable,0.12545656,0.031435132
13348,stable,0.10286943,0.023931192
13349,stable,0.08658705,0.03022083
13350,rising,0.08554714,0.025866501
13351,rising,0.039864752,0.0335921
13352,rising,0.035589695,0.012349643
13353,rising,0.059966676,0.08655814
13354,stable,0.05037272,0.032984093
13355,stable,0.07510225,0.08499879
13356,stable,0.057796374,0.024772085
13357,stable,0.07999382,0.14741133
13358,stable,0.0617919,0.045922827
13359,stable,0.058459915,0.016367633
13360,stable,0.07013878,0.095904
13361,falling,0.06508554,0.07043647
13362,falling,0.070296764,0.020401327
13363,falling,0.05887828,0.015811667
13364,falling,0.05634937,0.01003701
13365,falling,0.04162301,0.022903848
13366,falling,0.04341081,0.04185025
13367,stable,0.04156393,0.007116486
13368,stable,0.07995837,0.15017913
13369,stable,0.059027474,0.052741952
13370,stable,0.04225506,0.007761494
13371,rising,0.068692006,0.01397613
13372,rising,0.050429482,0.01956975
13373,rising,0.059005626,0.02262691
13374,rising,0.05177992,0.020596875
13375,rising,0.049693633,0.011438629
13376,rising,0.06841339,0.036324862
13377,rising,0.07705064,0.051003743
13378,rising,0.097038284,0.08615785
13379,stable,0.058488082,0.014962895
13380,stable,0.12434704,0.39549112
13381,stable,0.082167976,0.023759995
13382,stable,0.07043743,0.11021989
13383,falling,0.04803454,0.10044479
13384,falling,0.028632307,0.007921133
13385,falling,0.031627256,0.007781211
13386,falling,0.031771533,0.0089421775
13387,falling,0.03145727,0.01071047
13388,falling,0.028089073,0.050907567
13389,falling,0.01621047,0.0032356477
13390,stable,0.02975489,0.063579574
13391,stable,0.027804406,0.00657076
13392,stable,0.04608973,0.07231469
13393,stable,0.06012279,0.15661487
13394,stable,0.028548606,0.0055503207
13395,stable,0.040534396,0.010226468
13396,rising,0.04750169,0.013303488
13397,rising,0.05438215,0.020716544
13398,rising,0.049953684,0.015590397
13399,rising,0.04484445,0.014237466
13400,rising,0.05969853,0.034687456
13401,rising,0.046713494,0.011986503
13402,stable,0.07016599,0.0873087
13403,stable,0.11266223,0.13056491
13404,stable,0.082246386,0.22222164
13405,stable,0.04797935,0.02317006
13406,stable,0.031274803,0.008412609
13407,falling,0.031396654,0.013091676
13408,falling,0.036883097,0.03637915
13409,falling,0.02730006,0.010399121
13410,falling,0.05907195,0.016653132
13411,falling,0.05349364,0.016228382
13412,falling,0.03968276,0.010520943
13413,stable,0.04820528,0.020950222
13414,stable,0.057859544,0.042345308
13415,stable,0.067242496,0.041696977
13416,stable,0.048865307,0.01463903
13417,stable,0.06430959,0.10041335
13418,stable,0.049214415,0.01255756
13419,stable,0.04615445,0.016339242
13420,rising,0.05451533,0.035441294
13421,rising,0.048514187,0.029150965
13422,rising,0.034281,0.019564504
13423,rising,0.03247422,0.016259154
13424,rising,0.03755653,0.043250415
13425,stable,0.031240216,0.009663082
13426,stable,0.03529073,0.012379362
13427,stable,0.0603748,0.023423504
13428,stable,0.03310005,0.014003909
13429,stable,0.038159516,0.025142917
13430,stable,0.037185315,0.013491195
13431,stable,0.051817358,0.124947265
13432,falling,0.03201054,0.019436775
13433,falling,0.03233325,0.013790251
13434,falling,0.036295906,0.041021314
13435,falling,0.03200612,0.011757158
13436,falling,0.036989383,0.009598338
13437,falling,0.043322105,0.014459779
13438,stable,0.0579339,0.05708587
13439,stable,0.049660213,0.045253467
13440,stable,0.048480976,0.08978813
13441,stable,0.029633638,0.0075727114
13442,stable,0.027837848,0.0074730576
13443,stable,0.035970524,0.008216699
13444,rising,0.042133283,0.067078836
13445,rising,0.032680303,0.008137946
13446,rising,0.03301891,0.011153018
13447,rising,0.03750862,0.012556587
13448,stable,0.050648168,0.051425125
13449,rising,0.04569188,0.0248673
13450,stable,0.043671418,0.016794963
13451,stable,0.038766604,0.009709919
13452,stable,0.12094976,0.430089
13453,stable,0.049051683,0.017224528
13454,stable,0.04593853,0.03211233
13455,stable,0.05264351,0.026000256
13456,falling,0.0739591,0.023394015
13457,falling,0.08393945,0.05934148
13458,falling,0.100182444,0.031415008
13459,falling,0.07908918,0.022187533
13460,falling,0.07206314,0.021468198
13461,falling,0.061280116,0.017538577
13462,stable,0.076589435,0.040543366
13463,stable,0.052741725,0.012349299
13464,stable,0.051884197,0.010810591
13465,stable,0.07273658,0.11091141
13466,stable,0.07375024,0.007527854
13467,stable,0.0930283,0.11799666
13468,stable,0.07801838,0.019441005
13469,rising,0.0808197,0.08409671
13470,rising,0.06799662,0.04975121
13471,rising,0.05659844,0.03152216
13472,rising,0.05162611,0.011972723
13473,rising,0.0546692,0.04919965
13474,rising,0.066344954,0.022095712
13475,stable,0.061333694,0.017860072
13476,stable,0.117582165,0.13213156
13477,stable,0.051720604,0.017058033
13478,stable,0.063488506,0.10495557
13479,stable,0.061566927,0.14942536
13480,stable,0.06733847,0.09603552
13481,falling,0.050025865,0.037000295
13482,falling,0.036060195,0.010770819
13483,falling,0.045500997,0.006647582
13484,falling,0.045881137,0.010406606
13485,falling,0.06899411,0.068092465
13486,stable,0.031759754,0.012929436
13487,stable,0.04917313,0.06391353
13488,stable,0.029243372,0.012764675
13489,stable,0.053406887,0.13471489
13490,stable,0.024363345,0.008347398
13491,stable,0.05236857,0.11304107
13492,rising,0.05494324,0.04968177
13493,rising,0.05314006,0.07302527
13494,rising,0.041646276,0.013855872
13495,rising,0.042425778,0.011535526
13496,rising,0.036744103,0.0091267275
13497,stable,0.03961905,0.009103336
13498,stable,0.03692417,0.006926662
13499,stable,0.06578379,0.07638283
13500,stable,0.05118506,0.009710042
13501,stable,0.085815705,0.16567287
13502,stable,0.053613853,0.027600368
13503,falling,0.05927169,0.05348217
13504,stable,0.042502087,0.016805047
13505,falling,0.056346375,0.0801825
13506,falling,0.040695988,0.027948791
13507,falling,0.031358004,0.016752461
13508,falling,0.021225935,0.005756273
13509,falling,0.022155076,0.0078640105
13510,stable,0.03327363,0.009466812
13511,stable,0.024136104,0.02123479
13512,stable,0.04505456,0.14395738
13513,stable,0.051952913,0.14148694
13514,stable,0.032336816,0.008865331
13515,stable,0.05624286,0.10539244
13516,rising,0.04496987,0.013025317
13517,rising,0.042958144,0.046091326
13518,rising,0.03832669,0.015582624
13519,rising,0.037284296,0.0110431025
13520,rising,0.04581515,0.028145367
13521,rising,0.047444332,0.017557677
13522,rising,0.08843239,0.034892987
13523,stable,0.060339287,0.015743313
13524,stable,0.04430426,0.013093621
13525,stable,0.050214708,0.08660042
13526,stable,0.067835756,0.15458241
13527,stable,0.059093203,0.10606217
13528,falling,0.06219501,0.11967525
13529,falling,0.047037315,0.041890405
13530,falling,0.043007195,0.009571015
13531,falling,0.037488766,0.0077063576
13532,falling,0.035325516,0.007128517
13533,falling,0.04904895,0.029735293
13534,stable,0.07862456,0.08048065
13535,stable,0.05000099,0.06255223
13536,stable,0.05166712,0.013266617
13537,stable,0.052648854,0.11857153
13538,stable,0.02755425,0.009315308
13539,stable,0.030519854,0.010120178
13540,rising,0.038789112,0.01792399
13541,rising,0.038900837,0.01527809
13542,rising,0.051986966,0.020601649
13543,rising,0.04670849,0.01298938
13544,rising,0.047803346,0.014419962
13545,stable,0.046930302,0.011682932
13546,rising,0.02290674,0.005699
13547,stable,0.028989395,0.00862106
13548,stable,0.036578838,0.009173496
13549,stable,0.07646326,0.1085005
13550,stable,0.08221467,0.11105185
13551,stable,0.055931058,0.0348969
13552,stable,0.051995866,0.024291709
13553,falling,0.06018604,0.03022962
13554,falling,0.06021122,0.014214595
13555,falling,1.1053405,0.061610743
13556,falling,1.695193,0.09744821
13557,falling,1.9343255,0.114767656
13558,stable,2.0304654,0.08287327
13559,stable,2.1048017,0.09962878
13560,stable,2.2190382,0.116744325
13561,stable,2.2477262,0.11857564
13562,stable,2.2020652,0.08924503
13563,stable,2.2561274,0.47257295
13564,stable,2.3456566,0.4472016
13565,rising,2.3866782,0.27200818
13566,rising,2.3287122,0.1979056
13567,spike,0.110912845,0.10569637
13568,spike,0.06465639,0.04100396
13569,spike,0.045203432,0.031243173
13570,spike,0.06653396,0.10763634
13571,spike,0.08571033,0.14530472
13572,spike,0.059304245,0.037550263
13573,spike,0.03944292,0.019391173
13574,spike,0.07125713,0.15078294
13575,spike,0.030226763,0.029722305
13576,spike,0.056927986,0.074170135
13577,spike,0.04449391,0.02257915
13578,falling,0.045693953,0.027207024
13579,falling,0.04624463,0.015404859
13580,falling,0.048103247,0.013328892
13581,falling,0.06462363,0.03304388
13582,falling,0.060136914,0.014422979
13583,falling,0.08755428,0.04651543
13584,stable,0.05907212,0.09848872
13585,stable,0.04055872,0.010186884
13586,stable,0.07227164,0.108824044
13587,stable,0.041924763,0.014108909
13588,rising,0.036000993,0.025852501
13589,rising,0.031435408,0.012335795
13590,rising,0.036336824,0.01687368
13591,rising,0.031507093,0.012633632
13592,rising,0.030760642,0.009203857
13593,rising,0.035350315,0.031363096
13594,stable,0.04193873,0.044784695
13595,stable,0.027070643,0.004668667
13596,stable,0.07030582,0.21960874
13597,stable,0.033469614,0.0075786393
13598,stable,0.081302546,0.23015967
13599,falling,0.05692519,0.11139207
13600,falling,0.035613064,0.01034769
13601,falling,0.04342756,0.04642206
13602,falling,0.042505182,0.029203026
13603,falling,0.041763376,0.008986463
13604,falling,0.047941037,0.032069482
13605,falling,0.04806677,0.014949966
13606,stable,0.059353374,0.107234426
13607,stable,0.04313841,0.015453033
13608,stable,0.07530481,0.13602251
13609,stable,0.060695894,0.009810256
13610,stable,0.0678965,0.013346136
13611,stable,0.06492348,0.013785037
13612,rising,0.081909925,0.077438235
13613,rising,0.05777955,0.0100587
13614,rising,0.05540091,0.0476457
13615,rising,0.046745323,0.0075475024
13616,rising,0.065013506,0.008066541
13617,rising,0.059930768,0.017090864
13618,rising,0.07116876,0.05874003
13619,stable,0.07805777,0.06090636
13620,stable,0.15050636,0.25670722
13621,stable,0.07699912,0.058194704
13622,stable,0.10352229,0.04191606
13623,stable,0.06665079,0.028205577
13624,falling,0.07399691,0.039758332
13625,falling,0.07187801,0.0229385
13626,falling,0.05578978,0.018486599
13627,falling,0.039150216,0.02047465
13628,falling,0.03312732,0.012088005
13629,falling,0.04398433,0.045958977
13630,stable,0.04911016,0.08032007
13631,stable,0.029639605,0.006616233
13632,stable,0.031207474,0.010169268
13633,stable,0.06680027,0.17370465
13634,stable,0.051467195,0.118244514
13635,stable,0.041427545,0.008590883
13636,rising,0.046337057,0.06451129
13637,rising,0.05352793,0.052690476
13638,rising,0.040434115,0.0139885275
13639,rising,0.039601557,0.008642413
13640,rising,0.036676116,0.0076348293
13641,rising,0.047212545,0.025972657
13642,stable,0.04072745,0.015519391
13643,stable,0.046647605,0.004238207
13644,stable,0.059642006,0.050252408
13645,stable,0.055084057,0.015335846
13646,stable,0.058761492,0.012148395
13647,stable,0.07410138,0.03725009
13648,falling,0.063581124,0.06574155
13649,falling,0.050125852,0.009979097
13650,falling,0.049625482,0.010447805
13651,falling,0.050380774,0.010578005
13652,falling,0.0620318,0.014558718
13653,falling,0.06939316,0.01397961
13654,stable,0.08422352,0.017637419
13655,stable,0.09518882,0.18052104
13656,stable,0.07932897,0.14643186
13657,stable,0.054035928,0.017236196
13658,stable,0.050279677,0.029825443
13659,rising,0.041183047,0.007094932
13660,rising,0.06023287,0.07874055
13661,rising,0.04281869,0.024609378
13662,rising,0.04358695,0.015337218
13663,rising,0.07558969,0.08382506
13664,rising,0.04125748,0.009299841
13665,rising,0.037088815,0.019368099
13666,stable,0.024673807,0.008627273
13667,stable,0.047426205,0.015337724
13668,stable,0.04387778,0.011855788
13669,stable,0.05215149,0.023720957
13670,stable,0.05548345,0.07791941
13671,stable,0.05478758,0.041463
13672,falling,0.05649597,0.020388056
13673,falling,0.055105224,0.017524613
13674,falling,0.055403534,0.009212627
13675,falling,0.044935502,0.009223931
13676,falling,0.048299655,0.02442166
13677,falling,0.04810473,0.007163071
13678,stable,0.08037677,0.13968316
13679,stable,0.060774922,0.034685947
13680,stable,0.068197794,0.0542184
13681,stable,0.075841166,0.07679064
13682,stable,0.0763149,0.16127624
13683,stable,0.07152203,0.123296626
13684,rising,0.06271763,0.08809631
13685,rising,0.061121758,0.014016456
13686,rising,0.044219013,0.043383628
13687,rising,0.046800878,0.015580545
13688,rising,0.045140248,0.013411709
13689,rising,0.06651286,0.019123124
13690,stable,0.084970504,0.032478057
13691,stable,0.053759735,0.044230867
13692,stable,0.048328448,0.050469313
13693,stable,0.063373774,0.035062462
13694,stable,0.057205025,0.08168636
13695,stable,0.058624256,0.03803516
13696,stable,0.10035049,0.034652032
13697,falling,0.080732055,0.03845166
13698,falling,0.075055145,0.011039209
13699,falling,0.066096425,0.006302003
13700,falling,0.08077783,0.09049908
13701,falling,0.06475548,0.007391729
13702,stable,0.067598775,0.025851322
13703,stable,0.0834489,0.10732205
13704,stable,0.064828224,0.007301426
13705,stable,0.07569758,0.01863737
13706,stable,0.09764557,0.11442919
13707,rising,0.08073695,0.02079531
13708,stable,0.049562775,0.04924967
13709,rising,0.026006043,0.04993625
13710,rising,0.019977279,0.017185943
13711,rising,0.022777233,0.017478567
13712,rising,0.01868587,0.008315406
13713,rising,0.037062127,0.017786372
13714,stable,0.0365126,0.02772468
13715,stable,0.04076395,0.012053236
13716,stable,0.04739744,0.040289998
13717,stable,0.05974227,0.032387864
13718,stable,0.06827172,0.06247677
13719,stable,0.05546365,0.00537926
13720,falling,0.06995598,0.01244593
13721,falling,0.06966799,0.01722317
13722,falling,0.06605378,0.013055712
13723,falling,0.058477152,0.0058831037
13724,falling,0.06533658,0.026389215
13725,stable,0.075156435,0.072714396
13726,stable,0.07499946,0.014477816
13727,stable,0.098490864,0.027456217
13728,stable,0.106837675,0.23888147
13729,stable,0.05623367,0.025736146
13730,stable,0.049243968,0.08008027
13731,stable,0.06422075,0.07617867
13732,rising,0.046003982,0.013081819
13733,rising,0.040515963,0.020892348
13734,rising,0.03000446,0.012567331
13735,rising,0.03179323,0.010875138
13736,rising,0.033948075,0.014878367
13737,stable,0.037226208,0.03560189
13738,stable,0.048022993,0.011727487
13739,stable,0.07699928,0.07694335
13740,stable,0.10326286,0.103327915
13741,stable,0.11192532,0.049872626
13742,stable,0.09747255,0.015774269
13743,falling,0.10696527,0.031793103
13744,falling,0.08058473,0.011890735
13745,falling,0.09040318,0.024793899
13746,falling,0.07996467,0.009455302
13747,falling,0.088754624,0.011303485
13748,falling,0.082398675,0.016288139
13749,stable,0.08998873,0.06629061
13750,stable,0.09040848,0.040411547
13751,stable,0.104545034,0.052776664
13752,stable,0.030786604,0.017583825
13753,stable,0.026791178,0.024924552
13754,stable,0.05430642,0.21496633
13755,stable,0.02145629,0.006048991
13756,rising,0.02954655,0.049551483
13757,rising,0.0257094,0.009857465
13758,rising,0.022633852,0.008149645
13759,rising,0.024704844,0.009410898
13760,rising,0.030003672,0.009049459
13761,stable,0.043815594,0.037195362
13762,stable,0.04400391,0.07951214
13763,stable,0.033055373,0.004956017
13764,stable,0.047525454,0.01228577
13765,stable,0.10497889,0.1334368
13766,stable,0.072404824,0.016259417
13767,stable,0.0723535,0.015238912
13768,falling,0.066355206,0.03181563
13769,falling,0.06395056,0.023461487
13770,falling,0.05786574,0.0090874955
13771,falling,0.066658385,0.0114734825
13772,falling,0.06675402,0.01594672
13773,falling,0.057895895,0.011039792
13774,stable,0.07786704,0.029982181
13775,stable,0.09549496,0.18692352
13776,stable,0.07647536,0.021013435
13777,stable,0.054809034,0.018111207
13778,stable,0.105980285,0.22693036
13779,stable,0.050210908,0.01124635
13780,rising,0.057492442,0.014061896
13781,rising,0.05887014,0.038959745
13782,rising,0.061794803,0.064385
13783,rising,0.06825332,0.015577211
13784,rising,0.07655285,0.014074682
13785,rising,0.07699169,0.026696429
13786,stable,0.09193517,0.0314019
13787,stable,0.07458923,0.10947205
13788,stable,0.071403466,0.128675
13789,stable,0.11285286,0.16237138
13790,stable,0.04941244,0.018218955
13791,stable,0.050722327,0.020970996
13792,falling,0.06262485,0.060480963
13793,falling,0.05054846,0.018699668
13794,falling,0.039151315,0.0124840615
13795,falling,0.0318465,0.013387029
13796,falling,0.03186851,0.014087143
13797,falling,0.032772016,0.013946582
13798,stable,0.023260714,0.010150139
13799,stable,0.07368476,0.26612365
13800,stable,0.050190765,0.14080806
13801,stable,0.053102437,0.14591728
13802,stable,0.02635332,0.008699378
13803,stable,0.026848715,0.007971705
13804,rising,0.040626127,0.0620609
13805,rising,0.021692393,0.00689614
13806,rising,0.032837883,0.035672955
13807,rising,0.037007872,0.025411177
13808,rising,0.0348212,0.01390411
13809,rising,0.03661211,0.016052892
13810,stable,0.051211543,0.012625259
13811,stable,0.031132037,0.012086431
13812,stable,0.026488414,0.023894569
13813,stable,0.021463754,0.006323432
13814,stable,0.025921555,0.013137191
13815,stable,0.026328746,0.009792123
13816,falling,0.03801645,0.020242462
13817,falling,0.03422887,0.010208742
13818,falling,0.024578545,0.005107109
13819,falling,0.032644257,0.04602677
13820,falling,0.027893148,0.009487551
13821,stable,0.04460136,0.092725635
13822,stable,0.034722146,0.04243341
13823,stable,0.048768323,0.10103133
13824,stable,0.035554174,0.010724064
13825,stable,0.041826226,0.01060921
13826,stable,0.032721408,0.0059290086
13827,stable,0.061253846,0.15517393
13828,rising,0.084187046,0.013642105
13829,rising,0.06596065,0.009663662
13830,rising,0.07561418,0.03949974
13831,rising,0.076292746,0.057679765
13832,rising,0.06691385,0.008454273
13833,rising,0.063903175,0.013398402
13834,stable,0.066336304,0.03669218
13835,stable,0.07797853,0.098591514
13836,stable,0.08918554,0.08601455
13837,stable,0.06758089,0.024307203
13838,stable,0.069692455,0.017936194
13839,stable,0.084060654,0.08170307
13840,falling,0.0674109,0.044776466
13841,falling,0.037082367,0.010723124
13842,falling,0.041350093,0.019428791
13843,falling,0.034458317,0.013879164
13844,falling,0.041452967,0.00928966
13845,falling,0.056072034,0.031044563
13846,stable,0.038850065,0.0065880693
13847,stable,0.046949103,0.016207334
13848,stable,0.035846107,0.010836877
13849,stable,0.041830726,0.006090849
13850,stable,0.05366032,0.05178803
13851,rising,0.04447909,0.008836308
13852,rising,0.05586848,0.0482457
13853,rising,0.036387656,0.007426711
13854,rising,0.053129006,0.01567548
13855,rising,0.049441457,0.012796521
13856,rising,0.05815412,0.022472145
13857,rising,0.074405,0.030163737
13858,stable,0.056553785,0.032177787
13859,stable,0.047010574,0.0072615417
13860,stable,0.06952619,0.10712925
13861,stable,0.06262446,0.082344115
13862,stable,0.048821215,0.007334242
13863,stable,0.048424102,0.01016401
13864,falling,0.04876936,0.013569701
13865,falling,0.052603517,0.025510672
13866,falling,0.04926141,0.028159207
13867,falling,0.024987344,0.005911468
13868,falling,0.029417755,0.0076229023
13869,falling,0.06365738,0.20051555
13870,stable,0.041259553,0.060078137
13871,stable,0.025599448,0.005617447
13872,stable,0.04733677,0.10733632
13873,stable,0.05026253,0.056557897
13874,stable,0.036892578,0.094730645
13875,stable,0.045185525,0.13220645
13876,rising,0.022040812,0.008133835
13877,rising,0.023251563,0.01703508
13878,rising,0.022939121,0.008976949
13879,rising,0.020832093,0.0074702064
13880,rising,0.023695769,0.0084006265
13881,stable,0.026002951,0.018026447
13882,stable,0.033182453,0.016198752
13883,stable,0.024193244,0.010013591
13884,stable,0.05081491,0.117350586
13885,stable,0.036857717,0.014882285
13886,stable,0.07465651,0.11650941
13887,falling,0.078568436,0.023784136
13888,stable,0.094248086,0.08912095
13889,falling,0.078566566,0.021815823
13890,falling,0.05794094,0.020795671
13891,falling,0.058575977,0.029697753
13892,falling,0.068693,0.028342754
13893,stable,0.08394434,0.023009246
13894,stable,0.092443146,0.05025272
13895,stable,0.036957398,0.009876147
13896,stable,0.042412177,0.0092368
13897,stable,0.05012162,0.014573818
13898,stable,0.057954684,0.02227996
13899,stable,0.09777281,0.15609983
13900,stable,0.09670482,0.10152122
13901,rising,0.07494082,0.03478739
13902,rising,0.07739295,0.02244021
13903,rising,0.08058669,0.023414262
13904,rising,0.069843195,0.024941443
13905,rising,0.070244215,0.060471646
13906,stable,0.036561243,0.010138368
13907,stable,0.074243456,0.11696082
13908,stable,0.07460631,0.13338071
13909,stable,0.03682947,0.020222424
13910,stable,0.06502626,0.058880236
13911,stable,0.102175094,0.1323516
13912,falling,0.06495217,0.032776102
13913,falling,0.05499659,0.023179397
13914,falling,0.061711308,0.01860124
13915,falling,0.05856961,0.018249761
13916,falling,0.09249643,0.024465531
13917,falling,0.1026425,0.024000697
13918,stable,0.08537353,0.022879722
13919,stable,0.08713641,0.06275309
13920,stable,0.10767711,0.014252058
13921,stable,0.10250414,0.026622046
13922,stable,0.12145955,0.14220075
13923,stable,0.0796084,0.031542696
13924,rising,0.096443124,0.021641228
13925,rising,0.08926787,0.017623972
13926,rising,0.11303648,0.028856482
13927,rising,0.09256682,0.017539758
13928,rising,0.0790951,0.030798558
13929,rising,0.10381545,0.06936897
13930,rising,0.118256934,0.020073226
13931,stable,0.11221319,0.04206002
13932,stable,0.08072973,0.04852734
13933,stable,0.08464728,0.057800416
13934,stable,0.1043785,0.017771391
13935,falling,0.08689614,0.060119838
13936,falling,0.047858242,0.021278277
13937,falling,0.061884265,0.013677002
13938,falling,0.022680579,0.0071871863
13939,falling,0.022021413,0.004130985
13940,falling,0.04409118,0.11803347
13941,falling,0.030680666,0.01975746
13942,stable,0.04102436,0.11976437
13943,stable,0.039158825,0.013606089
13944,stable,0.06299373,0.09671244
13945,stable,0.05558121,0.19329546
13946,stable,0.02725739,0.015372895
13947,rising,0.02206051,0.0057563316
13948,stable,0.040673476,0.09466424
13949,rising,0.021880822,0.0047271834
13950,rising,0.025980521,0.0055725356
13951,rising,0.026546499,0.0061250315
13952,rising,0.03094055,0.018506464
13953,rising,0.040282983,0.05765161
13954,stable,0.059787527,0.1342039
13955,stable,0.047673,0.014922565
13956,stable,0.04465205,0.118195854
13957,stable,0.04044325,0.12085686
